{"version":11,"hash":{"type":"Buffer","data":"avp8/rg/YRYfj1Nd27z8TTQmiFYdcxhk1wD8Z2/gmAAhM/RjvavJaBDkQewY3RVb4JskvUSw/PukX7RWGZf/V7qDT7UQMOgxZMAaBL/0cHvtuE6ryvAQbLg0XrqCDe3CjJz2MSK9xjPGv0zH58wujFoojkDWarxpdk0hWPhr+3w="},"indexValueMap":{"ARl2GHZFl8wln2j7NYKBOnfEMYLKk9wvt2dTOv2eMIA=":{"valueMac":{"type":"Buffer","data":"LvWByqxJOxyEn3vWqDRkykDt0P7e3Lb9ffn6k2gVs0g="}},"AhxqJ78VqdRTdQnw1WlUMK8I4Zf+xwuZv0T+xFE/qEc=":{"valueMac":{"type":"Buffer","data":"lVD1HZUflBb5SepBDPP6wVwL/DTpV3IKuwLTZqk3Tk4="}},"CbQ2AcNnNN63QKI00IJ2hQhbZrAxqLf1k44k7G+FKpU=":{"valueMac":{"type":"Buffer","data":"ovL6FAMrbDvlUUcQHpNtC9V9LJFHpHmhFHo2a3L8TTU="}},"ClgOfXtUr6x60UCfqGMrc8bGmMFU3zAg1Z8hgmulzWw=":{"valueMac":{"type":"Buffer","data":"w3k8PxFE40sJDImbdpbQrQuUC0ONokDe5z85ZN3WsMs="}},"GOLtwl6TTDvVp57nuTkefhcmTlP4wWh7LraHQ7hnHGM=":{"valueMac":{"type":"Buffer","data":"WMhiYvlQ1eYEgPBQi+g2sNDZ0RfNwdkeI2oe9xPrDxI="}},"IKSnNah37gpW0zk0w7mBB9lpfqXbPh8aGisQktZKGTU=":{"valueMac":{"type":"Buffer","data":"qI7yLelX9qTwJwEnB9fTYTXJXsU95R9LqQxvg32arz8="}},"Il2mKYe6hoFo31LZnijpO5dTx3SyVWHJA9Jest3qIS8=":{"valueMac":{"type":"Buffer","data":"RwNWGitvbJS1KG1TpDkX5Q2iP8lessrEVn9mS8NG354="}},"JBZ4dn8Rm4DtLL/DetWomwcBwaI6hPHnfF1xGJ8a+0k=":{"valueMac":{"type":"Buffer","data":"P72A6NgZuo2d7aPCMtYgcU5zeeE/A0/y+hvvFQdlfMI="}},"LLIoKESfdUmXlZXi3GuiwukD8+OIWKdg3EzbtFZL/VE=":{"valueMac":{"type":"Buffer","data":"xArbPCI/7eL6tX5Bp3PedzAHw3EEuWmq4QhaDyw3pew="}},"LY5mbg++WAwSVqsOUd8zPesrfwFaVOFTELu3jkZFQzw=":{"valueMac":{"type":"Buffer","data":"V3NmMg2GtxCJa5aowdqvU8K62/hTuAhlcX0aktxiNnM="}},"LoPofSQ0b9D0+2+2rVtb+ZTH1Xou38WiGoQG1Gz5Z3w=":{"valueMac":{"type":"Buffer","data":"sU8HM1/5PJXZPYPVC7qTaUBqXiPY5xToLwILUzvTPcI="}},"MGm+KaTLFm7pW/GZ118KGQ3krFlGPGxr4wPvufxs7cs=":{"valueMac":{"type":"Buffer","data":"Lh0937Ia6ou0dY+YHzdjBS5xiD/Vii8LR6rAxVMv1hY="}},"MT2bycYNPt1Trl3wja68wLvxFrh6NOBOrqqRlhm1d/Y=":{"valueMac":{"type":"Buffer","data":"0p9Qq1w5wvYDXtmPSxIntWIxBZ9z2dAvVlDoPFF043E="}},"MplNGoWPjd4fobKiCGJ/jsa4n5BIgpMF4RsEWOVz09Y=":{"valueMac":{"type":"Buffer","data":"N1jbmtM1FDu26mYEuNjnLlNo7MBgVU8p0eaTbRcpm+g="}},"M+EVYaGgvj+1NjASwgmXwsQE87UbTz8uhq3fn//64aE=":{"valueMac":{"type":"Buffer","data":"sGdhzwyQ74oIybP2Z7jNX2MiODhx/5hSiekiwCFSWKE="}},"NQ7HgjUqkapuJ1HlHsJWqmnIDcR068zvY29uwM4lAws=":{"valueMac":{"type":"Buffer","data":"sB0NBP6D/3E6F9kYxgLWVPcYXKhoEQlIwSouOAyLHBo="}},"Nfbyvbe+1wYERitl/X/907yBzxj9tEf4dZtgnktxUt0=":{"valueMac":{"type":"Buffer","data":"c35DLadFqYzchj1k6F4bHWkmbS9bsvP7JoSak9nRyEg="}},"NoORGuSWXS3YXxJlsn+UrEshWXKt7IrgRr/eB8JO1zE=":{"valueMac":{"type":"Buffer","data":"RGAWoJOpxmb6K0xbZqnwbnlM4WuEx5x+2JAGjyGkpn4="}},"OCmF9BcIBdRYos9T3nB4VP9hMUG4I7rkQoCWXPazYqc=":{"valueMac":{"type":"Buffer","data":"wyuNJIbL3nb49XhlEXbkClcHmnJzWaC18MNNJrHxF2s="}},"ODU8yozM9qEEL40ULtY/8o2UIMDr+QcZvXbrnfilZQ8=":{"valueMac":{"type":"Buffer","data":"6txqgiJ/pKI+cBSIYjAoF1noN5+6mAVlvQKR9hpXoRc="}},"ONk9BP7r1B+NeQB8D8S8Wk9kU7b8txJxMF4nKrmXj2M=":{"valueMac":{"type":"Buffer","data":"zmsdnHSFkq58lqdNQbrnyQQ94I/GRCCX9zLJqI/UGoo="}},"PNI0am9pYFwiM59CT85e1sN+1NUUO8R9Df0sk1Z45sc=":{"valueMac":{"type":"Buffer","data":"1//kEqyLuZD5KcqAiB8YklnhmCnpmEay6ciASDCMjFY="}},"PTO/CsEBYdPHMJC7rg+oJjBEjXAnbIBEq5jf1O99WD4=":{"valueMac":{"type":"Buffer","data":"iQ8Bbg1YjbbzkyfAU68b1qn4ruv59gdkIjOBApVDEzk="}},"SAOCdEJ0Th/JSod7Mw1k6DFrs6GDZ2V9wdCyPPa7WXg=":{"valueMac":{"type":"Buffer","data":"IJS5G2q76ADWTNOK/7YiltFtrQHntGL6OSY2R/U+YRA="}},"SShXIg7fRtzEa2yened+tGA4L3t8aX6XlgGoSnBQUB4=":{"valueMac":{"type":"Buffer","data":"RW//Zk4Lgh5/8zrh6YjnCd/j6wZ0Lwft6rhRQimvZVY="}},"SeOMwf6JyRkbJ6sGRvuqSnfrmxXCvEXG7LxGzZNCmd4=":{"valueMac":{"type":"Buffer","data":"RcjZPW+6xAr0aDdQobd9Vr7uYwY7bDmz79TO/4gRGtw="}},"SgRwKVIC9mnn5kc/+3UMAl4o49u6550VRLd/OTufLZ8=":{"valueMac":{"type":"Buffer","data":"QY1kdSfVKgkxFqfO6v8dumOMTtuMoUIAst9LV7zB5Us="}},"WOlo2MMYGVZVyJnAurSpA+nkoO3ll6si6wL0sIzJrDE=":{"valueMac":{"type":"Buffer","data":"8Mwi76Pa+ir/Cx0ffFzP+yKcsNfaFeurwak2s/uJN9E="}},"We5DMdCvK47FBGVBPVsRZYX+KqmWWKxVOy1IH+zeHgE=":{"valueMac":{"type":"Buffer","data":"bOuQgzhfQr68oGeC9hUsl2t6RHzBehBBcLBLzZ2eXpw="}},"XlVm8dUf63wMSGmK3k7BgxQEGrdv6nhhXdhDHmT0oek=":{"valueMac":{"type":"Buffer","data":"wkmApAV0swcWGoHW325s7CmlG7nrWb5ZttHhO+Cw5Ww="}},"YpSPcAfq3p6W3Wmz8xZCDSQT8eZB/Ulgb4MZB4uakrk=":{"valueMac":{"type":"Buffer","data":"uZ4+iuvMemtTnvZtG3brpdDt5ALDr1rii9gewX/4+FQ="}},"aJyNAbVb6+//gFtkJmyP5/SojrV+LG8Us9BW4KXzTSU=":{"valueMac":{"type":"Buffer","data":"D7GTn3FtJpohriYp94v5sf7e6MhS6iJbGWT+eoW03Vo="}},"bQC2PFiWnmvuk/ZA+sOUz+32WNRMvxTDZysgZh0q6CM=":{"valueMac":{"type":"Buffer","data":"6OmF7reTVhAH2CqVYG4W1+SEu60r2vS9zgM0CQD/62o="}},"dxYMUJo0xGKPDsh9AEnAE/CX5Sp5j0KXOIHJzBR9Wx0=":{"valueMac":{"type":"Buffer","data":"xiTjMkwP4MZCgaJaFDidA3+3N7GcSs8LLC8Mq/ptBe0="}},"flIANP5ZcQNommzeCusemsI0+rJXc/ao49OL/0b13+E=":{"valueMac":{"type":"Buffer","data":"qKA2x0bieUm5N9gRgLniJO+uirUezlRoc4vwyILqKHY="}},"hjVDQWtAoa1f4evNBVFdtO+TieQN/OxDif96NOoAE5c=":{"valueMac":{"type":"Buffer","data":"KuKxHyyTKonw3mPYMuD0jgiQBS4rjwOxS5OrxNq2Qf8="}},"hkLzIU1nPDQU8TpJm0EmNtbJEXxXJy90JcKZLQBubQw=":{"valueMac":{"type":"Buffer","data":"KPa3zdqDWL2w8fZT9qFiyeLwCvUjDIBq+f+WYgBLmBg="}},"hvy1gI/qQpeQktrkKbCBZ6ROA05yJn15qcGykXC2u9o=":{"valueMac":{"type":"Buffer","data":"bZLmzqNayzei6Q0/uDpi7fKVYHUQQ71rNBeYN+W4+f4="}},"jobQZUoqz6T+39fIMXkws81UM2aLiolXerTTSfEJ4xQ=":{"valueMac":{"type":"Buffer","data":"/uua3RmlpeS6KSKOX2ejoqX9N8WHmPnWdgDvHHu00Qc="}},"kNw0Dt+t/yoY7hwWbvnJrLbJLCKFkguGKMTX6kHTxUo=":{"valueMac":{"type":"Buffer","data":"pkS2q0zc/lupNNdOn3Yalb+1JYzF0QJjHpGvwuMpmnA="}},"kitx2D2oZVqRJdoH7WMRAu52ctbvoYrJYOYAq+Rg8Zc=":{"valueMac":{"type":"Buffer","data":"fvIQghZu0dz03IpnKorfQ9UvbaE/SMx08qbsGjKhYLg="}},"lIVcFjaSIAFc6rkxwY0nGSkuqRcY/GDIGdb9rJ2G8Pc=":{"valueMac":{"type":"Buffer","data":"gcoli9iS+Hpmet1eFaOy53hMQW6MmMoP5SPof3IQEUM="}},"meJouDX9xR13jKyex8Gcdy3I1jG5eIiI11OS6triGFI=":{"valueMac":{"type":"Buffer","data":"jYrjmRPTO8PmjfCnAz8L9SdbJ5hSfOB9auUbUKAMNZA="}},"nuRGYzntr5MQsMSEE00t8YnlDEiAzCxmlE/Z4JmlaME=":{"valueMac":{"type":"Buffer","data":"IQcjDpMbeoXP5712cWxWTNSWP5Nou8Kn7klhn234vyU="}},"oQfApIaAufi/5FzyLWSfWGkkinCOsZ2T0zyVXfjCb2M=":{"valueMac":{"type":"Buffer","data":"EgqN0x+k+vfqLO+M6OK+kDmrjqwZscTjcppt4WXp9Yc="}},"oipURYQbF2HQwat1WRcfqTc6wcc2wsOPY4rlTz8cF3U=":{"valueMac":{"type":"Buffer","data":"SX3NJFm9YHXRJulZQVlikrpxsIQBPhwWqtyg5kTBaAM="}},"pNMGgHadNFh4xCvNilhzOq4EPmK3md51WhZCt1Qlp3w=":{"valueMac":{"type":"Buffer","data":"YjUZX2uYAj+dU22EBkTB3q2t+Pt5SzimQq9avJE1h1M="}},"ptABrNUWroID8EL74bC9S+vo+7T+G730yMv2qvsgzzk=":{"valueMac":{"type":"Buffer","data":"GuuE+9dGS6RyyHEf3AzMcBTWVjeyLnHNRlRpLWBwXKQ="}},"p4erDZGNugUI3Ia6WmCK+5KzS/ApCyJTAQd0VQXeYI8=":{"valueMac":{"type":"Buffer","data":"igjDcQZ9HwGywQQqbOnIDUawC5tUm7DaWXgXKmrw0pE="}},"qCgPZVHSqWoNHnTA1siYhzzgbPzwThpt5U3/i5UzcWY=":{"valueMac":{"type":"Buffer","data":"3JWQB7q83F5zJPBOKLIIn1PatJ1JtQE6dXkanrz2OsA="}},"sjWH1pzdZ95523KHkeTp1WXzeWHXn/UMs1f6mmOobO4=":{"valueMac":{"type":"Buffer","data":"De2ZTbaqW8DwRFR322SveFprMNdIpZGKzZVWOER9/Qo="}},"sm3pG/bD965fCpEyCAZ9diZ+IZm6hZWicXCbbCl+HKI=":{"valueMac":{"type":"Buffer","data":"TMaJBdhRyJjOdk4m53MJCqB79YjYu3LTUFlhYpN3fzs="}},"svWsgiDmHccPm4uOt9Rre5KOaXQvk/ZqvRhNfRv4P9E=":{"valueMac":{"type":"Buffer","data":"+dikdTFLcS041ELXOz6EypcYMkSzs+OBrh3la/f/nUQ="}},"tHythVVckdEs6kEbMWJFVS9TVfdUhWAyUzzdd38gMwc=":{"valueMac":{"type":"Buffer","data":"GfOOGYjrHxrFHTzR1qpaLhx7RmE+b4ER9zvGb1KdUmc="}},"uBnE2Qz9jkbmKjX073V2zeR98cnZMyxQBTWlYLZB3GM=":{"valueMac":{"type":"Buffer","data":"eK3oyuiKHiVhNei36CaOVHAnUw3UGP2BrYO8fTAaKqk="}},"wW/S8C+uphBO7F69dnCk5ehxezqbbPMEgZ9ehJ/4ZNA=":{"valueMac":{"type":"Buffer","data":"eqUtrAX8XVPTjrzlzasHda1e76WLb0USksVUPNUSnsk="}},"z1bovZizavpI71tL/cxDnBUkTIEqqEZHVLrwA+sHtus=":{"valueMac":{"type":"Buffer","data":"bvowIxcHaNDmiBhkX8LAqorN008Vckt+c18vvzSpvKI="}},"03F0P9oDmb3oiXnBMHfpNnUfDCoRqonKKoymigBdgHM=":{"valueMac":{"type":"Buffer","data":"K8YgBLvREYZR+Kt6Y6RDW+nN69nDNIPZARhBEaEX1Xo="}},"1tO+Yc/JKQDizPeUbVnCe9T9DyojJzY6nc/KFQUIez4=":{"valueMac":{"type":"Buffer","data":"7UZSpUHLC2nxaF4zECbsUHUcpASMdW5ypqJsuBpLUDA="}},"2O48m6zIIVUehaPfZR548QhGpKSA4eNB/esLSTA8r4I=":{"valueMac":{"type":"Buffer","data":"2bgafe95QogJ1ADIRIZAV6FEZzk91lPxCqwYoCk3oF4="}},"26wjJ7CssOSygNymcEEEGXiE81f9y1xcMJKq5FZOHZU=":{"valueMac":{"type":"Buffer","data":"sfPZcu6SUV3vXcGKM+9TMZ5x9JVT1VzPL5qwWIH9o48="}},"3zPG53Y8DUmrkoGXFayr41eLxbqOyJW/JA9NYkb8rsQ=":{"valueMac":{"type":"Buffer","data":"MAMDx4+vBam0j3aWJ72H28rm1ISVIBABGkQ/pMhwnvs="}},"386KM6vZomf0A7yLekweYvjQ7e0iMWtLQXYDbjGd3fU=":{"valueMac":{"type":"Buffer","data":"iCxXCwMRVuhLUTzGcRfMZpBrS9EeL1Ad+w4ibJcIKoI="}},"4nQvVXWOjHnALUZDTV+F/ZAtnvqx5uxw7u/7HbxS74E=":{"valueMac":{"type":"Buffer","data":"oRDt8jOfVXjLrxKLoSpYAAwlEMhSZQwzIn3UZuRSB8U="}},"5FF62sacLXaVOsmWPFPJ8jrOvsCYMmzEFStWcIgHun8=":{"valueMac":{"type":"Buffer","data":"g5HL9w2DwW01sROmN6BFbYzNcshnlyMb5UgHYteWhHw="}},"6xPt+rW0Fwz1iMZNnstI5bZL35of+B6L0ec4E2REQ48=":{"valueMac":{"type":"Buffer","data":"G0fBHO+AErZPtQLp7xu9sCLKlsKqZOvYUxpD1ihZSt4="}},"7AMxnoOhDdq9Xdx5fFzcob89lsg1bJ4TS3g+Ux4KfgQ=":{"valueMac":{"type":"Buffer","data":"pya05c2vJBR+pyqJ8TFi9O0fJHj1LGqg3eA+rjJYL/4="}},"80wwVSRwWuVy1v1RmqBTA48VfQ+JOWm1UXidQuipYrs=":{"valueMac":{"type":"Buffer","data":"CSmrjjTsYjGGi4LUnglHCEtxQwo0OZRovzadlOSUzYI="}},"9G5JOgmv6aa96G0T/zkClFz4uIB+11BFCCfU/mDKVr0=":{"valueMac":{"type":"Buffer","data":"45YxxMDO7FS9xVU04MvChe22nEu0mA8KWVbVPzYljJU="}},"9L1slaXo2/PYts1ivbUY8QcRedxKcbNHuIE707JEqzs=":{"valueMac":{"type":"Buffer","data":"TXcPIrzirHeW35EoAV1pfCL0k7K1iAqT4B/jCzFzRoE="}},"9fC6ZqY9aS9kL/Q5rTMp+n52ijNzKGPNP1ENdSCUQYU=":{"valueMac":{"type":"Buffer","data":"2scEpj36n1M6R2dT9OLxKBCd6m1kjl51jv0CnSmEwQo="}},"+UgpPg4Mo69qtvSy71toqTHklfyRglHWPWbJxCnh+NY=":{"valueMac":{"type":"Buffer","data":"iaSAePb7ugY+XtcetE9YqYpTSVtFNv1Mo13Jv+hmD2E="}},"+fihlyUfJN4bloCn+A6Jdm+7O5674gdfyeecDksDND4=":{"valueMac":{"type":"Buffer","data":"7PG4M++UVa7O3ZSByc4j+At8KfrWVXl0lyQaKeB0xLU="}},"+jxGP/Pp17MJnbG+dVuENctNwENRje3vWPaVAs9wzf4=":{"valueMac":{"type":"Buffer","data":"+06kDLDmCk1M1awJUzdS676eo4oIldgUJ/mjdphOUVw="}},"+3C3fwoReiX1LpxMwrpsDdxOID54k4Y2gp7yq5SWkGA=":{"valueMac":{"type":"Buffer","data":"t8oJy9lwVnJk5RiRk1L1oC2HPbbNIBcfOL3HjDhrAuQ="}},"/v3A/tjsbfSB8e9xStJNTmhqcZ3XKaDg+GmIqkQkVN0=":{"valueMac":{"type":"Buffer","data":"3+kFYitu4POhDG7gEyKrEifcJjC4EghOO8iP8828Cuo="}},"2mBCp59ZZ6UqhhAoYqqmNC2wFr2Tbeo1rkdP292wTHI=":{"valueMac":{"type":"Buffer","data":"TjK8xTlvikVJQ6TEQnKfmCEFj5yn11i0EGm9f+zgPDE="}},"aenq9GwCt7JgwR1r2a8Y/6iFzZDHpsWviG8/hzvq3Qs=":{"valueMac":{"type":"Buffer","data":"ahtog5OambxlLagD4qDBbtiasFGW4E+ytStzsugLnaY="}},"+nUBjfxhhnNrN3JcLSEUNP33NWWw3sM5zcTwBobNRy8=":{"valueMac":{"type":"Buffer","data":"5aQhI7JoCIdraVCf3mfBmI7JrvZGTpHIeYNR4AyitmQ="}},"+R2UYECxFIVn/b1phauTzbZ1VgjP6+Nbajo+/1AcLx8=":{"valueMac":{"type":"Buffer","data":"78N3y1UAEmwQ5oO/DAXKla+2h4pDhqkyRMAH3d6JGvQ="}},"C4S8llKJe45/yUMMbLMgOks/jgng+PS/ol90pm4X+1I=":{"valueMac":{"type":"Buffer","data":"VScURkUf7fNSGG0pAgMXZNRW2m9gz8W02twNPmLOUOY="}},"6+vkPKVx6y61XmEOE2tj1sEwwr/QOgoeIna8j+WgBTg=":{"valueMac":{"type":"Buffer","data":"sTR2Wtvw++2nN08BsLfVarCeTgfjVS/7N+tA8WuzkfQ="}},"+4XAdcojSUkD2fufmOV9ZgEtd7vg/tL/H95hF4H6HME=":{"valueMac":{"type":"Buffer","data":"+6h6doqWSeFoebmAabgH9J0HoTzMfmUoNiCn6EZcpfg="}},"nlsaurEOuZDCfKEiAP6suDoBZY7LBkyfpLQfRm55MfE=":{"valueMac":{"type":"Buffer","data":"Qz/AEmHxpFVyPaclNUK7409roiHbvmDAIHeQ8Kq3XlE="}}}}