{"version":28,"hash":{"type":"Buffer","data":"roNbLCP98sPMzukNdX0YmKJ6Hx6XOuXl3/h0TK6cqopSM4aI2OLUmyfPBF/aB1toKHzGM9d4gNVoRs54eVKWjsXLCt0hsH00AKQFfZk3MckWL8kH4n4oBTT2UItlJjW6PSMLw/k+8iNbUENzhhPlk4lTOsR2uCWC1KAV1sWcU88="},"indexValueMap":{"CwaAJtYBoeC6ZYkXArmccrwZcvQBKweVf2pCyUHva58=":{"valueMac":{"type":"Buffer","data":"Rq8Yrs9fhukefCS/mN7vwzYmiZgvr8rEQqkx2/1VaKQ="}},"Lcq8w5E1galRSqlniFCAZFOepoZN373wVX5c819LwZM=":{"valueMac":{"type":"Buffer","data":"qrIS43yeUy6/gXva4OLx9bdlRWaQsCxlAkXNAy+C3RA="}},"MrDBzHb7BA+f82sqk+OClEqboT09ivFzpnao73VMraY=":{"valueMac":{"type":"Buffer","data":"s78MR/38HrWcv2YJTU1bfohWN+DaN0SzSElNAhJE66w="}},"N6LMm8IJhLTDwyo3I5+3GIiRdJnK8La2UznI/X/Hlho=":{"valueMac":{"type":"Buffer","data":"FZNfd/8x8mQ0jaWRWjpnduSUW3WaChbkLKG3a99QvFQ="}},"PubLdKfcB0XsEbzzCfyDUgufbSjwFM6bLHjfc6MtV34=":{"valueMac":{"type":"Buffer","data":"T4L3fMy9fdK5UTTaIa7LSXV9OKpYnpPzj78EpN2Vhwo="}},"Qsl28hYbEL42AU5ErRbVeLYgas3dk4uQtMfH7tPegK4=":{"valueMac":{"type":"Buffer","data":"ah6uVKHykgv/WL+9+tcJXPMJ1T4yfo8jV4iprsNwizI="}},"gnw3UeR7wwudcbBfWCfh2baaAUm0sFbXEVmXVGcXiiU=":{"valueMac":{"type":"Buffer","data":"SEe+oFriXfSiyTlrMF6n7HkEhmKetJ0HXVx4VYNM0lQ="}},"nE8aWfj9+dGXyRG0/FSqjbAhDsIlrrcAlvMAV1QIYR4=":{"valueMac":{"type":"Buffer","data":"r5Z37hl2qqRuZfn/4R3KFpgTvF2AxDKMlrpnR4/MLEI="}},"n9zMaV5/tpD6d8pmpGLsxK4vCtWwLlgAlHqYAbuvXVQ=":{"valueMac":{"type":"Buffer","data":"YBOlI+jL8nw4ICnjoGhfWncWB0G3aiTG8ILwAxbNt9o="}},"ouq/DEFPrVOOE4STEyfGJ9ARX3xYXS4GD1W9iiYWHno=":{"valueMac":{"type":"Buffer","data":"UFQNkbbF+mKRBsjd/XdWOZmBOFMdRdyW4r5oLu0Rok0="}},"wNvqaJoFz+UvHYSUId2yRjBijktWXRA8e58oPp9aj8o=":{"valueMac":{"type":"Buffer","data":"OYJuwKQhyxy7TF5PbsVMcqMvL2Q3h0bGgcsbAoKD3n4="}},"zd3DjXUtMnsN0dxyYqS2FU9PwwaT+XHZgRYMzTgxbU8=":{"valueMac":{"type":"Buffer","data":"lSXSCPsgoq3Wtkx48Rzefr1I0cggJmCujQaPM16f5ug="}},"0bXIN/82NgJzRWsT8uHXID2B3s17KjUBMeHancu9QC4=":{"valueMac":{"type":"Buffer","data":"vVHju0WtpeBcbPP38qyM4zFTiIix0QqyDxgkPRAmqHo="}},"3mV/SUKiBH7Mv3ddvl9O0AYWxJo5qUk9QpXcCRfgI4k=":{"valueMac":{"type":"Buffer","data":"oQ4Uo09wfqvpkPeMoEoJzoP8Q2VNYxC1avLGluXMqDs="}},"8lH6B8qZnCfZmFMjQbhtJwmqEYhhj/2nqrCg1MO9HWI=":{"valueMac":{"type":"Buffer","data":"CuiS6945jt/0EvkDpdMyACPd3U+ZC5HTxgE9IJMBoqg="}},"/MHOd5xrpVVuwCURhCu+6vrkpi70dG2aXPn3g19948c=":{"valueMac":{"type":"Buffer","data":"87imjPtvIUB+46mT0nzz8GxpM1R0TPcuDWFp0Pnt6fk="}},"+8eDcuQPvbylV8r2mQCpXdsqGorwlglEceGzq7Ipmm8=":{"valueMac":{"type":"Buffer","data":"xrrKoOOgDhySHffUcXcUy7+c1O9daQg7DmZrJOOAI/w="}},"EOoCkwOtQwTon3MDR0uEClc0lyEwNuSal5e5cvaU+VU=":{"valueMac":{"type":"Buffer","data":"my4dPnnW21r0bpYyo7YDYhvMIS/utyUg3v06OypfGOk="}},"6Rca+D1TqWqhlXADFZTLT3LgQ48yt5TeFdr2WTFz3Ko=":{"valueMac":{"type":"Buffer","data":"zC5TookkboR6GspLxRCnRVRPTjjOXQFQkk53Sp3Kfx0="}},"ipt1ZgSEyaW+PNOa3pjqm82BuWM7Ka1RYoZysM57jW0=":{"valueMac":{"type":"Buffer","data":"PpY1kzr1AGfmrMqxY/ef6Ngu0kIBMfbw/AJx7tNP6g8="}},"4yeldoC7XaHVfIoJMJXduOaL2t33KEO7J531MbSb/9U=":{"valueMac":{"type":"Buffer","data":"lwXLGRJsFiuQTFsGAiuelnTl0QY1Effq1tot/1cdkqY="}},"OuP1T/rrK4Zaw4i3SEL6uP9uweZTPkX+EZBlomG/I3g=":{"valueMac":{"type":"Buffer","data":"pU6HxjrSIU/qM1yST5qCWyOF9d3WhOZKLZ4Sq/Tb6MY="}},"gYTorikEfoVftMFvw3U2u9OCvgwizEq1PzP0O9IQ+Cg=":{"valueMac":{"type":"Buffer","data":"ysCw5X7b1MMrSvM+jii4R495D0qWqY8y4jZi39tY1GM="}},"4HX9yU8dAfTTolVjAc7BhwLKMJcN7v1PX6V4YlXir3U=":{"valueMac":{"type":"Buffer","data":"qkxomg/vhLDRfw3K2Bu6z7Su8Vdn6j7Y2+itl7AgLyA="}},"LRLRAPR+3F0w/5mmaz69kq0x3gNIK8aYimHbQhxWEu0=":{"valueMac":{"type":"Buffer","data":"pRZrYh7G9R3FybiksSXdqK9BeokTwI6HtDy5QjSEk0Q="}},"ay0pgzabXTBiNvBLPHRLX26Kr2zKEQRJCihngNDQjNI=":{"valueMac":{"type":"Buffer","data":"+KWeSpsRcA+N4+MwypRbhGFSXyhn4V20nDQBS6OuVqE="}},"k+LhtWDlQRokf+DR9RirEVqZWCKQgUUhjPairzZoc+U=":{"valueMac":{"type":"Buffer","data":"zLE1Tx+w6Mk2RJosTgpafyALPg5JBXinCXb/tpvkl7Y="}},"+DTmmKY0ngYnmMF2OGNE3v5zfAlEj1e7178QZEkdUDk=":{"valueMac":{"type":"Buffer","data":"JPZGYgWRptyLgG12ZdNcN29awaYfTKfHB3j3zrzf6mc="}},"iBGBAz796APfk+jYYayrDup16V1K7finTeDxUfSscyk=":{"valueMac":{"type":"Buffer","data":"OOWNuBR8S2nmHgxkQlHpSB2q7XNkopgL6QfWLMExsnM="}},"ccX+AZabhmTWF1U4G4EEUH9GmqGwEP8582u/a7rZaGw=":{"valueMac":{"type":"Buffer","data":"9HgUye2iL2NnB/AN8GEjqV5To/bMomd5boDMIos96Ss="}},"bUwBZs0A/DksYwdIJu3C1oEQg/iFUujOeMgcS6Z+Tuw=":{"valueMac":{"type":"Buffer","data":"gzEqdStXymeodOCIft4BExBO1qgNLTthwKXyo4nc+Ro="}},"U9Cd0Jwh6wahXHgkED7MsO92339LHKSvwLwPawUaHpY=":{"valueMac":{"type":"Buffer","data":"qWhJ0PQEQwHPM9KKOwfvHkg80RaSd3WMAGN6vtPlO08="}},"pXx4EpzAQU83A7PGgUSBQUpp/jf4PrkKZeo98gB/imQ=":{"valueMac":{"type":"Buffer","data":"3jBAX2+mgQCYaj5YpYSlO4AKqgmq6JDoWN2usTfmWls="}},"e+PG37dur1eDnyOrLU+QfFlOUhW/OFSvu51RcKjxMD0=":{"valueMac":{"type":"Buffer","data":"IIA6ceU3L8LYpPXICSfB0rL8283h6WLK3QP3mzOvxZc="}},"9cgH13MB/wQJODXTi0hwM4efAtTeo+ZxOeVNvA7Z4DE=":{"valueMac":{"type":"Buffer","data":"ZXcQGIXvGJfj6ZYJk4wS1P4B90eSHiR+hbMIN5dXDWc="}},"rW0uxlkx+3lZWIo+X/LiSHgfLfHSijTs+HsB1c/aDJs=":{"valueMac":{"type":"Buffer","data":"kfRYAO/rb0N45WOib4pDmCegq3P2hK+RCyBwvbuZITo="}}}}