{"version":26,"hash":{"type":"Buffer","data":"E82VZ7RpbJRX+7yffa4tQCey2Eo0hVfepgTh6oK/KV6ZjZw3LAIQD1PCh4vl8srezYPu8JpspZamGBQkpWQQ5rk3XQZEemOGcJ0OvXR2O117A6fDDGm+KjN/p3riJf9CE6KSfoV6Z1MlIXJ/ODHOEij970a8PldhGyR9m98do9w="},"indexValueMap":{"EwfdV45HC2D2Im+/hRyOCREU4MZ5Awd7DQPdv4ZPLZ8=":{"valueMac":{"type":"Buffer","data":"K5GIIqsa9eIaAiciAgmz4JRLz27HUbNjXiREQU/5RS8="}},"HhVY/Yf8iARAqQnkR/uLw2kVqDeK6vkXQCwPHLrbElc=":{"valueMac":{"type":"Buffer","data":"qAW5igi1UG3DRfe5riH2Fq7Ev6+3b8OvO0rbdt7NlLw="}},"ObGuY6z1XkBHcS1tHH1rJld/I+MSvhMGU9dETAYT79w=":{"valueMac":{"type":"Buffer","data":"wrz5rzfR/PsUe0XUmbRnyz+rfCHNGB7pRwt9AaqwHTI="}},"T8misKXBTh2+BJVSAcdnCFUU3tpsBwPUKnkX1vEIljM=":{"valueMac":{"type":"Buffer","data":"NI2414Nq4pW3xNK6lWNzoc/Fu3QqM5XaVRFsrTdPVYE="}},"U8vBrPLJqqtev6yG2BCcwRKC3+qlX3xHuuFXpuU56QE=":{"valueMac":{"type":"Buffer","data":"949hmyiE+EoFjUCYfIvvbV8/2SduiMu86HZVoNu44A8="}},"VUt0dsdYxDU2smirKEPQcNnbddMohmfRbjFX5z1+HOs=":{"valueMac":{"type":"Buffer","data":"ULg/DXuk5sZLfc6FWagDOMlOIJBJjgbaU4SiYqZAoL8="}},"ewehTkqTcqqfwKwezobLmtk2AXkBQTr8gtkPdUrRSOw=":{"valueMac":{"type":"Buffer","data":"gWFprLCREz98fBXTTq25YEOw2ldxnsHBIwLi2bnoRrg="}},"o/4KEvvtcMaUj4hHhXFnC2C0tQCy65C7qL41mxXfz+A=":{"valueMac":{"type":"Buffer","data":"zqHB3/++QlLSin5Pi0+E7yt/ovwf6RQpgRxFPmXO+Ac="}},"roBDehUcesvc37P+v6LZHf3acrC0RGF+a+VR+2sf1HU=":{"valueMac":{"type":"Buffer","data":"i6LjHegarVCL3dvikvaumPKloZadvH/xg7yRWaO/fK4="}},"ufvIac8fFiMVbVekb2rTP3XdohyABSlWyHHOwGb0G6Y=":{"valueMac":{"type":"Buffer","data":"72RnoFHdR256pFcyIRqUEJDbYzPMCXBYoSQVc6p8ico="}},"uhWOAmkbqbCbiwXmtUen92vb5uOyYUr/PB7VTmHJkq0=":{"valueMac":{"type":"Buffer","data":"s1UfaWLTVBgbQhQ681ltUL832pO3+6AFB/nBudyLbSI="}},"14MTwiScreZXGeTvPpVsE2YRjpmsnemjZB8UIe/wEQc=":{"valueMac":{"type":"Buffer","data":"b8hlq3DmiC0aZ1JkSezgZSQXzQ2kZUMQfOHYe5Gveos="}},"4kIHn+So9/UpooqRicVBcqRAzaKcFcI8IvgragVwgww=":{"valueMac":{"type":"Buffer","data":"Bmsmi/IyL4clWcT7lJGLjhjDuF1MF8hOX5Cfq3IU96M="}},"631TOGMu9N10N7yWH0yYU1qgWxIudyVWmJUqPUtA1FY=":{"valueMac":{"type":"Buffer","data":"cdAqr+y+Gp3qwyvMlYt8UNq8lMNyxPm4Y28lmWgFVmk="}},"Hg+EkZM5NfLePIS4xmVgrvA+vU6R4Hjs9Wp8pL0CQwQ=":{"valueMac":{"type":"Buffer","data":"TaMvgEgUjV4Alh4phcxXECqIQRNPiw0UHgwjWePeCws="}},"gPp1eTBZ70gc9iV78AJmEXmE6Bax2AG9zZ2X+RIFnTc=":{"valueMac":{"type":"Buffer","data":"VWPI7b7cG36HVZGfKQfwjz0/LSO386rnNwRXPpC5iVg="}},"eB9FYod0aYTOGsNkGNxLPqRp0BjU8Uraws/UDWJbrxc=":{"valueMac":{"type":"Buffer","data":"he8eQgEgfcqnRqe3Il4yt2SC3LkQGDLfSutTslNhnFs="}},"8/kwk+KXdbU81OLvXh3gq28BOgJzq63224XFF+qEtBA=":{"valueMac":{"type":"Buffer","data":"32Lrq/2a4QwM1a7xCR0kllrHdq23FkcHLn12gKlZTYk="}},"GWp65yWNhK2Xf4LNDg2fvk4A7gBtTyhnOxBFE6pp7Kc=":{"valueMac":{"type":"Buffer","data":"MXNGK8O2uC9HBykx6N8hSc/iW9zMnIwUvD6xXR48NDM="}},"WSLZKwz2MG+jpYStXg9heLSvbpzS1N0T+0ZcimTg72g=":{"valueMac":{"type":"Buffer","data":"lwkixaSoRmZU01P+JQsOOQqgEZLUFW/zcthqfs64w/o="}},"26wwZpQNxCVY/VNibzdD86pwxuFgaEJ18Oxvz7+VmRI=":{"valueMac":{"type":"Buffer","data":"TVVRS8nSBl9kWHbzJVNdthJBk2WArZImyJXEHqIvpWI="}},"SiBamjQASTuTMQfubGntD5uGnrTW8uAZF3vXnTtiui8=":{"valueMac":{"type":"Buffer","data":"NxF62YOrPALazaL+DDGkTzLMn1QG6L9SLjBCnUAFvHk="}},"Shx8uq4MTUQY1Vw8SsnDblg35F+MbcYVcTzCCrnYz5s=":{"valueMac":{"type":"Buffer","data":"U3MKS0SrK1TZ/gsP3BhTlVBh+O0xwfGVPphdzqiXHEQ="}},"ecXCwv7dFs2gZlr5avzZ0dc2Ythgkb9yD+15FAjzkvI=":{"valueMac":{"type":"Buffer","data":"qypt5hIxjHhiDyD+1molss4bxify+qouO29omljOHt4="}},"6qTkA+xSMR9ZvoTiQpTQf1BNoZh8oe8XCB+mqoZOig0=":{"valueMac":{"type":"Buffer","data":"GMsDPVxRYkBVF6VIseY4Q/hT/yTJUkqAP9ZRD6lxBYI="}},"+inLOB8RYT0ESKgifLcd6rKEC23rFPuF817DvS2huSk=":{"valueMac":{"type":"Buffer","data":"xDmZLE6MZ9ke2ZzWK4V2L7PUCjhzjXsWtL3q5Q2QU0Q="}},"0zCcpQWiHJi1pEkq6jRegiZ8IyX1yPzo81/6a3Lnypo=":{"valueMac":{"type":"Buffer","data":"aL1fdmaFon8+VMaodo9uqqJPcOcAUKP2cAuJRgTaw20="}},"RHPQ5QvXMrD/IJKCY6oSBWAnvZMQqwLM1vVczxOustM=":{"valueMac":{"type":"Buffer","data":"YUgakl0KY3Te204nVFGF3L8sXNs1DaVdKaaSkJgctNM="}},"HTx1iKnnfaH/xocUh7Hi8knK5bIvturMFpCtQ5r3ldY=":{"valueMac":{"type":"Buffer","data":"0b/VlHua5QnqyKrBw/1eZwbYuUp5XdfPF0QJDIIfTmc="}},"9HFVA3gr56gS+pmU2LUzvxnxIK5bfAUAzHeAxUYKg0w=":{"valueMac":{"type":"Buffer","data":"yHMOep1bsOHnJvI405rgQ+kMxCQtEgKbXHyOsmxY+bs="}},"KVLE+O9shjs2EdrJEIhE3dQdIx88gUYl9unmLYAundI=":{"valueMac":{"type":"Buffer","data":"Ox18ZRp+Hk1gPC3WHm1bPyhLJmUbiSaOzhSyaxVM+ms="}},"s/qQ5el7R0IUNcHC2t3c3UqDBCMWyyVSHhc9Cnqxtn8=":{"valueMac":{"type":"Buffer","data":"6vmhpSM11zhKx2GOKcQJhIln64anm7tn/ugt34qI4sI="}},"p7E7lLJRaSHLuTh0NdBQxbhiPOMdAlCQcjNWI5wWi0Q=":{"valueMac":{"type":"Buffer","data":"9mxeA5M6/C3Yn9Uku6Dh3Gx4RvGlIop+AjVjOs+h5Lk="}},"ijV/u691n/Ht6sBjsF5IFdEnxB1QuH8uZ9g0wbbm5fk=":{"valueMac":{"type":"Buffer","data":"02Yy/WE+IyuBGkSI9BMhxf4HudZ7KJGX14mBTgB3uxM="}},"weN6oKtBoHINrTHMtpiXN/QkKxqC9MbntFjkFsdFUGA=":{"valueMac":{"type":"Buffer","data":"ywt6jPatyIoDTiKObR8ZiPWBr6oko7NszkF4CCTJW+k="}}}}