{"noiseKey":{"private":{"type":"Buffer","data":"kDRcDMUbLQWRrKqVyXa+J9KfbCokTLx5Ugq3hMBeb2s="},"public":{"type":"Buffer","data":"bnQdhKstd1iuTJhosuPHBA1Um5ZG0p+8cPxvla3smEU="}},"pairingEphemeralKeyPair":{"private":{"type":"Buffer","data":"GFPcHJAyMZMPnjlIU1DDY3PHOeQBVgtcMZbqHzBKy2g="},"public":{"type":"Buffer","data":"mhyyRlcbo/XEBMohE/Rsdzlu2bpdDvk/VW/z3fD+7R8="}},"signedIdentityKey":{"private":{"type":"Buffer","data":"AGb07bDOJ5vEksAQl1WfXiaDHUSxfsJjKO0MhlqMk1Y="},"public":{"type":"Buffer","data":"zSa4U+pbfqLIxnTIM/rezOBpuEkL3XRUCMnyJtUVLRc="}},"signedPreKey":{"keyPair":{"private":{"type":"Buffer","data":"WCDICAZFZmQW7ywKfi2agL1MdSahmJzx+/M2L+coKm0="},"public":{"type":"Buffer","data":"uOfyYqhsNq+yHZF6Z7oKHdoFFH8xlSS60hTeYBowyX0="}},"signature":{"type":"Buffer","data":"9NuF2UkSdeDHSA68Cu4Wi8/g3w09hbafHZTAmKV/Bi5ATxeh7kzB93dNadTLx/IfMkgLd9ReZcJeE55K7u7MhA=="},"keyId":1},"registrationId":2,"advSecretKey":"hO7IaL834gXLtc8fivM9LPC8XEkoo5AO3Ulfkg2WKCk=","processedHistoryMessages":[{"key":{"remoteJid":"33695980133@s.whatsapp.net","fromMe":true,"id":"3AEAEF3BA6A28DDA37D0"},"messageTimestamp":1756150942},{"key":{"remoteJid":"33695980133@s.whatsapp.net","fromMe":true,"id":"3A58AF980D8EB46715EB"},"messageTimestamp":1756150942},{"key":{"remoteJid":"33695980133@s.whatsapp.net","fromMe":true,"id":"3A9C0BAC0393EF0A0E1B"},"messageTimestamp":1756150949},{"key":{"remoteJid":"33695980133@s.whatsapp.net","fromMe":true,"id":"3AD3AA85C27DDEB2F5A7"},"messageTimestamp":1756150951}],"nextPreKeyId":61,"firstUnuploadedPreKeyId":61,"accountSyncCounter":1,"accountSettings":{"unarchiveChats":true},"registered":false,"account":{"details":"CPfg+IACEJj5ssUGGAEgACgA","accountSignatureKey":"aDebN6G7IGlP+HWH/LUQlztiG7mdoiyCS73xeZ7l4iQ=","accountSignature":"NyJbRbuEadx1PAF74nkfthCaygZsdak4zGZGJnjfFmPhhzqMU3EtE5tPKra+GPAHpGWj1tDBuGnf6S08dgGfCg==","deviceSignature":"c1jMel65BIJ16mvUQSS2A6wS8LoeDEVxZC7ovMn9ALzdd5n4u2pIy02EFVdMaYoooBOM6DkypJpUqR08XNZ7iw=="},"me":{"id":"33695980133:29@s.whatsapp.net","name":"wolf","lid":"43731373797413:29@lid"},"signalIdentities":[{"identifier":{"name":"33695980133:29@s.whatsapp.net","deviceId":0},"identifierKey":{"type":"Buffer","data":"BWg3mzehuyBpT/h1h/y1EJc7Yhu5naIsgku98Xme5eIk"}}],"platform":"smbi","routingInfo":{"type":"Buffer","data":"CAUICA=="},"lastAccountSyncTimestamp":1756427550,"lastPropHash":"2V77qU","myAppStateKeyId":"AAAAAIGQ"}