[{"senderKeyId":1462042969,"senderChainKey":{"iteration":1,"seed":"Jqe5dBg+b0y28GugW8uB5ARNPI6c36YlyUW7TkbokeE="},"senderSigningKey":{"public":"BXuCJDY5ViKWDFUJ3vIUOQei5byIFlanlWmi8xHuOPYv"},"senderMessageKeys":[]},{"senderKeyId":1925255211,"senderChainKey":{"iteration":1,"seed":"mniK33hJj5Of6ZDvLg8ORRBuWPk6fgGtF/IZPagEFds="},"senderSigningKey":{"public":"BWPJ/aqMLaR7kiSilV2bdrjjcO1IHe6KxkALpOFH7GQa"},"senderMessageKeys":[]},{"senderKeyId":1523621907,"senderChainKey":{"iteration":1,"seed":"QqS0D6aI13zlPEA6Die/lLW9DBm5eaPzneTZuW/USjQ="},"senderSigningKey":{"public":"BQWcRq67n/aI+cZaRh5MhplkAui7xqXzQAT7M+rfNQwD"},"senderMessageKeys":[]}]