[{"senderKeyId":1549347576,"senderChainKey":{"iteration":1,"seed":"wosl8Mrv1rlsbq9e/1k8Fg8TmaZSQe0447XfqSrU45E="},"senderSigningKey":{"public":"BdzLC3/BjAZcd26tLlxKF5xzay0l99QIU54BHbIyuYNq"},"senderMessageKeys":[]},{"senderKeyId":629570268,"senderChainKey":{"iteration":3,"seed":"O+el3lyHDvB1nRGkLf9OBXhZFh0cqqbIXh7Pl7+ZapU="},"senderSigningKey":{"public":"BUMHO96faRBhwBe6B/SL+ADHKKEd8y89XBR+24qRP4IC"},"senderMessageKeys":[]},{"senderKeyId":629570268,"senderChainKey":{"iteration":1,"seed":"hTmupStNz9SZPysTswiLXnq+KCm5i9BQn7xM18G3PMc="},"senderSigningKey":{"public":"BUMHO96faRBhwBe6B/SL+ADHKKEd8y89XBR+24qRP4IC"},"senderMessageKeys":[]},{"senderKeyId":1568257005,"senderChainKey":{"iteration":5,"seed":"/RnD1Ke5IQJhchaNpFYKtDmqO67bBWO8ujiYgNvLl0Q="},"senderSigningKey":{"public":"BUxW5xZNDEI7NBfmXnYZIRC136b7tcEleoCRswfmK/I6"},"senderMessageKeys":[]},{"senderKeyId":1568257005,"senderChainKey":{"iteration":4,"seed":"9fnihOcf3nFF3KLmDtBtWUUDr60iUwE4UvclDYeExiY="},"senderSigningKey":{"public":"BUxW5xZNDEI7NBfmXnYZIRC136b7tcEleoCRswfmK/I6"},"senderMessageKeys":[]}]