{"61406699710@s.whatsapp.net":true,"33615419228@s.whatsapp.net":true,"33615419228:3@s.whatsapp.net":true,"33652723858@s.whatsapp.net":true,"33652723858:22@s.whatsapp.net":true,"33634502598@s.whatsapp.net":true,"33634502598:17@s.whatsapp.net":true,"33634502598:19@s.whatsapp.net":true,"33767900159@s.whatsapp.net":true,"33695867239@s.whatsapp.net":true,"33634983974@s.whatsapp.net":true,"33634983974:6@s.whatsapp.net":true,"33788005160@s.whatsapp.net":true,"33788005160:5@s.whatsapp.net":true,"33621526836@s.whatsapp.net":true,"33617493509@s.whatsapp.net":true,"33602274191@s.whatsapp.net":true,"33767403360@s.whatsapp.net":true,"33767403360:8@s.whatsapp.net":true,"33681047516@s.whatsapp.net":true,"33632698918@s.whatsapp.net":true,"33629134291@s.whatsapp.net":true,"33629134291:12@s.whatsapp.net":true,"33628323136@s.whatsapp.net":true,"33628323136:3@s.whatsapp.net":true,"33622670938@s.whatsapp.net":true,"33629793252@s.whatsapp.net":true,"33625547855@s.whatsapp.net":true,"33625547855:34@s.whatsapp.net":true,"33625547855:35@s.whatsapp.net":true,"33767599027@s.whatsapp.net":true,"33652301788@s.whatsapp.net":true,"33762044418@s.whatsapp.net":true,"33762044418:6@s.whatsapp.net":true,"33658418473@s.whatsapp.net":true,"33658418473:12@s.whatsapp.net":true,"33663849594@s.whatsapp.net":true,"33663849594:5@s.whatsapp.net":true,"33648588272@s.whatsapp.net":true,"33648588272:4@s.whatsapp.net":true,"33663269847@s.whatsapp.net":true,"33663269847:14@s.whatsapp.net":true,"33649624158@s.whatsapp.net":true,"33649624158:10@s.whatsapp.net":true,"33618364203@s.whatsapp.net":true,"33618364203:19@s.whatsapp.net":true,"33618364203:20@s.whatsapp.net":true,"33618364203:21@s.whatsapp.net":true,"33652068140@s.whatsapp.net":true,"33686357674@s.whatsapp.net":true,"33650929128@s.whatsapp.net":true,"33634575030@s.whatsapp.net":true,"33634575030:20@s.whatsapp.net":true,"33769989321@s.whatsapp.net":true,"33769989321:8@s.whatsapp.net":true,"33671228898@s.whatsapp.net":true,"33671228898:23@s.whatsapp.net":true,"33695054641@s.whatsapp.net":true,"33695054641:40@s.whatsapp.net":true,"33695054641:41@s.whatsapp.net":true,"33695054641:42@s.whatsapp.net":true,"33682556059@s.whatsapp.net":true,"33682556059:7@s.whatsapp.net":true,"33652024193@s.whatsapp.net":true,"33631953681@s.whatsapp.net":true,"33753826178@s.whatsapp.net":true,"18683186338@s.whatsapp.net":true,"18683186338:22@s.whatsapp.net":true,"33660972450@s.whatsapp.net":true,"33603771483@s.whatsapp.net":true,"33603771483:17@s.whatsapp.net":true,"33760317040@s.whatsapp.net":true,"33760317040:6@s.whatsapp.net":true,"33674034151@s.whatsapp.net":true,"33637763745@s.whatsapp.net":true,"33637763745:11@s.whatsapp.net":true,"33749029508@s.whatsapp.net":true,"33623761320@s.whatsapp.net":true,"33623761320:41@s.whatsapp.net":true,"33688104711@s.whatsapp.net":true,"33688104711:5@s.whatsapp.net":true,"33602119684@s.whatsapp.net":true,"33602119684:1@s.whatsapp.net":true,"33766193669@s.whatsapp.net":true,"33751437585@s.whatsapp.net":true,"33632326818@s.whatsapp.net":true,"33632326818:1@s.whatsapp.net":true,"33750440621@s.whatsapp.net":true,"33610688691@s.whatsapp.net":true,"33768291407@s.whatsapp.net":true,"33663247453@s.whatsapp.net":true,"33663247453:7@s.whatsapp.net":true,"33637691125@s.whatsapp.net":true,"33782795776@s.whatsapp.net":true,"33782795776:2@s.whatsapp.net":true,"33640272761@s.whatsapp.net":true,"33776693097@s.whatsapp.net":true,"33776693097:14@s.whatsapp.net":true,"33686269973@s.whatsapp.net":true,"33686269973:15@s.whatsapp.net":true,"33628694519@s.whatsapp.net":true,"33628694519:19@s.whatsapp.net":true,"33652631815@s.whatsapp.net":true,"33780451260@s.whatsapp.net":true,"33609934808@s.whatsapp.net":true,"33609934808:88@s.whatsapp.net":true,"33609934808:89@s.whatsapp.net":true,"33609934808:91@s.whatsapp.net":true,"33761817409@s.whatsapp.net":true,"33761817409:4@s.whatsapp.net":true,"33744704335@s.whatsapp.net":true,"21654501557@s.whatsapp.net":true,"33658611769@s.whatsapp.net":true,"33749427778@s.whatsapp.net":true,"33606460413@s.whatsapp.net":true,"33606460413:14@s.whatsapp.net":true,"33669134447@s.whatsapp.net":true,"33682707504@s.whatsapp.net":true,"33750013243@s.whatsapp.net":true,"33650057016@s.whatsapp.net":true,"33743282381@s.whatsapp.net":true,"33743282381:11@s.whatsapp.net":true,"33743282381:12@s.whatsapp.net":true,"33625724750@s.whatsapp.net":true,"33611040864@s.whatsapp.net":true,"33617336549@s.whatsapp.net":true,"33672758839@s.whatsapp.net":true,"33672758839:3@s.whatsapp.net":true,"33672758839:4@s.whatsapp.net":true,"33602356388@s.whatsapp.net":true,"33602356388:14@s.whatsapp.net":true,"33695781233@s.whatsapp.net":true,"33751638598@s.whatsapp.net":true,"33786188701@s.whatsapp.net":true,"33769535115@s.whatsapp.net":true,"33769535115:12@s.whatsapp.net":true,"33769535115:13@s.whatsapp.net":true,"33683189054@s.whatsapp.net":true,"213665951680@s.whatsapp.net":true,"33684438172@s.whatsapp.net":true,"33766526638@s.whatsapp.net":true,"33665297360@s.whatsapp.net":true,"33749967818@s.whatsapp.net":true,"33623881195@s.whatsapp.net":true,"33660104148@s.whatsapp.net":true,"33606703365@s.whatsapp.net":true,"33606703365:11@s.whatsapp.net":true,"33650616581@s.whatsapp.net":true,"33650616581:27@s.whatsapp.net":true,"33650616581:29@s.whatsapp.net":true,"33766459058@s.whatsapp.net":true,"33773296426@s.whatsapp.net":true,"33773296426:23@s.whatsapp.net":true,"33773296426:26@s.whatsapp.net":true,"33641012908@s.whatsapp.net":true,"33670256309@s.whatsapp.net":true,"33670256309:69@s.whatsapp.net":true,"33670256309:70@s.whatsapp.net":true,"33650466659@s.whatsapp.net":true,"33762477646@s.whatsapp.net":true,"33762477646:13@s.whatsapp.net":true,"33666072399@s.whatsapp.net":true,"33753361490@s.whatsapp.net":true,"33753361490:4@s.whatsapp.net":true,"33605703945@s.whatsapp.net":true,"33783275143@s.whatsapp.net":true,"33631770167@s.whatsapp.net":true,"33618721807@s.whatsapp.net":true,"33618721807:32@s.whatsapp.net":true,"33771273788@s.whatsapp.net":true,"33767087097@s.whatsapp.net":true,"33767087097:8@s.whatsapp.net":true,"33767087097:13@s.whatsapp.net":true,"33651496375@s.whatsapp.net":true,"33632990912@s.whatsapp.net":true,"33608478709@s.whatsapp.net":true,"33686716127@s.whatsapp.net":true,"33668706208@s.whatsapp.net":true,"33699726057@s.whatsapp.net":true,"33699726057:12@s.whatsapp.net":true,"33623135675@s.whatsapp.net":true,"33758856819@s.whatsapp.net":true,"33643733931@s.whatsapp.net":true,"33778671565@s.whatsapp.net":true,"33672785056@s.whatsapp.net":true,"33678360705@s.whatsapp.net":true,"33767589076@s.whatsapp.net":true,"33767589076:9@s.whatsapp.net":true,"33760155217@s.whatsapp.net":true,"33767794324@s.whatsapp.net":true,"33652499869@s.whatsapp.net":true,"33624756897@s.whatsapp.net":true,"33664897181@s.whatsapp.net":true,"33664897181:6@s.whatsapp.net":true,"33767874211@s.whatsapp.net":true,"33758509702@s.whatsapp.net":true,"33758509702:15@s.whatsapp.net":true,"33695652351@s.whatsapp.net":true,"33760201259@s.whatsapp.net":true,"33681184748@s.whatsapp.net":true,"33681275774@s.whatsapp.net":true,"33681275774:1@s.whatsapp.net":true,"33634823274@s.whatsapp.net":true,"33634823274:12@s.whatsapp.net":true,"33743014512@s.whatsapp.net":true,"33641802277@s.whatsapp.net":true,"33611180000@s.whatsapp.net":true,"33638351484@s.whatsapp.net":true,"33638351484:10@s.whatsapp.net":true,"33677821837@s.whatsapp.net":true,"33753051097@s.whatsapp.net":true,"33753051097:10@s.whatsapp.net":true,"33652198271@s.whatsapp.net":true,"33610945864@s.whatsapp.net":true,"33610945864:18@s.whatsapp.net":true,"33652607660@s.whatsapp.net":true,"33652607660:11@s.whatsapp.net":true,"33636119959@s.whatsapp.net":true,"33781206305@s.whatsapp.net":true,"33665359867@s.whatsapp.net":true,"33665359867:8@s.whatsapp.net":true,"33688093512@s.whatsapp.net":true,"33663586378@s.whatsapp.net":true,"33632046661@s.whatsapp.net":true,"33632046661:9@s.whatsapp.net":true,"33698257384@s.whatsapp.net":true,"33698257384:26@s.whatsapp.net":true,"33623204223@s.whatsapp.net":true,"33652453723@s.whatsapp.net":true,"33652453723:3@s.whatsapp.net":true,"33669953066@s.whatsapp.net":true,"33668746018@s.whatsapp.net":true,"33699420682@s.whatsapp.net":true,"33620182959@s.whatsapp.net":true,"33661068240@s.whatsapp.net":true,"33680245548@s.whatsapp.net":true,"33618340032@s.whatsapp.net":true,"33647026287@s.whatsapp.net":true,"33650996328@s.whatsapp.net":true,"33650996328:6@s.whatsapp.net":true,"33751311847@s.whatsapp.net":true,"33780540649@s.whatsapp.net":true,"33621369073@s.whatsapp.net":true,"33751359438@s.whatsapp.net":true,"33619572645@s.whatsapp.net":true,"33602719389@s.whatsapp.net":true,"33684476865@s.whatsapp.net":true,"33650032143@s.whatsapp.net":true,"33698130012@s.whatsapp.net":true,"33782502677@s.whatsapp.net":true,"33686728294@s.whatsapp.net":true,"33698366890@s.whatsapp.net":true,"33618775904@s.whatsapp.net":true,"33675663363@s.whatsapp.net":true,"33684311032@s.whatsapp.net":true,"33618463837@s.whatsapp.net":true,"33768508898@s.whatsapp.net":true,"33659842554@s.whatsapp.net":true,"33659842554:1@s.whatsapp.net":true,"33637462217@s.whatsapp.net":true,"33637462217:10@s.whatsapp.net":true,"33637462217:12@s.whatsapp.net":true,"33614889753@s.whatsapp.net":true,"33652866070@s.whatsapp.net":true,"33771870639@s.whatsapp.net":true,"33771870639:42@s.whatsapp.net":true,"33771870639:44@s.whatsapp.net":true,"33771870639:45@s.whatsapp.net":true,"33785058746@s.whatsapp.net":true,"33785058746:8@s.whatsapp.net":true,"33749608545@s.whatsapp.net":true,"33749608545:5@s.whatsapp.net":true,"33749608545:6@s.whatsapp.net":true,"33661108275@s.whatsapp.net":true,"33642568575@s.whatsapp.net":true,"33695420970@s.whatsapp.net":true,"33695420970:6@s.whatsapp.net":true,"9613150398@s.whatsapp.net":true,"33699889589@s.whatsapp.net":true,"33661858702@s.whatsapp.net":true,"33661858702:7@s.whatsapp.net":true,"33661858702:8@s.whatsapp.net":true,"33661858702:9@s.whatsapp.net":true,"33768721131@s.whatsapp.net":true,"33614796690@s.whatsapp.net":true,"33614796690:11@s.whatsapp.net":true,"33689525000@s.whatsapp.net":true,"33689525000:33@s.whatsapp.net":true,"33689525000:34@s.whatsapp.net":true,"33689525000:35@s.whatsapp.net":true,"33608945262@s.whatsapp.net":true,"33689397170@s.whatsapp.net":true,"33612275018@s.whatsapp.net":true,"33612275018:2@s.whatsapp.net":true,"33756999395@s.whatsapp.net":true,"33651632404@s.whatsapp.net":true,"33651632404:3@s.whatsapp.net":true,"33652440844@s.whatsapp.net":true,"33652440844:2@s.whatsapp.net":true,"33652440844:3@s.whatsapp.net":true,"33699760341@s.whatsapp.net":true,"33699760341:26@s.whatsapp.net":true,"33699760341:31@s.whatsapp.net":true,"33645869184@s.whatsapp.net":true,"33607945404@s.whatsapp.net":true,"33689208396@s.whatsapp.net":true,"33689208396:4@s.whatsapp.net":true,"33689208396:5@s.whatsapp.net":true,"33673880372@s.whatsapp.net":true,"33673880372:2@s.whatsapp.net":true,"33623516788@s.whatsapp.net":true,"33628193594@s.whatsapp.net":true,"33628633392@s.whatsapp.net":true,"33642330258@s.whatsapp.net":true,"33642330258:1@s.whatsapp.net":true,"33642330258:2@s.whatsapp.net":true,"33695501953@s.whatsapp.net":true,"33628718382@s.whatsapp.net":true,"33761803275@s.whatsapp.net":true,"33698008997@s.whatsapp.net":true,"33640417061@s.whatsapp.net":true,"33675900699@s.whatsapp.net":true,"33675900699:6@s.whatsapp.net":true,"33601328076@s.whatsapp.net":true,"33606987603@s.whatsapp.net":true,"33606987603:8@s.whatsapp.net":true,"33613153505@s.whatsapp.net":true,"33613153505:82@s.whatsapp.net":true,"33611498191@s.whatsapp.net":true,"33788190717@s.whatsapp.net":true,"33617628305@s.whatsapp.net":true,"33687580863@s.whatsapp.net":true,"33646488267@s.whatsapp.net":true,"33616338434@s.whatsapp.net":true,"33758032017@s.whatsapp.net":true,"33632898579@s.whatsapp.net":true,"33632898579:9@s.whatsapp.net":true,"33651226438@s.whatsapp.net":true,"33651226438:73@s.whatsapp.net":true,"33680470478@s.whatsapp.net":true,"33638519820@s.whatsapp.net":true,"33638519820:2@s.whatsapp.net":true,"33766082206@s.whatsapp.net":true,"33766082206:21@s.whatsapp.net":true,"33664966616@s.whatsapp.net":true,"33752626667@s.whatsapp.net":true,"33752626667:3@s.whatsapp.net":true,"33603284111@s.whatsapp.net":true,"33681877669@s.whatsapp.net":true,"33681877669:10@s.whatsapp.net":true,"33629208697@s.whatsapp.net":true,"33645040932@s.whatsapp.net":true,"33645040932:14@s.whatsapp.net":true,"33770429538@s.whatsapp.net":true,"33637731824@s.whatsapp.net":true,"33699303589@s.whatsapp.net":true,"33615491770@s.whatsapp.net":true,"33645262075@s.whatsapp.net":true,"33609352705@s.whatsapp.net":true,"33666532404@s.whatsapp.net":true,"33652986378@s.whatsapp.net":true,"33671645722@s.whatsapp.net":true,"33662748655@s.whatsapp.net":true,"33641888658@s.whatsapp.net":true,"393355452608@s.whatsapp.net":true,"393355452608:70@s.whatsapp.net":true,"393355452608:71@s.whatsapp.net":true,"33637367424@s.whatsapp.net":true,"33608662736@s.whatsapp.net":true,"33624670149@s.whatsapp.net":true,"33624670149:15@s.whatsapp.net":true,"33662684972@s.whatsapp.net":true,"33768438223@s.whatsapp.net":true,"33664262018@s.whatsapp.net":true,"33684180033@s.whatsapp.net":true,"33678047697@s.whatsapp.net":true,"33678047697:16@s.whatsapp.net":true,"33640138085@s.whatsapp.net":true,"33778461578@s.whatsapp.net":true,"33640924624@s.whatsapp.net":true,"33640924624:3@s.whatsapp.net":true,"33783610368@s.whatsapp.net":true,"33626505657@s.whatsapp.net":true,"33781628710@s.whatsapp.net":true,"33695980133@s.whatsapp.net":true,"33695980133:33@s.whatsapp.net":true,"33695980133:34@s.whatsapp.net":true,"33753662099@s.whatsapp.net":true,"33753662099:7@s.whatsapp.net":true,"33698287660@s.whatsapp.net":true,"33698287660:5@s.whatsapp.net":true,"33603840844@s.whatsapp.net":true,"33605621353@s.whatsapp.net":true,"33769695732@s.whatsapp.net":true,"33745315846@s.whatsapp.net":true,"33758782531@s.whatsapp.net":true,"33622658881@s.whatsapp.net":true,"33622658881:13@s.whatsapp.net":true,"33622658881:14@s.whatsapp.net":true,"33668319475@s.whatsapp.net":true,"33616547187@s.whatsapp.net":true,"33769379824@s.whatsapp.net":true,"33767931644@s.whatsapp.net":true,"33767931644:44@s.whatsapp.net":true,"33767931644:45@s.whatsapp.net":true,"33695684658@s.whatsapp.net":true,"33695684658:8@s.whatsapp.net":true,"33681929134@s.whatsapp.net":true,"33751096060@s.whatsapp.net":true,"33652352978@s.whatsapp.net":true,"33673735525@s.whatsapp.net":true,"33753712393@s.whatsapp.net":true,"33753712393:29@s.whatsapp.net":true,"33753712393:30@s.whatsapp.net":true,"33647926574@s.whatsapp.net":true,"33650459128@s.whatsapp.net":true,"33617676256@s.whatsapp.net":true,"33617676256:2@s.whatsapp.net":true,"33767921687@s.whatsapp.net":true,"33671674769@s.whatsapp.net":true,"33617051785@s.whatsapp.net":true,"33783951855@s.whatsapp.net":true,"33622605279@s.whatsapp.net":true,"21658140976@s.whatsapp.net":true,"21658140976:7@s.whatsapp.net":true,"33614814366@s.whatsapp.net":true,"33614814366:46@s.whatsapp.net":true,"33614814366:47@s.whatsapp.net":true,"33614814366:48@s.whatsapp.net":true,"33781481495@s.whatsapp.net":true,"33673185461@s.whatsapp.net":true,"33610614219@s.whatsapp.net":true,"33679643743@s.whatsapp.net":true,"33648546475@s.whatsapp.net":true,"33680312800@s.whatsapp.net":true,"393762538246@s.whatsapp.net":true,"393762538246:1@s.whatsapp.net":true,"33745396702@s.whatsapp.net":true,"33677492414@s.whatsapp.net":true,"33766322236@s.whatsapp.net":true,"33612014680@s.whatsapp.net":true,"33678791031@s.whatsapp.net":true,"33666666996@s.whatsapp.net":true,"33750367926@s.whatsapp.net":true,"33667354774@s.whatsapp.net":true,"33605921096@s.whatsapp.net":true,"33676788224@s.whatsapp.net":true,"33676788224:27@s.whatsapp.net":true}