[{"senderKeyId":1859327510,"senderChainKey":{"iteration":3,"seed":"mT8CpMYxvzOkKw+GhIb5UqglqPOh1wbBJiG7gcfiE6I="},"senderSigningKey":{"public":"Be7MBaqRU3MexxLxd5py7DMAmAEFkE3IZXHXmxkfdyJF"},"senderMessageKeys":[]},{"senderKeyId":1859327510,"senderChainKey":{"iteration":2,"seed":"DslnYZ8+pVj7cVcIPMgazP61eH1wZQiiHVDH0lYMXcI="},"senderSigningKey":{"public":"Be7MBaqRU3MexxLxd5py7DMAmAEFkE3IZXHXmxkfdyJF"},"senderMessageKeys":[]},{"senderKeyId":112962645,"senderChainKey":{"iteration":2,"seed":"tQE1nesPSkgFglEo6qGEBHGj68dJaR/npEvhGa8uIBo="},"senderSigningKey":{"public":"BQE8rlL+p1iaLPi/eeVSWoLcQyB2NbWm7NKIFkgMZ2RQ"},"senderMessageKeys":[]}]