[{"senderKeyId":2109551947,"senderChainKey":{"iteration":1,"seed":"5AQNwX2j0LMeCBU+MQ63B266SwZ41/7rlqE6aIFYXoY="},"senderSigningKey":{"public":"Bf58h/7kjRYphWT2w3P1Ld0jCAXQaEWEStgIKaENAB8u"},"senderMessageKeys":[]},{"senderKeyId":1652205591,"senderChainKey":{"iteration":4,"seed":"7MdVyyXueN6IqzcVlyutKEj6lqbfH2m3IRoNbPFWLo0="},"senderSigningKey":{"public":"BS+Q0HHAcozUumy3oBxgNkGUTeIlBNs6q0+THy7aIjtG"},"senderMessageKeys":[]},{"senderKeyId":927135126,"senderChainKey":{"iteration":1,"seed":"e+JogdF5vxACT5uz3sRx4rl7mtjFcYIrB1Ql7Zj54J0="},"senderSigningKey":{"public":"Ba5iVye9KYYGSx85KTP626I0Tkc3yGKiJxt6qXByoWEg"},"senderMessageKeys":[]},{"senderKeyId":1771326056,"senderChainKey":{"iteration":1,"seed":"g6JYtk/0sCQXApXUAJ01+nuUpSdcL0ySEv3DxIxgyWg="},"senderSigningKey":{"public":"BS9lAGebHiAT7aP6Qugd2vgsTrdC6wH0+cG63IR0RFVJ"},"senderMessageKeys":[]},{"senderKeyId":1049783846,"senderChainKey":{"iteration":2,"seed":"Kou9kJuvkqOeov5CD4Cd1qZ5x5TKUFF9bLtRxCpIgO0="},"senderSigningKey":{"public":"Bf9v3Tj0OAaUTudf92k77PjmM9UaY5R3sKV5P/Xr1T0J"},"senderMessageKeys":[]}]