[{"senderKeyId":1670817989,"senderChainKey":{"iteration":2,"seed":"mAN8Q2pmcllRp8mPuaxtvmwjWefZ56r4620oAZelyZ0="},"senderSigningKey":{"public":"BQiMmdKoosPW/CR2vtZrVzHu/uXGj1bk5sDqYkkBrL5n"},"senderMessageKeys":[]},{"senderKeyId":1306131525,"senderChainKey":{"iteration":1,"seed":"JSa2b0IdcYuVQB+Ce0swe5FdtSgWwqAmTqJqsWqDEbw="},"senderSigningKey":{"public":"BV3Vxqtq4qsb6vw1MLuwRVRV5wS2PfeeWr6+IeZsbjsQ"},"senderMessageKeys":[]},{"senderKeyId":808724932,"senderChainKey":{"iteration":2,"seed":"K/yaMbaSPorVteeUxch+7t3e6aEBUz3ZIM1VaH0Auno="},"senderSigningKey":{"public":"BXXw6MvnClojm6OPYWAsaAXYOqgNV0MRmPL97ystyqou"},"senderMessageKeys":[]},{"senderKeyId":828727979,"senderChainKey":{"iteration":13,"seed":"huLbLwETLFKe4lvBqUy9slFWbJCRpqjXJRwYCYmoaFg="},"senderSigningKey":{"public":"Bem22OeLmz06IxEbbdmJjYELFvaRlV2dDsmcMRXKtsAT"},"senderMessageKeys":[]},{"senderKeyId":1770930771,"senderChainKey":{"iteration":9,"seed":"NpRB/oYD9xAlMGjsSi35RkDGcysSzz95zM2ayJhlh9Y="},"senderSigningKey":{"public":"BdA8gNJgN4D/QcoAhrAlmgP7AhjzuyLTkDw1FZ23yhhj"},"senderMessageKeys":[]}]