[{"senderKeyId":825859677,"senderChainKey":{"iteration":1,"seed":"OSNaRS2ltQuxGrliiI/SWspJTKjF8rzKsDgXhHx3IJw="},"senderSigningKey":{"public":"BUYN/jTbwcYtk5W2T59OKp4gq0eK8iod8da6CouNE3wZ"},"senderMessageKeys":[]},{"senderKeyId":835057789,"senderChainKey":{"iteration":2,"seed":"TXLZWs4IqP9ItZKOrSoaoZ43Is/gNCUh5QrY8n4eJwM="},"senderSigningKey":{"public":"Bbyj532lAeaiYfltfsSYsYMlAUypC+90S216JxalIR8R"},"senderMessageKeys":[]},{"senderKeyId":1873913876,"senderChainKey":{"iteration":1,"seed":"VNOkGbozIU/4+VVyPbKiXswlrE+zQN+ZrIX/jcgOHKw="},"senderSigningKey":{"public":"BeeUMBaoiJjL396ei0QIeWwHz2AaOrTMhr7n8Lq6IEog"},"senderMessageKeys":[]}]