[{"senderKeyId":734413011,"senderChainKey":{"iteration":2,"seed":"jpuNp82th/Qx6HQVNUU2axTSR+QQEv/R8Fy4S8kVP3M="},"senderSigningKey":{"public":"BfNIteE6Z1g/bY5kWBVeF9IS0uTUl/T2fAFxeKgHu/oY"},"senderMessageKeys":[]},{"senderKeyId":1943237496,"senderChainKey":{"iteration":1,"seed":"taTBLzczSJtjoCVwAs6Jrm6hPCwIV+Y1GV4FEFFfvkI="},"senderSigningKey":{"public":"BZu//x9Wl+VLPscnpWR5Edxck04gUAJMMocoio6Wt6go"},"senderMessageKeys":[]},{"senderKeyId":1155849690,"senderChainKey":{"iteration":2,"seed":"TawGDgIUqrZSz5/W6+PYMZo6t+W4HOYyPxqUcema1nI="},"senderSigningKey":{"public":"BUQfGbnjll4meGScznDdftyvsyqgEyfT0EhES4U8Tt04"},"senderMessageKeys":[]}]