[{"senderKeyId":560964545,"senderChainKey":{"iteration":3,"seed":"lC/xh5XJD60AofiHpcdtXvRV5D2/eTHzk4bD+nTd+DY="},"senderSigningKey":{"public":"BTdNJRM1J1XvP1xlm4fcqxBtB3hyL3Xz5t3I2L1x8wQH"},"senderMessageKeys":[]},{"senderKeyId":1953704201,"senderChainKey":{"iteration":1,"seed":"vhI6MHfoDNKJ2Nl5ygp2jbpizIqn0h5iPoE4XU/uREs="},"senderSigningKey":{"public":"BREJiItgKtN3ADziEzw2xBBYZjxokX7y819N6cb6Zjoy"},"senderMessageKeys":[]},{"senderKeyId":1888002258,"senderChainKey":{"iteration":1,"seed":"bkjGdLJEWFGYwhqbSQ6qvJD8ba3nKxTTj0N7W+4DUcM="},"senderSigningKey":{"public":"BUDFGJrefc/UANSUovMCl5QvwdOhiKrWBRqY7/iw2dd5"},"senderMessageKeys":[]},{"senderKeyId":816964183,"senderChainKey":{"iteration":1,"seed":"DjpOgBA3uauU5nrZdt/sZVXoDZBt2FQHHR/pP6oK95w="},"senderSigningKey":{"public":"BQk/OscpVQ5m+2QVVBfealkQE1EBvEgAdWWyLJndvM4q"},"senderMessageKeys":[]},{"senderKeyId":366589298,"senderChainKey":{"iteration":1,"seed":"2h8TWaliBNi20SWyEafxcWypnj4tZE8QAqx/lAUt4N0="},"senderSigningKey":{"public":"BS4VLrzXWEQuf4gSa8gRiCoxsayfAf+3+A/uo2X6BqZm"},"senderMessageKeys":[]}]