[{"senderKeyId":1939830698,"senderChainKey":{"iteration":4,"seed":"3LmsB/wIjqqgka9eneB9HTHFAPDCg8WnaKzy3kHpXMA="},"senderSigningKey":{"public":"BYr+suEmQnRMuYcAGILePBtDYr4Uo/7W58l96IXTaO0n"},"senderMessageKeys":[]},{"senderKeyId":1737942137,"senderChainKey":{"iteration":3,"seed":"UyX8Mzpf7OhfbWF0OIsvm/A3eLEaEOHQ57aIHiVvyUY="},"senderSigningKey":{"public":"BU8eOKRwRoRgCLvTqTJsO7+/uZ08aTYvRH8fDWme2Y9C"},"senderMessageKeys":[]},{"senderKeyId":851448489,"senderChainKey":{"iteration":5,"seed":"1zhCD9TCYB/OkyBIKiT2Ja6D/DC2p6o8r/64Ekw5VLQ="},"senderSigningKey":{"public":"BbveaudBwoUjQERSHw3utJvKdHbdhQu5q5jlLqxQ9SR8"},"senderMessageKeys":[]},{"senderKeyId":851448489,"senderChainKey":{"iteration":1,"seed":"FB0mXE2c4aDW84Zi2S4jsNmSmvZFGEIADELPEbs5XPw="},"senderSigningKey":{"public":"BbveaudBwoUjQERSHw3utJvKdHbdhQu5q5jlLqxQ9SR8"},"senderMessageKeys":[]}]