[{"senderKeyId":1250702559,"senderChainKey":{"iteration":1,"seed":"roCob2QoU7kXEl2TUEldsIIYcOSwXYrDzEQ33j5nd2o="},"senderSigningKey":{"public":"BULUkgIXd6SyZZKifx62VMo+SlQ4Y8DNOVzEmlLUuUxH"},"senderMessageKeys":[]},{"senderKeyId":560821446,"senderChainKey":{"iteration":1,"seed":"29c4mc434qMra4sCc6y5QPp4GQr5iWHg9nh0bSut5xU="},"senderSigningKey":{"public":"BSPGuHeb5G4P7UZvFB36dGVDFC6YVCQJDwD/rRrUwO4F"},"senderMessageKeys":[]},{"senderKeyId":440581781,"senderChainKey":{"iteration":2,"seed":"9MXoXG/JLoexileedwQBpjFW/M6FxElb7kxN0vw/CKw="},"senderSigningKey":{"public":"BbIEntZxcV+MpjcbugmLTybLEtGpSvNQlo5FWFUwBn00"},"senderMessageKeys":[]},{"senderKeyId":1882397972,"senderChainKey":{"iteration":1,"seed":"wDJATWqOSsE8Pel8shDlgE+R3c1sfvoJKhGsL6wjiTo="},"senderSigningKey":{"public":"BZQsX66r4ZBgv8iheuVOGbpE/TGXO/fiF8a7PVvT1zZK"},"senderMessageKeys":[]}]