[{"senderKeyId":989314745,"senderChainKey":{"iteration":3,"seed":"JKjA9JXMNuss+3jD7uI8L81Ngj9Uou5hEvmRyQ5VhUY="},"senderSigningKey":{"public":"BSb/v8Qtrm1J+aoOh/P6JrJokXjdWvJwf714hbtjb9Ew"},"senderMessageKeys":[]},{"senderKeyId":989314745,"senderChainKey":{"iteration":0,"seed":"7pXwyWSvP9XUvrwvMX9/4MrQAMKEodlLctwjgOYN+do="},"senderSigningKey":{"public":"BSb/v8Qtrm1J+aoOh/P6JrJokXjdWvJwf714hbtjb9Ew"},"senderMessageKeys":[]},{"senderKeyId":1395424110,"senderChainKey":{"iteration":1,"seed":"ImWWJxCoQKmRPmJMLj7Ko3JtE/n24ryB9SipgRf+7Bo="},"senderSigningKey":{"public":"BWuZifJwBha2KhkXNg9G+cgo16lE7ZEZOgA3tJQs6iwp"},"senderMessageKeys":[]}]