[{"senderKeyId":448314655,"senderChainKey":{"iteration":8,"seed":"4LRM29mWUxxnMZfMKh2sEiPSisMPVkclqwe9y99w62A="},"senderSigningKey":{"public":"BQ4WhcsFBo7WU3S/RFSoXT26P/uKwfHbIRDWzlaW7yxZ"},"senderMessageKeys":[]},{"senderKeyId":43149265,"senderChainKey":{"iteration":17,"seed":"1KdtfaYMm1Uz5tpyYNfjAa1rP9ooM7I+FLrxaILEvuk="},"senderSigningKey":{"public":"BVPDnQJqq9IiRo6y7bDAU/UFWoGrW3NTwOhKAfhwv6tL"},"senderMessageKeys":[]},{"senderKeyId":361188045,"senderChainKey":{"iteration":19,"seed":"hg1U5g5SHwxuwvc91qCIfKmAYzjzGYdpXOtkcsoimLE="},"senderSigningKey":{"public":"BcXr9Zy7LBxrY6LWboOQxlAgMrX7Ao4PoN7xYDdCyEsr"},"senderMessageKeys":[]}]