[{"senderKeyId":1555824910,"senderChainKey":{"iteration":2,"seed":"PWewvfKIZBszrPJkls4O8oC4tkue1yUlahbzKIUVHPg="},"senderSigningKey":{"public":"BSbdphdmLwgewNR7hslfNoctUqZi2uoG5GksK4XgvEcd"},"senderMessageKeys":[]},{"senderKeyId":1555824910,"senderChainKey":{"iteration":1,"seed":"ovsuQtQpIeRevklG2al1VaYp6V+LhWtU3mKXcTC2ycE="},"senderSigningKey":{"public":"BSbdphdmLwgewNR7hslfNoctUqZi2uoG5GksK4XgvEcd"},"senderMessageKeys":[]},{"senderKeyId":1211889820,"senderChainKey":{"iteration":6,"seed":"a4y7ZDbUKuguM57KFVWk4aPZ+2rgK7kE04H/aPZdG5Y="},"senderSigningKey":{"public":"BYgNP8UmB1+FVTkRmYiaLEEq9A6TKKUgUzf6705LhHAO"},"senderMessageKeys":[]}]