[{"senderKeyId":1334818465,"senderChainKey":{"iteration":1,"seed":"7y7CfiY+cXsBMUhbZTSUv/sLaXMsMFu1jsOa/Lbofuw="},"senderSigningKey":{"public":"BXndz0l0IcqH/4t1df6XFONxquH2IIqZ4LdhbO0CeXJW"},"senderMessageKeys":[]},{"senderKeyId":1114321094,"senderChainKey":{"iteration":1,"seed":"S58rvO5MPtDjlH1POHRe4z9RLCeRYSd96yKxLuayVSQ="},"senderSigningKey":{"public":"BfdduklCK/F2+OIAyqJpxGZDzN72S63Qs1gNK7fxjbgY"},"senderMessageKeys":[]},{"senderKeyId":123769066,"senderChainKey":{"iteration":1,"seed":"ELgIOecEi6DxxTDiCs1Iw8XT9NB8z/SyN7KmYdbQuTY="},"senderSigningKey":{"public":"BQjt1ckV2VNH5iRL2cIL3eArwLEkX1JWn7gLvmUWHKo7"},"senderMessageKeys":[]},{"senderKeyId":860170543,"senderChainKey":{"iteration":1,"seed":"FF4kfpy9AGvS/J/RjL+PLOBQWs2k288u3USwUGVzWr4="},"senderSigningKey":{"public":"BTz76I34URUMyEkhzSFJXleKC2rwB1lWEfo+siXZUVEQ"},"senderMessageKeys":[]},{"senderKeyId":1133409207,"senderChainKey":{"iteration":1,"seed":"aK6fEGJkOx4yEd1hUFUrtoZzgu/nVVw5fL5GmLEvgZI="},"senderSigningKey":{"public":"BbXwWWmV5QlRuoY0vPyQJnY/Z2zs2+pYYjsZRGz+9WIG"},"senderMessageKeys":[]}]