[{"senderKeyId":1143196493,"senderChainKey":{"iteration":3,"seed":"tn1RIyTIiJByEX8kzrgIa8VU9GIKd93pE5lpN1VtNHY="},"senderSigningKey":{"public":"BTT29YA7qsbjEoqZ32e/dXHrQ2KfjmQJ+AVNY948eMUe"},"senderMessageKeys":[{}]},{"senderKeyId":1143196493,"senderChainKey":{"iteration":1,"seed":"P6HdU8XfAh5vOamluCXLuK0Twn1QYX0gg5G6I9LuiXI="},"senderSigningKey":{"public":"BTT29YA7qsbjEoqZ32e/dXHrQ2KfjmQJ+AVNY948eMUe"},"senderMessageKeys":[]},{"senderKeyId":1574961166,"senderChainKey":{"iteration":1,"seed":"78gzGOB6fGAKO3PxyCMy9Gl0xUjiZFNno/Di+QMHG6E="},"senderSigningKey":{"public":"BSOZ/XQ9j5FcJyXUzwDvYPgzdCEeHBoolGyoSz6LHxV7"},"senderMessageKeys":[]},{"senderKeyId":1783830122,"senderChainKey":{"iteration":1,"seed":"PtTF8fNdrP2tHUwcdGl4NWT/NaZKbrL/Orwou2YgbuI="},"senderSigningKey":{"public":"BYMJB0i8hszBm/bTYb4Dn9ZUDBKj2MM+BKW5iDSH5wsT"},"senderMessageKeys":[]},{"senderKeyId":2088100704,"senderChainKey":{"iteration":4,"seed":"uKeeb8KqlJyOGXercQ9FHOX8ocaY0sjgEw4aBJYCum4="},"senderSigningKey":{"public":"BS+13YM5800pRem6etX7KKuL5DY9hh3PkO1o01/Lm61O"},"senderMessageKeys":[]}]