[{"senderKeyId":1722828478,"senderChainKey":{"iteration":5,"seed":"ayHDDJUyOZa00wDcC3T1I0HVYkpFPZhQyRyGkpK5ou4="},"senderSigningKey":{"public":"Bats2dxsg0zIUqr3jDWwTCMljdXcvqu9mtJH0dVPOGY6"},"senderMessageKeys":[]},{"senderKeyId":1215909198,"senderChainKey":{"iteration":6,"seed":"gWWfNtZB04PeuJ+KbnGUxVw0KBP69f30AgZwCkwUTcY="},"senderSigningKey":{"public":"BZ1RT7paGBohquTpRdEtzZebVQ4CFh7NynUMTR3NGEFe"},"senderMessageKeys":[]},{"senderKeyId":550427061,"senderChainKey":{"iteration":2,"seed":"tHYJgaA/Fkrypm2QxmvcxIzXLyP0RcTj0PSYOoYkw90="},"senderSigningKey":{"public":"BZe+yxuri7eAvhrJKg+VeTmrZ6nqG5PEKaV+CRkDOR9W"},"senderMessageKeys":[]}]