[{"senderKeyId":1182744145,"senderChainKey":{"iteration":1,"seed":"1ElcYHMbJKUEe0Zn/t4j1p7Mf4qUUPiiDyPGYhZq5as="},"senderSigningKey":{"public":"BVjZiu+Mo692ddenkuF4ckbPV3Z0/B/QG4kWVGNotr0b"},"senderMessageKeys":[]},{"senderKeyId":1752053664,"senderChainKey":{"iteration":5,"seed":"/wbBKN0AH++KqBZpW3pu4LeRSIgm+Vnnb/ObiAP7Z7U="},"senderSigningKey":{"public":"BQ8RcYS/iVEagsj3xd7mP2jmx/xjoKh8rirYe5J9J4ll"},"senderMessageKeys":[]},{"senderKeyId":841832617,"senderChainKey":{"iteration":2,"seed":"5I1VGc9jQnfDwv2WzxC1akHQguyUhIEgufKHwFoAEG0="},"senderSigningKey":{"public":"Bcx2zqan5PwcRGKG358X5z9IMfT9He5x+Q5FIZ4enA4N"},"senderMessageKeys":[]}]