[{"senderKeyId":2035108801,"senderChainKey":{"iteration":1,"seed":"bCk0llVnBlwOH17pxYBUHoZLKfOV0WU0zYJYbfgeYys="},"senderSigningKey":{"public":"BVwZhmLI1I49dRL7IY1ZjSBQPgz4zKLpZLWTUjM4YhAU"},"senderMessageKeys":[]},{"senderKeyId":1929208012,"senderChainKey":{"iteration":1,"seed":"1p9VDqtXvYBCV4r48/FvrB6St0lgi2J4PbiL3HdE1QQ="},"senderSigningKey":{"public":"BX7hmvXIzpudyVojvXKOhdXzNojqwsnVCm0KCEu5rshW"},"senderMessageKeys":[]},{"senderKeyId":2064341490,"senderChainKey":{"iteration":3,"seed":"l/IwQnzqh0D/J2l7UFzP1sNeGLYxSLRYo4NIU13lbG8="},"senderSigningKey":{"public":"BYqp+gtF541dwUFXVNkzZgpEP9O+nqtlREtAoShdUHlM"},"senderMessageKeys":[]}]