[{"senderKeyId":2145214720,"senderChainKey":{"iteration":1,"seed":"ffs1A8ONdIg/UQp0hERhCZaqCSB6i9DqzTfKSiViqdQ="},"senderSigningKey":{"public":"BZeFQli39Xa+egkZl9vLkuECFC8LVslX+qMGiVqssesa"},"senderMessageKeys":[]},{"senderKeyId":1961346070,"senderChainKey":{"iteration":5,"seed":"EMl64U0U5rIHSgjc0fH7fWQzeEt6T0dB6EdonQYE/qw="},"senderSigningKey":{"public":"BUo0HjCeyrVH6qUm5p7Cix2yLMjnzYtfsZvq+F0+4Khf"},"senderMessageKeys":[]},{"senderKeyId":46173991,"senderChainKey":{"iteration":1,"seed":"ZLsHeAHsjjeCv3kxio/YyLuNsmYnfVa0MogmNtkTkdI="},"senderSigningKey":{"public":"BSMf730B3nz8UMVS58Ia5hEP8apKmZUtGOuvMnKcQ9oE"},"senderMessageKeys":[]}]