[{"senderKeyId":1020254788,"senderChainKey":{"iteration":22,"seed":"HnIEAbDy3wkIxqzUPG+CwmKVl/+/253B3xL+T2U3shA="},"senderSigningKey":{"public":"BTqSjYLGRBfLSlbP2/MI2F8PRH6sml1Nt9vQKccln1xK"},"senderMessageKeys":[]},{"senderKeyId":1295307356,"senderChainKey":{"iteration":7,"seed":"x7o5FbXFc1d1g1CUWj0haWY6xE0xMWZD014dcwqF42Q="},"senderSigningKey":{"public":"BRF5OA0OHoQXBbJ1sO29+Y8SQOtkTjdaSvmxNfG7xG5L"},"senderMessageKeys":[]},{"senderKeyId":1602680410,"senderChainKey":{"iteration":6,"seed":"j0kIhcyZz9P4QXdXP7ybStThBOMSRM4TJ7se4pug1Gw="},"senderSigningKey":{"public":"BQP1S6SXJtgEKZdFCwpMlt36lk5Qt/VUShqKVOyj3nt+"},"senderMessageKeys":[]},{"senderKeyId":1258890874,"senderChainKey":{"iteration":8,"seed":"hftR7BHtcX7/l5ATeuwTccIkF3BdvJd3V0v1PAgx9wA="},"senderSigningKey":{"public":"BZhaTbngEIung/US3aMWjop/ci2s/5ih5F/OjI3tQ2pl"},"senderMessageKeys":[]},{"senderKeyId":736178600,"senderChainKey":{"iteration":1,"seed":"bpKgfuWixCXEkH+cmQgCy/WUDF1LbHaBBV17yD7M7Rk="},"senderSigningKey":{"public":"BUmEKfWsm7Eefd+4EiTKicpvffTjvOqiOKp8vw8JXnFA"},"senderMessageKeys":[]}]