{"_sessions":{"BYIZuCSyKfI46xpb6uGPlkYQu0kwbyKDXIdd99j8obkX":{"registrationId":11933,"currentRatchet":{"ephemeralKeyPair":{"pubKey":"BSelYUzEQVQQQYfGj4VW3J/b7pREn1+I3CgwceDhXX4F","privKey":"WBh04RW0mvpsmarEOlYxuzITBO6RaYgf4BMDvi6xlGA="},"lastRemoteEphemeralKey":"Bbk9T5OfQUkOkJYSdzFJTWa90gAfnnL3wIMU7jOSot1A","previousCounter":0,"rootKey":"ZZugvEfBAXpPwnjCivpeLr4ce4eZS2qjEkwfGu9Ji9A="},"indexInfo":{"baseKey":"BYIZuCSyKfI46xpb6uGPlkYQu0kwbyKDXIdd99j8obkX","baseKeyType":1,"closed":-1,"used":1756499347772,"created":1756499347772,"remoteIdentityKey":"BXDPkky4Pe/c2fMakXEEGwEupcizvFm45gwVD6232chp"},"_chains":{"BSelYUzEQVQQQYfGj4VW3J/b7pREn1+I3CgwceDhXX4F":{"chainKey":{"counter":0,"key":"Cnvea0bHa8UBFhCa6y1CcY0JTyoh6Ul2Zw2taaCJQps="},"chainType":1,"messageKeys":{}}},"pendingPreKey":{"signedKeyId":1,"baseKey":"BYIZuCSyKfI46xpb6uGPlkYQu0kwbyKDXIdd99j8obkX","preKeyId":806}}},"version":"v1"}