{"_sessions":{"BbkOHXxujTz1qD6A6IZDAbfLelNvomkTt6uHS7HB2/06":{"registrationId":725443344,"currentRatchet":{"ephemeralKeyPair":{"pubKey":"BYm4KZYugf4R+Cgz011ZR3JT9kGcmFCwAwkFdzkuTOUh","privKey":"QIU3DJB1aNIdKFwtIeWl8VHQ/IrFR0MMbfzAjMaz2kU="},"lastRemoteEphemeralKey":"BXrXVIJov1UOQNBJqh2slfPvP2rG3pdjfmk00OIa8rg+","previousCounter":0,"rootKey":"pQWcXuD+3wBFFWEt2O5svjPKU0duG7qdZGMj8exkF/I="},"indexInfo":{"baseKey":"BbkOHXxujTz1qD6A6IZDAbfLelNvomkTt6uHS7HB2/06","baseKeyType":1,"closed":-1,"used":1756158052316,"created":1756158052316,"remoteIdentityKey":"BaijI9rquvgGF72ghk0JmcCK9Bf2pktkX61kay0HoEw/"},"_chains":{"BYm4KZYugf4R+Cgz011ZR3JT9kGcmFCwAwkFdzkuTOUh":{"chainKey":{"counter":5,"key":"SjKtAnicjgvgbVUQTpW6f/Xpjhlo3QpZkTjignpFFXw="},"chainType":1,"messageKeys":{}}},"pendingPreKey":{"signedKeyId":1,"baseKey":"BbkOHXxujTz1qD6A6IZDAbfLelNvomkTt6uHS7HB2/06","preKeyId":313}}},"version":"v1"}