{"_sessions":{"BRXYtXLewgprH8ZbPTT48H7v6OMVst/+TDQyHtQXG1wg":{"registrationId":354961923,"currentRatchet":{"ephemeralKeyPair":{"pubKey":"BXFNw8Lm8p+QsWfrLBfjp3+xHGjS+yCuZI7bw3Fm7NRw","privKey":"QKaM9dEMn3F5sNZf5FUFoKV+oszJ7oQoh+W4MzVsgHY="},"lastRemoteEphemeralKey":"BYyy6kOKX0HzIf7kPsKXmGInicqIGyN5dfOE9smfq8p4","previousCounter":0,"rootKey":"Fjb2wO/nnCi24/LYxOiQ9n7UVVzOmUSkM/SEuLNpo7k="},"indexInfo":{"baseKey":"BRXYtXLewgprH8ZbPTT48H7v6OMVst/+TDQyHtQXG1wg","baseKeyType":1,"closed":-1,"used":1756158052326,"created":1756158052326,"remoteIdentityKey":"BX3aFToB3DhQjbztyBUz1nResDjHE70hthcQqy7DTukJ"},"_chains":{"BXFNw8Lm8p+QsWfrLBfjp3+xHGjS+yCuZI7bw3Fm7NRw":{"chainKey":{"counter":5,"key":"AoSY7OhFUb2hAuWrP/d/bE4x9Nr1ztaXzrNHVLvjSRw="},"chainType":1,"messageKeys":{}}},"pendingPreKey":{"signedKeyId":24,"baseKey":"BRXYtXLewgprH8ZbPTT48H7v6OMVst/+TDQyHtQXG1wg","preKeyId":4270}}},"version":"v1"}