{"_sessions":{"BftAUgsFrI9XofQlUD6mAWgGXlY97HkxU8rncYi7g7ln":{"registrationId":882022682,"currentRatchet":{"ephemeralKeyPair":{"pubKey":"BTERBJcS3KdFbWB7+V18Mv3HXhgKQW+GiepNu50SBBpo","privKey":"cEW4taFTWV3lzsVQQZyCRScgGGIMWmPqR62ZqzPsnGA="},"lastRemoteEphemeralKey":"BUSlMWubVr906sBwMgZv1ZNlKP4QLppR8I2GW6YHvYI1","previousCounter":0,"rootKey":"/G/WD8JkLDkDSKYyzZQzbwzZJpga58e7BSDX30swh/I="},"indexInfo":{"baseKey":"BftAUgsFrI9XofQlUD6mAWgGXlY97HkxU8rncYi7g7ln","baseKeyType":1,"closed":-1,"used":1756158052559,"created":1756158052559,"remoteIdentityKey":"BSjoAf6fp1LwVjfW5EHxEPBtee5ZiP2B0cRLuzwMtgpG"},"_chains":{"BTERBJcS3KdFbWB7+V18Mv3HXhgKQW+GiepNu50SBBpo":{"chainKey":{"counter":5,"key":"b27r2ei6kshWbmSJfLlkdCfm/qIZc5DItt7Gxte/AlE="},"chainType":1,"messageKeys":{}}},"pendingPreKey":{"signedKeyId":6594185,"baseKey":"BftAUgsFrI9XofQlUD6mAWgGXlY97HkxU8rncYi7g7ln","preKeyId":772}}},"version":"v1"}