{"_sessions":{"BZeUWzeOCGtfXKTKPAEvrDdKf5FhHcM4uNcHJWbGuFlp":{"registrationId":621348157,"currentRatchet":{"ephemeralKeyPair":{"pubKey":"BUNdBdjd0hAAi5uOVaXiiEWC1/JPA7SKSeEwra/hEEhA","privKey":"IP/YVpr2O5bBa6uhLlafGVkcB8Hh5mVLiOAJvDGcxk4="},"lastRemoteEphemeralKey":"BTRpthGHf7rDU2ljqxZEWGy0ybDENXKZeTZRxHC3MmhO","previousCounter":0,"rootKey":"stymQeMUIDo2IThROrjhxMeJj25DEmxRjQOhuazVxsI="},"indexInfo":{"baseKey":"BZeUWzeOCGtfXKTKPAEvrDdKf5FhHcM4uNcHJWbGuFlp","baseKeyType":1,"closed":-1,"used":1756499292032,"created":1756158052406,"remoteIdentityKey":"BZ1wkiVqT9riVTcussyuGidyNfH6Dg77DZEdhKUHLacb"},"_chains":{"BeeQGFzVqPWTfKdvHI9zDtzyfcnwApbMWMGRrwHEVXZQ":{"chainKey":{"counter":0},"chainType":2,"messageKeys":{}},"BcA5zeu/93fbg4W8x8k+eE7oEZeLJ5/eJwKs2rqpCpgP":{"chainKey":{"counter":1},"chainType":2,"messageKeys":{}},"BTRpthGHf7rDU2ljqxZEWGy0ybDENXKZeTZRxHC3MmhO":{"chainKey":{"counter":0,"key":"cP6KADm8q57ZYLtG10oXnQQSUvsiWw5+obdQafET+aQ="},"chainType":2,"messageKeys":{}},"BUNdBdjd0hAAi5uOVaXiiEWC1/JPA7SKSeEwra/hEEhA":{"chainKey":{"counter":0,"key":"M9OPQfyFwgTl4vx6Wwrj7CsXJXw2MDmID7wf+mcjrw8="},"chainType":1,"messageKeys":{}}}}},"version":"v1"}