{"_sessions":{"Bb8fR/JsuPDCPnhs7dEk5J9haN2Om/AYrx3jLqQ/lWZ9":{"registrationId":1590183135,"currentRatchet":{"ephemeralKeyPair":{"pubKey":"BclKwQEeUeLGIpHZTLbeJBpa2vd/rAqw1cbjWOiuW1xF","privKey":"wG2z065q6TwQici1rsW0xi2TLLWwlOXOgMH0IrPOQ0M="},"lastRemoteEphemeralKey":"BXNwd6zT2Qs6qKLfJePdug325UbYeAhjYa7H3C+zpjsP","previousCounter":2,"rootKey":"nErNdrg3lRHR82gFh0UNnZ3X8TBIK7GWjqIiI+LEwl0="},"indexInfo":{"baseKey":"Bb8fR/JsuPDCPnhs7dEk5J9haN2Om/AYrx3jLqQ/lWZ9","baseKeyType":2,"closed":-1,"used":1756330331470,"created":1756158051329,"remoteIdentityKey":"Bf6MwtMercmIIH4XCLSXA/LSpMNFAEWLH3DBlmWEIfph"},"_chains":{"BebZfM5lznCwuSQuGt9x4+NrbihQkuEiOgHI8KXQ0EJ7":{"chainKey":{"counter":0},"chainType":2,"messageKeys":{}},"BVmYNNR4iVaLvUUmA0Ors8yQctShr3R7aSmCtcdJMbNC":{"chainKey":{"counter":1},"chainType":2,"messageKeys":{}},"BXNwd6zT2Qs6qKLfJePdug325UbYeAhjYa7H3C+zpjsP":{"chainKey":{"counter":0,"key":"gWUiFj54n43/zvMkMZ1fBHsSA/rKsXbhXPkiE0Ss8qA="},"chainType":2,"messageKeys":{}},"BclKwQEeUeLGIpHZTLbeJBpa2vd/rAqw1cbjWOiuW1xF":{"chainKey":{"counter":1,"key":"3BJ/cOogY/iQ6S9IEEOCJlmKUX4ll/onB7EToXt0u/I="},"chainType":1,"messageKeys":{}}}}},"version":"v1"}