{"_sessions":{"BaPLYlUWrYBQUWrwyildIAHcmpLNRiBUJplWZ8ZC5wBI":{"registrationId":1150543568,"currentRatchet":{"ephemeralKeyPair":{"pubKey":"BeT2dNrW7af8ds68Q4GOKa/kcT8S62jSazYtxLuJjt1T","privKey":"kKcsN220fmYoht1MPYTPWyo4YG49zeSV4OoUzwjSjko="},"lastRemoteEphemeralKey":"BfQNPxeLm3ljrXPvu7ihAFIIQvybBgl2/XIpOenFk9YI","previousCounter":0,"rootKey":"r20HxLBTQqkt8WZDMwuAnHM+xpW41AHGycNc8jUKT1g="},"indexInfo":{"baseKey":"BaPLYlUWrYBQUWrwyildIAHcmpLNRiBUJplWZ8ZC5wBI","baseKeyType":1,"closed":-1,"used":1756158052608,"created":1756158052608,"remoteIdentityKey":"BcVJ01kZppJIwSZUX+U6DkTNTvtC7gg7MKRkT4WgM0pE"},"_chains":{"BeT2dNrW7af8ds68Q4GOKa/kcT8S62jSazYtxLuJjt1T":{"chainKey":{"counter":5,"key":"m82PQo2bhTES8ZzfogGrZUYcYyPMwrcEubf67MenuLk="},"chainType":1,"messageKeys":{}}},"pendingPreKey":{"signedKeyId":15,"baseKey":"BaPLYlUWrYBQUWrwyildIAHcmpLNRiBUJplWZ8ZC5wBI","preKeyId":8755274}}},"version":"v1"}