{"_sessions":{"BTE1SAGqnsccTcLgIxA1ckgl8w2J007qk9Ty9J+JMLRR":{"registrationId":1632919236,"currentRatchet":{"ephemeralKeyPair":{"pubKey":"BRiKE00I1csy91QQXXGDviSqJPHTsW63Fow/iLog6ldq","privKey":"APrxbdZDVPw7AM8jNf4dP8lD6PW9xqbyJSA4T27QSH8="},"lastRemoteEphemeralKey":"BfLtCO8eR+oY2rfEdlTyw+ATfmiCjcxj2QHwJblfcfRP","previousCounter":0,"rootKey":"gyUINzIV0+xCdBaugFTCS4tRMgcFDEXqqVEO/m8NiDc="},"indexInfo":{"baseKey":"BTE1SAGqnsccTcLgIxA1ckgl8w2J007qk9Ty9J+JMLRR","baseKeyType":1,"closed":-1,"used":1756158052627,"created":1756158052627,"remoteIdentityKey":"BXZMUoHalHBeI9rxqxPkVlqnWVBIfGb7V/k2kLfTdsR9"},"_chains":{"BRiKE00I1csy91QQXXGDviSqJPHTsW63Fow/iLog6ldq":{"chainKey":{"counter":5,"key":"ZRl/wHP8JF/V9WZFAgWkVo44WUZPf2ou7f/m7rM4hTc="},"chainType":1,"messageKeys":{}}},"pendingPreKey":{"signedKeyId":62,"baseKey":"BTE1SAGqnsccTcLgIxA1ckgl8w2J007qk9Ty9J+JMLRR","preKeyId":8548848}}},"version":"v1"}