{"_sessions":{"BTHjEdn4kQb6gKoAppyuu7JejctwjStk+Mz9FjmJEw9m":{"registrationId":778719265,"currentRatchet":{"ephemeralKeyPair":{"pubKey":"BfeXkcSfIt5QO3kQZhISUxXSpNPAF8SxnokUca46o+hu","privKey":"OIuc1tn6uuVWTnIbgKXVoZNryXGFDEnFTybACS6lG3k="},"lastRemoteEphemeralKey":"BYgk86lyPBQgYvpgf3kmaIdCAFRX/KoQlkgqa2FjphFM","previousCounter":0,"rootKey":"NcSbtesVI0VhQXZS3x2vYwQn4aHzUvEZydMDdBEpBU8="},"indexInfo":{"baseKey":"BTHjEdn4kQb6gKoAppyuu7JejctwjStk+Mz9FjmJEw9m","baseKeyType":1,"closed":-1,"used":1756158052413,"created":1756158052413,"remoteIdentityKey":"BfQPfEhAoOiQJ+0pFoEzu930x9ekZsGzOLnN9mQNXGBM"},"_chains":{"BfeXkcSfIt5QO3kQZhISUxXSpNPAF8SxnokUca46o+hu":{"chainKey":{"counter":5,"key":"YWTsLbNQmWhV9S+r8//WLfJNHP/022EgggJZueNo5Os="},"chainType":1,"messageKeys":{}}},"pendingPreKey":{"signedKeyId":8276608,"baseKey":"BTHjEdn4kQb6gKoAppyuu7JejctwjStk+Mz9FjmJEw9m","preKeyId":1990}}},"version":"v1"}