{"_sessions":{"BbbgMlUrf3gB7ZtDHleStUMQazmcBSoI5ugJmog/laEI":{"registrationId":1451031909,"currentRatchet":{"ephemeralKeyPair":{"pubKey":"BYJm3GDk7cyQpA0tiGnNCIV1ieKbXeV9rQPHAgf7ZIYn","privKey":"oG2HzvxFUbpC9owusic8h5xkwhtLWXsNaNPsSeeE4WY="},"lastRemoteEphemeralKey":"BUhafHXqy1JAU/ffSxw7z1rdoifHg/OZUpxquihCqZY1","previousCounter":0,"rootKey":"UiAuSY7UvAa8fgKxZ3Go937xc4Veqd+q+Ohhbb3vURM="},"indexInfo":{"baseKey":"BbbgMlUrf3gB7ZtDHleStUMQazmcBSoI5ugJmog/laEI","baseKeyType":1,"closed":-1,"used":1756158052523,"created":1756158052523,"remoteIdentityKey":"BZayiekEbtMsCZoQp2jtHkWW/28b3ts6ayVUeh+jOhsU"},"_chains":{"BYJm3GDk7cyQpA0tiGnNCIV1ieKbXeV9rQPHAgf7ZIYn":{"chainKey":{"counter":5,"key":"/yLq0MCLpJoIBGQDYsZHNvmtw4lR8H1iYqO5ReS6IaQ="},"chainType":1,"messageKeys":{}}},"pendingPreKey":{"signedKeyId":36,"baseKey":"BbbgMlUrf3gB7ZtDHleStUMQazmcBSoI5ugJmog/laEI","preKeyId":10744691}}},"version":"v1"}