{"_sessions":{"BeO5WnPXv3s2TruwqxJWQR5zm3LiJfvXCUQ2rNvnYUxB":{"registrationId":13805,"currentRatchet":{"ephemeralKeyPair":{"pubKey":"BUKDXcBlTNb1QLf9j+2toHkueX8usdl/8GGHJJEfu6cs","privKey":"aBAzSrp9am7/Prs3/ZIqgAPhmmvZNPkorkv6KLxXFUM="},"lastRemoteEphemeralKey":"BUd0y6wnZbUbTBYsdM1Wnx1dl8ojXPZUqZ4xhg7H9dVl","previousCounter":0,"rootKey":"EJ+zE/Ow9+PSrvVzP8gsVAwiLnre4RH+pI+/dPqFJvw="},"indexInfo":{"baseKey":"BeO5WnPXv3s2TruwqxJWQR5zm3LiJfvXCUQ2rNvnYUxB","baseKeyType":1,"closed":-1,"used":1756158052358,"created":1756158052358,"remoteIdentityKey":"BScUei2uCKDPLZM5e77Low3Cg789xqHe2JGmIHXEvKUs"},"_chains":{"BUKDXcBlTNb1QLf9j+2toHkueX8usdl/8GGHJJEfu6cs":{"chainKey":{"counter":5,"key":"Alr3fjA/DKCiBsZcwYlOzkquVLojfgDuw5zyuNogEnA="},"chainType":1,"messageKeys":{}}},"pendingPreKey":{"signedKeyId":3,"baseKey":"BeO5WnPXv3s2TruwqxJWQR5zm3LiJfvXCUQ2rNvnYUxB","preKeyId":2136}}},"version":"v1"}