{"_sessions":{"BfH060Ab9Z4e/L6tVSqWSqXdchjdfsOnlLEtH/jlQhNk":{"registrationId":773612231,"currentRatchet":{"ephemeralKeyPair":{"pubKey":"BUQBWS0ZkOdshrxvSG8Ux2btcLfyXNPlA9dAEPlj1RA/","privKey":"OJkd4oGkbibvduVDMlM0Gx03KWdH4PaXobVAmCKFnW0="},"lastRemoteEphemeralKey":"BTD6+dVXxL1SXOJkMGBQI6pLiZFT97v7ZhtxEWjsDMQ7","previousCounter":0,"rootKey":"7oE9neNcNfk0mg4aXPQWnFlCr3tv/PWdm7FVumCQA2o="},"indexInfo":{"baseKey":"BfH060Ab9Z4e/L6tVSqWSqXdchjdfsOnlLEtH/jlQhNk","baseKeyType":1,"closed":-1,"used":1756158052611,"created":1756158052611,"remoteIdentityKey":"BRmrYjL6i7LrAVGIG/1l1FvY3YevMGvsq/XUHVXAYj0g"},"_chains":{"BUQBWS0ZkOdshrxvSG8Ux2btcLfyXNPlA9dAEPlj1RA/":{"chainKey":{"counter":5,"key":"PRiT0eDL7JCH6xch8Xw0uU4wf1gJ4SxBuQ26S1RVY3Y="},"chainType":1,"messageKeys":{}}},"pendingPreKey":{"signedKeyId":7,"baseKey":"BfH060Ab9Z4e/L6tVSqWSqXdchjdfsOnlLEtH/jlQhNk","preKeyId":10182501}}},"version":"v1"}