{"_sessions":{"BZJRd+WcLFq69HLLcNXqjGtLLiuhQODYYx4kwaK5mH9L":{"registrationId":485249800,"currentRatchet":{"ephemeralKeyPair":{"pubKey":"BT5wCGBfxiZBA0QzhSbqK1NbQechG291OP9uL7DpQxl9","privKey":"0BLV8PZHwUdeyyaoWeA/HY5b4/xdKZXETfbke691qGc="},"lastRemoteEphemeralKey":"Bd1SU/LGi6NX2r3wndgk4g3YN7U/b7bn6ZdXghousspd","previousCounter":0,"rootKey":"bZEBjgD5BnGX9HxO6Fbnw5IgTQ8WOpcEgtVSTgiHsjs="},"indexInfo":{"baseKey":"BZJRd+WcLFq69HLLcNXqjGtLLiuhQODYYx4kwaK5mH9L","baseKeyType":1,"closed":-1,"used":1756158052268,"created":1756158052268,"remoteIdentityKey":"BQD3unzudGmI34Sa1L5qzpYPs+VhJ3j4JPogCbCRraI7"},"_chains":{"BT5wCGBfxiZBA0QzhSbqK1NbQechG291OP9uL7DpQxl9":{"chainKey":{"counter":5,"key":"9wQzzJAEtMrr0qIjJ1XvdCVX4x7s0Ee9Yf7lfIgfy6I="},"chainType":1,"messageKeys":{}}},"pendingPreKey":{"signedKeyId":1,"baseKey":"BZJRd+WcLFq69HLLcNXqjGtLLiuhQODYYx4kwaK5mH9L","preKeyId":827}}},"version":"v1"}