{"_sessions":{"BQ/n3EuXRewjAD9k684NWC/C03mOxyGOAGG9uhgOPq99":{"registrationId":631,"currentRatchet":{"ephemeralKeyPair":{"pubKey":"Bdp+Acsx10I41q75HSZ+/n/DKPP5MqmSjiThA4ZDueND","privKey":"6NaX2DGkoUhW4/1HsFKaoA2BsKN/dQXyT/Qk1M86CFo="},"lastRemoteEphemeralKey":"BSIVTmvaFQFI8icqRbr4QFSBTU1I9x8hI2G02PuT9Rp9","previousCounter":0,"rootKey":"l3q0xYNsy2m2fgLehC6dpBD49lblGhH45Cdj8i51aM8="},"indexInfo":{"baseKey":"BQ/n3EuXRewjAD9k684NWC/C03mOxyGOAGG9uhgOPq99","baseKeyType":1,"closed":-1,"used":1756299438278,"created":1756299438278,"remoteIdentityKey":"BRxoylEPpFN2gT9Wc6GqVdOx2ZjWg9GbzY7J/wqioNZA"},"_chains":{"Bdp+Acsx10I41q75HSZ+/n/DKPP5MqmSjiThA4ZDueND":{"chainKey":{"counter":3,"key":"7JUdNLSHKC4PnkX5DbyGoBfbk0HEmvVyaQvL9w0AyjY="},"chainType":1,"messageKeys":{}}},"pendingPreKey":{"signedKeyId":1,"baseKey":"BQ/n3EuXRewjAD9k684NWC/C03mOxyGOAGG9uhgOPq99","preKeyId":39}}},"version":"v1"}