{"_sessions":{"BYilQiCH4Bu0/wwueM1Ronn+6JVb2ddIOmJmkwRfKqVQ":{"registrationId":1507078157,"currentRatchet":{"ephemeralKeyPair":{"pubKey":"BTOYdsE1Sfm7DS9II1VuUsN60aBxaac/EnAtiVV8Jm8G","privKey":"wKHbJ2lAKpc5iZVsh8wuH4KqP59IZkynpIbm5nkA6F4="},"lastRemoteEphemeralKey":"BfnZLGY3YiLNrH4VVZoe57URGGCT07ACFA1zKWgi/95G","previousCounter":0,"rootKey":"tdCCOVWVYgJ1upJlMZw5C6Zcjwu8ZHGh33Soo+3bg/Q="},"indexInfo":{"baseKey":"BYilQiCH4Bu0/wwueM1Ronn+6JVb2ddIOmJmkwRfKqVQ","baseKeyType":1,"closed":-1,"used":1756158052451,"created":1756158052451,"remoteIdentityKey":"BXlENxZuaYyCy1/nk/wLjA6JSMbg5jOlR+WniMgl/20t"},"_chains":{"BTOYdsE1Sfm7DS9II1VuUsN60aBxaac/EnAtiVV8Jm8G":{"chainKey":{"counter":5,"key":"F5RIuKBUgpCrpGIDCYsxJFbG+9HsSSpMSFfl0KWxG/w="},"chainType":1,"messageKeys":{}}},"pendingPreKey":{"signedKeyId":15,"baseKey":"BYilQiCH4Bu0/wwueM1Ronn+6JVb2ddIOmJmkwRfKqVQ","preKeyId":1544713}}},"version":"v1"}