{"_sessions":{"BXfuPVqHPJYkSvsQSy5PLygv3SwBHjsxCJr19cAFrOwu":{"registrationId":1313402583,"currentRatchet":{"ephemeralKeyPair":{"pubKey":"BWIyJGwmJhHx7YvFNQnOGYj9BA733tI8bILv6lOyOtJ6","privKey":"GJzwhs65Dg3L57p3jEQ8eQejF3jMGbwwef7sQMWoGFA="},"lastRemoteEphemeralKey":"BUJnAUAfI73GCDbda3FwjdEUZmvWGGao1TxW+zIgjVQP","previousCounter":0,"rootKey":"FOYBpj4WKI2HSuaoVVlahIyY3ol0HV1TtVi38lN1hYY="},"indexInfo":{"baseKey":"BXfuPVqHPJYkSvsQSy5PLygv3SwBHjsxCJr19cAFrOwu","baseKeyType":1,"closed":-1,"used":1756158052524,"created":1756158052524,"remoteIdentityKey":"BUIKCgkwsVvHFa4EZj4AEW+Hk/HGDtTQgcti8c0iZWUw"},"_chains":{"BWIyJGwmJhHx7YvFNQnOGYj9BA733tI8bILv6lOyOtJ6":{"chainKey":{"counter":5,"key":"bW5Ujp1HXC0gilRCzQkoyHQWT1eAOiWQfjcWBF+N2lc="},"chainType":1,"messageKeys":{}}},"pendingPreKey":{"signedKeyId":2854703,"baseKey":"BXfuPVqHPJYkSvsQSy5PLygv3SwBHjsxCJr19cAFrOwu","preKeyId":3971}}},"version":"v1"}