{"_sessions":{"BRp5P9ojwXVtpz+eAKGJEIxkJRCxEzHKKpxzVg2jKsZK":{"registrationId":1952791318,"currentRatchet":{"ephemeralKeyPair":{"pubKey":"BfpbStRKhLoEwdg82PHtlVVfDi76JjqMPKUzwVlM2CZp","privKey":"qOdjwLQcy1uc9fkeOHWewdOQaiJcD+IWKSby2bC91mQ="},"lastRemoteEphemeralKey":"BYXJfdFeUEqT1CfmuCx3kx2FIprqHQhfP3A3BUZWSUt0","previousCounter":0,"rootKey":"mlXTOhLbJw1fytTaqYhvG4mJnTouBajHHi+8s9YbvGA="},"indexInfo":{"baseKey":"BRp5P9ojwXVtpz+eAKGJEIxkJRCxEzHKKpxzVg2jKsZK","baseKeyType":1,"closed":-1,"used":1756158052557,"created":1756158052557,"remoteIdentityKey":"BdjHRRv52Ek+KEOlraZGX2XMUdqazVGRViap+mfFEL1y"},"_chains":{"BfpbStRKhLoEwdg82PHtlVVfDi76JjqMPKUzwVlM2CZp":{"chainKey":{"counter":5,"key":"i44zFciag/mYeHSEBhZEnVLQDd4IQ/ZfRXRsgMLPwv4="},"chainType":1,"messageKeys":{}}},"pendingPreKey":{"signedKeyId":68,"baseKey":"BRp5P9ojwXVtpz+eAKGJEIxkJRCxEzHKKpxzVg2jKsZK","preKeyId":10019995}}},"version":"v1"}