{"_sessions":{"BWU3PF8C/gXjOcwWr1VPtrRnAn0OOZzSCxXp9OhPxWoc":{"registrationId":555279056,"currentRatchet":{"ephemeralKeyPair":{"pubKey":"Ba1cgUeAbF0h8fQXxFUIFb6SbShhTMQGzxns8qhva3V9","privKey":"qHa4ivLyURzL19P281DOlZr/BYaA+qs0mJ1YATG3UmA="},"lastRemoteEphemeralKey":"Ba9h3ynwAweVwjYu9moukIw65PUu2GxKoDURnpMRDTF/","previousCounter":0,"rootKey":"sW3+dEv5VyQbU167N2f95rzfUD2xMKGAtzwKav6pJFU="},"indexInfo":{"baseKey":"BWU3PF8C/gXjOcwWr1VPtrRnAn0OOZzSCxXp9OhPxWoc","baseKeyType":1,"closed":-1,"used":1756158052549,"created":1756158052549,"remoteIdentityKey":"BXvIEthk3LpW0JWPHecjeqHqUwc2zyR2XPtXP1PMRYMa"},"_chains":{"Ba1cgUeAbF0h8fQXxFUIFb6SbShhTMQGzxns8qhva3V9":{"chainKey":{"counter":5,"key":"fyCtIUqWZj1BRGiIca++L+V1b13hpC4mM9f9UkGiLLY="},"chainType":1,"messageKeys":{}}},"pendingPreKey":{"signedKeyId":6,"baseKey":"BWU3PF8C/gXjOcwWr1VPtrRnAn0OOZzSCxXp9OhPxWoc","preKeyId":2990719}}},"version":"v1"}