{"_sessions":{"BUBW8wgtY5oKsKB+H6/ljUdkdKH/7Qs5EwZRU/rB6yFD":{"registrationId":1877928683,"currentRatchet":{"ephemeralKeyPair":{"pubKey":"BV1DuNgc8epovkNt+iWHM666lQI/RYGIP/V8IWGR3FQ9","privKey":"eFcG0IrRAOtCDL0U7aCDWcCdKkQStRWaDiVCXWpIKlo="},"lastRemoteEphemeralKey":"BVUVGrlvkY8FfNVDJGJ7OLOFvKcoMOCgYSTNqnYxJrVM","previousCounter":0,"rootKey":"q3g6D1pUHAh6KoHI0ZB77/6JPGzZ5KFftktSbeaPzMA="},"indexInfo":{"baseKey":"BUBW8wgtY5oKsKB+H6/ljUdkdKH/7Qs5EwZRU/rB6yFD","baseKeyType":2,"closed":-1,"used":1756158051421,"created":1756158051421,"remoteIdentityKey":"Bfm2BBG7pqLVWjnACpMmXn1KZ1Pal55F5RRqkBfJLF8C"},"_chains":{"BVUVGrlvkY8FfNVDJGJ7OLOFvKcoMOCgYSTNqnYxJrVM":{"chainKey":{"counter":0,"key":"m9RYl4TJCB8o6szB5sDI8XDVWpkM4tUlEKEDCSGxVNs="},"chainType":2,"messageKeys":{}},"BV1DuNgc8epovkNt+iWHM666lQI/RYGIP/V8IWGR3FQ9":{"chainKey":{"counter":5,"key":"xem0ijzVELG1ENcwAxVGpdLjM0vUB92wNPYzLE8eUK8="},"chainType":1,"messageKeys":{}}}}},"version":"v1"}