{"_sessions":{"BTIMTLbXfvyNEyYtubGFbYkxco1BoTNKa7GAlv6nFYNF":{"registrationId":474794765,"currentRatchet":{"ephemeralKeyPair":{"pubKey":"BVlgyFYI2vJt50v7HHCb9oV+SoNQvLNEr0yBRCADtlEf","privKey":"6GpY20/iw20Kz3KDiLWTv2uuiSa2wwaWku2HI3TT7W4="},"lastRemoteEphemeralKey":"BWolkqqDOyfgh382J16Jiwy3zq5hT3Mp0PzhnMBi1ZZM","previousCounter":1,"rootKey":"4Gk2Poroal2RqYvuwrM0AQ8C5uQPNPzJOpFJgoNTJhM="},"indexInfo":{"baseKey":"BTIMTLbXfvyNEyYtubGFbYkxco1BoTNKa7GAlv6nFYNF","baseKeyType":1,"closed":-1,"used":1756497634170,"created":1756158052441,"remoteIdentityKey":"Beo+usEBeMMc9QRJpSLWIaZc6yEVxBh5TgdovK8tARZj"},"_chains":{"BYLXQJjESn8oLyybaxPAL+GwLi9U+uvFj63d9ksPdXwR":{"chainKey":{"counter":1},"chainType":2,"messageKeys":{"0":"A1rNNIR7UnN4O9yf4JEujt2ul+yGtEsLn3bZM+yR7cI="}},"BXcqDHCVtiRtIX1O5PPl5zilWr2YlnHIB9HYOGU05ctF":{"chainKey":{"counter":3},"chainType":2,"messageKeys":{"0":"rwHEV8dfX8kV+Jce/ull4eliUoQ0rHsk2FhxLzlA/7w="}},"BWolkqqDOyfgh382J16Jiwy3zq5hT3Mp0PzhnMBi1ZZM":{"chainKey":{"counter":1,"key":"sZ0bihIJSKdI0FQJsVNny8ZE4quptsIEqKAY4ZXYINY="},"chainType":2,"messageKeys":{}},"BVlgyFYI2vJt50v7HHCb9oV+SoNQvLNEr0yBRCADtlEf":{"chainKey":{"counter":0,"key":"FTj9cbctrEeZJIFaM/JorteMIWjZxynQF6YQbo+UWGo="},"chainType":1,"messageKeys":{}}}}},"version":"v1"}