{"_sessions":{"BfOL+gcYbdL6vtICp6GL04zs0/mH+K5fWoLZA7W9CfZ2":{"registrationId":903299157,"currentRatchet":{"ephemeralKeyPair":{"pubKey":"BW/T/pzMVvA50l3g9LOrMYiPUDqm4pBDNsWcbBWLWg97","privKey":"UMn0+qxfIw/heWGXGDVTwE3gVRAvuBYKQC67mCH8gnU="},"lastRemoteEphemeralKey":"BXMcwLszy8NkIdvBH/v+wbQ5NtlgXfzIfQi1iCRoFVsF","previousCounter":0,"rootKey":"NSSfqQ6lTMT2TYdcNawdP36fmtVVAiqgud/3VEwX1WA="},"indexInfo":{"baseKey":"BfOL+gcYbdL6vtICp6GL04zs0/mH+K5fWoLZA7W9CfZ2","baseKeyType":1,"closed":-1,"used":1756158052437,"created":1756158052437,"remoteIdentityKey":"BeNGMAf7SKUYhRpahScnrcxa9Xxl0z2wwJ3H/+9kx2wb"},"_chains":{"BW/T/pzMVvA50l3g9LOrMYiPUDqm4pBDNsWcbBWLWg97":{"chainKey":{"counter":5,"key":"o/ftRylpejFefc/RAokF/XbS1G9j/2YkZ5hp2Da8cGw="},"chainType":1,"messageKeys":{}}},"pendingPreKey":{"signedKeyId":4395111,"baseKey":"BfOL+gcYbdL6vtICp6GL04zs0/mH+K5fWoLZA7W9CfZ2","preKeyId":5777}}},"version":"v1"}