{"_sessions":{"BZyCwfpDVbKntFb7yFtUTNXlUOhTotFxew35gIt1yAFF":{"registrationId":133833554,"currentRatchet":{"ephemeralKeyPair":{"pubKey":"Bbg/S5/xGxNk8Ww1eTb60rmthiW/TmM2+LGaX7w0GC9s","privKey":"EKmlKXji+b4oIMIyg1RAYU4RnvnOosVenz7YjIsO8Fw="},"lastRemoteEphemeralKey":"BTBKlRbWfMkyDMLv8OH0+f4LM6BCvvQHRgqsfFFuM99H","previousCounter":1,"rootKey":"ulwjrPJyuWh9mBkNHr+2MP4fkFxiD3XlHzjz8RUqWOk="},"indexInfo":{"baseKey":"BZyCwfpDVbKntFb7yFtUTNXlUOhTotFxew35gIt1yAFF","baseKeyType":1,"closed":-1,"used":1756394358184,"created":1756158052436,"remoteIdentityKey":"BWFqHrXe2Q56g2NOXRVYWMRpiTjzhjc+ZBfOY0lCqNtG"},"_chains":{"Bec1Dswq+HViwSUpmDIis6krvDHKpMxoe46TJ99QnitC":{"chainKey":{"counter":0},"chainType":2,"messageKeys":{}},"BTBKlRbWfMkyDMLv8OH0+f4LM6BCvvQHRgqsfFFuM99H":{"chainKey":{"counter":1,"key":"CWG7p2vGFSdvqiWx1gQP1W+HMotcdMzZcCRQkAeiXSk="},"chainType":2,"messageKeys":{}},"Bbg/S5/xGxNk8Ww1eTb60rmthiW/TmM2+LGaX7w0GC9s":{"chainKey":{"counter":0,"key":"RKutvMvfUfr2yzvUduvm4vtkGa0j+CdajFGX8oSqrUo="},"chainType":1,"messageKeys":{}}}}},"version":"v1"}