{"_sessions":{"BfZ6+Q3sPI/W2FPu4P2Xox1jwHSuZ6SCUbQ8IX15F19n":{"registrationId":1909055003,"currentRatchet":{"ephemeralKeyPair":{"pubKey":"BSwdo4cqB221fPgtWdlIuYku6aFizJYa518xPv5M2oR1","privKey":"oL2Hij5NGWRwX1LwJQL24sbgdpcaDRuznjBzsH6PAGI="},"lastRemoteEphemeralKey":"BezqSKco9+4zWcTlMni5qSKaOA+nNHMAo9l3b3zLgFJK","previousCounter":0,"rootKey":"WzcVUaHOb12rI2FW4OYE+5Gpv3mVpGQEyqrLYiwxHdQ="},"indexInfo":{"baseKey":"BfZ6+Q3sPI/W2FPu4P2Xox1jwHSuZ6SCUbQ8IX15F19n","baseKeyType":1,"closed":-1,"used":1756158052565,"created":1756158052565,"remoteIdentityKey":"Ba4NThAcRvrD7fJopJO9jBr6+e5SPZFl5Qgodl2onf9U"},"_chains":{"BSwdo4cqB221fPgtWdlIuYku6aFizJYa518xPv5M2oR1":{"chainKey":{"counter":5,"key":"TdEoQiCF01a9VugCjhqPbe5xRbc2wd3eNQPQjnMxcNc="},"chainType":1,"messageKeys":{}}},"pendingPreKey":{"signedKeyId":48,"baseKey":"BfZ6+Q3sPI/W2FPu4P2Xox1jwHSuZ6SCUbQ8IX15F19n","preKeyId":2895645}}},"version":"v1"}