{"_sessions":{"BTCc6W28F8vztGaj5KV1mAi1V73p7VS5m4kp9f+x0JkI":{"registrationId":1138148259,"currentRatchet":{"ephemeralKeyPair":{"pubKey":"BVasZDeYK/XFwYgtlLBkXO57UwcRMjEzD48tM9PN4oxW","privKey":"oNKVDUJrSq+8DHBJ9qK7Q5shI9r/vWnq7jBho7hlGE4="},"lastRemoteEphemeralKey":"BSaUcT6iHw3ELAObbKhAS9iurGKMsQikKnOKMVCqWJg3","previousCounter":0,"rootKey":"8pZ++JVor5AcBq8oPXdh1bWERbozE6KDNdIrElBQpaM="},"indexInfo":{"baseKey":"BTCc6W28F8vztGaj5KV1mAi1V73p7VS5m4kp9f+x0JkI","baseKeyType":1,"closed":-1,"used":1756158052421,"created":1756158052421,"remoteIdentityKey":"BcwFCrYWG1bMLsMrIsuZV9dHfiOeJ6ShGnHf+x0wd493"},"_chains":{"BVasZDeYK/XFwYgtlLBkXO57UwcRMjEzD48tM9PN4oxW":{"chainKey":{"counter":5,"key":"+2EtrZX2H8kTxhoMWvMsNpUaA30Z0KoiHYlRTIYxaCk="},"chainType":1,"messageKeys":{}}},"pendingPreKey":{"signedKeyId":7,"baseKey":"BTCc6W28F8vztGaj5KV1mAi1V73p7VS5m4kp9f+x0JkI","preKeyId":3025221}}},"version":"v1"}