{"_sessions":{"BX1DuWlMCd7vXUrt6W2sHjKHNulMPPxsqxDQ4SfBe788":{"registrationId":2063799763,"currentRatchet":{"ephemeralKeyPair":{"pubKey":"BQ8MyhifDoVtUVGSCe7mvMPtQ1cl810lBQHX8XYBSF9I","privKey":"6JNBe1SP0FkT3Wd/6cqV6KjnZABbUWCFgQuAxc8Fam0="},"lastRemoteEphemeralKey":"BUGI4k77WZkYx/Q+AIc4J8PmhBA/KHyADFTxNLLK9g45","previousCounter":0,"rootKey":"bi+gbizC6N8uWDGXfksyYgBVcuJTrVpwg41bDMASFok="},"indexInfo":{"baseKey":"BX1DuWlMCd7vXUrt6W2sHjKHNulMPPxsqxDQ4SfBe788","baseKeyType":1,"closed":-1,"used":1756158052444,"created":1756158052444,"remoteIdentityKey":"BdcwU7//da5yRwPGwDuJNlxogXolPP31H8fw0XpUz1Rj"},"_chains":{"BQ8MyhifDoVtUVGSCe7mvMPtQ1cl810lBQHX8XYBSF9I":{"chainKey":{"counter":5,"key":"PSCuYI6Vaty9UvfXqn8dUw+qLx7m1Am4+LAGwxOe+N0="},"chainType":1,"messageKeys":{}}},"pendingPreKey":{"signedKeyId":41,"baseKey":"BX1DuWlMCd7vXUrt6W2sHjKHNulMPPxsqxDQ4SfBe788","preKeyId":1990831}}},"version":"v1"}