{"_sessions":{"BZhdwoosZwe6CS1B/BGgzT2htLIMP7/vxtqsj7I3lGo7":{"registrationId":9608,"currentRatchet":{"ephemeralKeyPair":{"pubKey":"BfMgs4HeTkB8wMrXkYtS+S1JLPp+l8yuoZQqDqaEfqJw","privKey":"oOGEkamSywZy1QLvAZqX/OlZcvrKWvrD9idNzQwpunY="},"lastRemoteEphemeralKey":"BfqkOWh6WEUgULs4MlirFw2SmwjmC72CHtSYelaDmaNu","previousCounter":0,"rootKey":"Y1mQlVMdeEmx/gDi5/HE8Pj5hlDt2iR9Z90DpV962gE="},"indexInfo":{"baseKey":"BZhdwoosZwe6CS1B/BGgzT2htLIMP7/vxtqsj7I3lGo7","baseKeyType":1,"closed":-1,"used":1756299438281,"created":1756299438281,"remoteIdentityKey":"BXgmOg+vSMWz3/VPKTCnW6lJp0pc1VkZrao/kIypEa5a"},"_chains":{"BfMgs4HeTkB8wMrXkYtS+S1JLPp+l8yuoZQqDqaEfqJw":{"chainKey":{"counter":2,"key":"MbZXhAsRPPVVYly+CbBcgRSMCaYHAz7w1yRXsFzl/Bs="},"chainType":1,"messageKeys":{}}},"pendingPreKey":{"signedKeyId":1,"baseKey":"BZhdwoosZwe6CS1B/BGgzT2htLIMP7/vxtqsj7I3lGo7","preKeyId":58}}},"version":"v1"}