{"_sessions":{"BSJw8Ki/5w269J5O+ZpEheMQH6FR9I17nk2fy0DuA0dZ":{"registrationId":1276075565,"currentRatchet":{"ephemeralKeyPair":{"pubKey":"BUXnt7U7QmgNdR6NbgLBZqvsTxb9Uk4/TdTWE12/jrcN","privKey":"EPbaSf+LrtL6zgj+vQrYjE7lO9XRKLxjnn3mO45pDX4="},"lastRemoteEphemeralKey":"BXT3Yq6ZZ1u6Et7aJzQMPaG9VutFvgjfZvtJmmUUqIZN","previousCounter":0,"rootKey":"O+uM4D4y53Kp4uQrhWDDcuL45Rfhyh/6rp39RGdNrNE="},"indexInfo":{"baseKey":"BSJw8Ki/5w269J5O+ZpEheMQH6FR9I17nk2fy0DuA0dZ","baseKeyType":1,"closed":-1,"used":1756158052537,"created":1756158052537,"remoteIdentityKey":"BeYZw0yRHFLt4PGsIIGFVtmFZKcmZ7Z5Ig8ozAe1+6BO"},"_chains":{"BUXnt7U7QmgNdR6NbgLBZqvsTxb9Uk4/TdTWE12/jrcN":{"chainKey":{"counter":5,"key":"2Mx4DCShScsjPfIPY8xRxPgt2JsWVjuH2xiBb+sA3ks="},"chainType":1,"messageKeys":{}}},"pendingPreKey":{"signedKeyId":46,"baseKey":"BSJw8Ki/5w269J5O+ZpEheMQH6FR9I17nk2fy0DuA0dZ","preKeyId":422854}}},"version":"v1"}