{"_sessions":{"BTF9yZGOu2M4Eemo9k/xLQiM1taKHeOtjrquy+/rIdc8":{"registrationId":312466346,"currentRatchet":{"ephemeralKeyPair":{"pubKey":"BQGYBp8JrrjfLLH/mkKmeKWqDfBUcPK06Lc1fLURHEde","privKey":"6K0PO+ZwVquhkFiHcGaLgi4cWOH93OyTSLgYpA332U8="},"lastRemoteEphemeralKey":"BTbdY9rnznH6SnBpgExPuOG08ka6jHzHhbb3BdVRcL5W","previousCounter":0,"rootKey":"RvnR9Fr1ClwsOvZa6oSu5Zbo1sXtqbRflf+1BKOb3pY="},"indexInfo":{"baseKey":"BTF9yZGOu2M4Eemo9k/xLQiM1taKHeOtjrquy+/rIdc8","baseKeyType":1,"closed":-1,"used":1756158052520,"created":1756158052520,"remoteIdentityKey":"BQzboUSSIKZfbObFOkzLykfNT/PTVzzhdgOhDOOUSqhG"},"_chains":{"BQGYBp8JrrjfLLH/mkKmeKWqDfBUcPK06Lc1fLURHEde":{"chainKey":{"counter":5,"key":"SDFUsOIRl8ocgn6F291RkaUeTn+/zHj3F6ElEBb4Am0="},"chainType":1,"messageKeys":{}}},"pendingPreKey":{"signedKeyId":10107894,"baseKey":"BTF9yZGOu2M4Eemo9k/xLQiM1taKHeOtjrquy+/rIdc8","preKeyId":3274}}},"version":"v1"}