{"_sessions":{"BQqAnmbNFzlLXCG4D6qYTxdILo8HannvuMke+bfyipdI":{"registrationId":13267,"currentRatchet":{"ephemeralKeyPair":{"pubKey":"BRuz2FQdSycpBxB3GSMslaKSfGTTUg7xGnEGuuZA8OAd","privKey":"iLMnjvBKRkvrramIdiUKU/YKprna7hgtLf7to0arnFg="},"lastRemoteEphemeralKey":"BWTc/Tu/uw3fGCO2nukZ2byiMNG4eJgpyJQQLcRasuA4","previousCounter":0,"rootKey":"s93wanpyG66pSiqUJMiRxmvX6AAg1lzrEaI3db54vNQ="},"indexInfo":{"baseKey":"BQqAnmbNFzlLXCG4D6qYTxdILo8HannvuMke+bfyipdI","baseKeyType":1,"closed":-1,"used":1756158052322,"created":1756158052322,"remoteIdentityKey":"BXHvSCApwQN5RXzkerE8uS3h7HWiJBB/DiEF9AlwVJVu"},"_chains":{"BRuz2FQdSycpBxB3GSMslaKSfGTTUg7xGnEGuuZA8OAd":{"chainKey":{"counter":4,"key":"bx04czF/APxxrFU6jPVUKYlDDRwdBzFl37b1skuqX5Q="},"chainType":1,"messageKeys":{}}},"pendingPreKey":{"signedKeyId":1,"baseKey":"BQqAnmbNFzlLXCG4D6qYTxdILo8HannvuMke+bfyipdI","preKeyId":248}}},"version":"v1"}