{"_sessions":{"BenIZ6ev/VXXYNQxqA/nIoCfy5+VJ/TKxqrSLJQMd7ND":{"registrationId":587668644,"currentRatchet":{"ephemeralKeyPair":{"pubKey":"BZ/DlKHX1Qk8Zm/OYaTOYfUYEIfaSfVARzIdlCJlm68E","privKey":"wMbyrHhlwMgqs7hV7J8QSrSznfXcWTNwRc0mtBNrYW8="},"lastRemoteEphemeralKey":"BTAm9tQ3sj4HFIl28xwn4gxn5QyIbWP6wvL/+QgXQENk","previousCounter":0,"rootKey":"4C15IHYMC7IlbUjoSM4k2hTbd0deP/o6tFW4+HgzgoQ="},"indexInfo":{"baseKey":"BenIZ6ev/VXXYNQxqA/nIoCfy5+VJ/TKxqrSLJQMd7ND","baseKeyType":1,"closed":-1,"used":1756158052610,"created":1756158052610,"remoteIdentityKey":"BSKBbuDL8VWq7KBwdm2CGGXT5n7bjXGK/Muu92GyB0IU"},"_chains":{"BZ/DlKHX1Qk8Zm/OYaTOYfUYEIfaSfVARzIdlCJlm68E":{"chainKey":{"counter":5,"key":"H7RGOBbg2R0LtMoUUbJF2qQ3+HHx4xdCinkFNPpadbY="},"chainType":1,"messageKeys":{}}},"pendingPreKey":{"signedKeyId":2,"baseKey":"BenIZ6ev/VXXYNQxqA/nIoCfy5+VJ/TKxqrSLJQMd7ND","preKeyId":8936455}}},"version":"v1"}