{"_sessions":{"BRTUpTHogr1pJ1gmUmVvolJwVFaJMb0j8ij3U0galfE3":{"registrationId":1901560744,"currentRatchet":{"ephemeralKeyPair":{"pubKey":"BSQ2oOjFP8DYdcX0ckDeYAJg+hg1NrYMZ6b2QfuIAuNU","privKey":"0PBSXHdlFE4C9BbrgUGh0ptE+3HbWIJ4me3+nah8Q1s="},"lastRemoteEphemeralKey":"BfGEHFfo19thx5iwvPm/bjIpxoZcgpvf7601lDcM8xxS","previousCounter":0,"rootKey":"dVQASp/hDorUWdqn2we0KX+wKLs+KxLUU+RfDzlrJqQ="},"indexInfo":{"baseKey":"BRTUpTHogr1pJ1gmUmVvolJwVFaJMb0j8ij3U0galfE3","baseKeyType":1,"closed":-1,"used":1756158052602,"created":1756158052602,"remoteIdentityKey":"BfeHA5b0eQPJntHxvK5rT2NCbG1mNrWUMpRp5XLSq1kS"},"_chains":{"BSQ2oOjFP8DYdcX0ckDeYAJg+hg1NrYMZ6b2QfuIAuNU":{"chainKey":{"counter":5,"key":"QSChsPGsnu9LGP98bVzXKwBRt38ezyjIJzBaAMd83sQ="},"chainType":1,"messageKeys":{}}},"pendingPreKey":{"signedKeyId":16,"baseKey":"BRTUpTHogr1pJ1gmUmVvolJwVFaJMb0j8ij3U0galfE3","preKeyId":14130177}}},"version":"v1"}