{"_sessions":{"BQFiy4jZk3g/SXJFfIWXts0AgSey51XYiTKKVfj58VdP":{"registrationId":915127615,"currentRatchet":{"ephemeralKeyPair":{"pubKey":"BXwGIn2bKV+swehAcjCdtIdNgLMs+KLgH62g9SRK0ok7","privKey":"ePx34IhfBUfZqm80e42w0N/E2IyXmU1OjIZ5HCkGZ3Q="},"lastRemoteEphemeralKey":"BaXU1US/+mqxNHQ5sey536hFfFZ8upULSEkAfpPS0l4P","previousCounter":0,"rootKey":"OnqEhQw+DRH6eRV+N4JDMQ9KIYXFdjtWb3Te4FC0GDQ="},"indexInfo":{"baseKey":"BQFiy4jZk3g/SXJFfIWXts0AgSey51XYiTKKVfj58VdP","baseKeyType":1,"closed":-1,"used":1756158052690,"created":1756158052690,"remoteIdentityKey":"BSoHWklRQQxpp28phWYdphw+lUmPiPb81N+UVX8AE+cE"},"_chains":{"BXwGIn2bKV+swehAcjCdtIdNgLMs+KLgH62g9SRK0ok7":{"chainKey":{"counter":5,"key":"HnoUZajI8nbGyIirjx4C8snmac1uug8iSEEzRje9UI0="},"chainType":1,"messageKeys":{}}},"pendingPreKey":{"signedKeyId":10876197,"baseKey":"BQFiy4jZk3g/SXJFfIWXts0AgSey51XYiTKKVfj58VdP","preKeyId":1442}}},"version":"v1"}