{"_sessions":{"Bd05jUPca5ZbTrWB7W9fvfiShx8v08egrccxU2YO9xYW":{"registrationId":1494936475,"currentRatchet":{"ephemeralKeyPair":{"pubKey":"BYbkjIcSfTppK8t7prOs1Kn6HEeNBe8qjsMHD2vRAiwS","privKey":"GNRdQqGhswCtViw4fqKooBbsdUaZvuiOr0Ksv2TLg1E="},"lastRemoteEphemeralKey":"BafRTRKdAaMn+wAChgXA24AV+LMPenVvDHCrYyDdJxcT","previousCounter":0,"rootKey":"mlZhsMEK2ZzmlUQdxvqhM2+ZZ2LNA7ioYAUr4FbU890="},"indexInfo":{"baseKey":"Bd05jUPca5ZbTrWB7W9fvfiShx8v08egrccxU2YO9xYW","baseKeyType":1,"closed":-1,"used":1756158052689,"created":1756158052689,"remoteIdentityKey":"BV4IdUcnhp4WN7S3m0gKr0eyaLI0Sm+O81K+r+CPqwsu"},"_chains":{"BYbkjIcSfTppK8t7prOs1Kn6HEeNBe8qjsMHD2vRAiwS":{"chainKey":{"counter":5,"key":"f2TGFe5Kj5HENgGwKvSoRLX6omB9MQpXAgVdBhWBXVA="},"chainType":1,"messageKeys":{}}},"pendingPreKey":{"signedKeyId":10,"baseKey":"Bd05jUPca5ZbTrWB7W9fvfiShx8v08egrccxU2YO9xYW","preKeyId":15425918}}},"version":"v1"}