{"_sessions":{"BScWQoTU9ZVA+0zs1pwzb/huxXz8IEiFrbmScSsxnksX":{"registrationId":1056708658,"currentRatchet":{"ephemeralKeyPair":{"pubKey":"BQgRxDQP30ouO1KCKPH4NLhoqvxaaiy2Wp41n7KLBnN6","privKey":"gA3wli20Q4CRVaMyGNqsC97uo6+ZVZdLg0fVsZTm4Vk="},"lastRemoteEphemeralKey":"Bar6XBSL27y7Y1nfAsX96vDqnpuKDyKthL67UzLRXpRS","previousCounter":0,"rootKey":"fBZNBOlSF5o1YvnKkN7M/x9FzlZdFNBL8E/5OYiRuLk="},"indexInfo":{"baseKey":"BScWQoTU9ZVA+0zs1pwzb/huxXz8IEiFrbmScSsxnksX","baseKeyType":1,"closed":-1,"used":1756158052694,"created":1756158052694,"remoteIdentityKey":"BbbafL5qrndaiD6JN3RfRRlrfZfdfa/Ab4Y8pPreJ54l"},"_chains":{"BQgRxDQP30ouO1KCKPH4NLhoqvxaaiy2Wp41n7KLBnN6":{"chainKey":{"counter":5,"key":"6sa5WRQ8CxRDIM84FlKxxAdmX55foBjzfaxWO9hfU6E="},"chainType":1,"messageKeys":{}}},"pendingPreKey":{"signedKeyId":35,"baseKey":"BScWQoTU9ZVA+0zs1pwzb/huxXz8IEiFrbmScSsxnksX","preKeyId":9539493}}},"version":"v1"}