{"_sessions":{"BUm1NhWmTcoeDU+crybx3IO/5GyP7HTCL/L0L6bCoukY":{"registrationId":1545308102,"currentRatchet":{"ephemeralKeyPair":{"pubKey":"BdyL8DPhC71dsduJRMlc3WfdGKgjtmJjTpn1FbvMeY1k","privKey":"0E5ahKF5iX2uCQODl/t9SyDO9d9Weai6fKJom2BupXQ="},"lastRemoteEphemeralKey":"BQmLohGULtDROt1Rg/v6JNRHqhcEmJO1alzLPd7pNGZZ","previousCounter":0,"rootKey":"L40P95ycJAaJI0p6mLZhQ9eHPvPqIhttuCsCwHIG3IA="},"indexInfo":{"baseKey":"BUm1NhWmTcoeDU+crybx3IO/5GyP7HTCL/L0L6bCoukY","baseKeyType":1,"closed":-1,"used":1756159087224,"created":1756158052462,"remoteIdentityKey":"BZXl4iLH93yTr6+4DPFCOPHwQWwPpDo9wc95c14zXX42"},"_chains":{"BQmLohGULtDROt1Rg/v6JNRHqhcEmJO1alzLPd7pNGZZ":{"chainKey":{"counter":0,"key":"kOJfQgEk6qXyuA49kbDOK8Iv2yGCRsEnuWroBNI+A7I="},"chainType":2,"messageKeys":{}},"BdyL8DPhC71dsduJRMlc3WfdGKgjtmJjTpn1FbvMeY1k":{"chainKey":{"counter":4,"key":"tz0Wq1bC5j9ID7SSfhGEBSwh+GhLAKiuDTfI1Svcv+A="},"chainType":1,"messageKeys":{}}}}},"version":"v1"}