{"_sessions":{"BY751Q9ikOzYwZHDuJ7vzSYsdu94bu4d0cOBWvwzZAEU":{"registrationId":1133850565,"currentRatchet":{"ephemeralKeyPair":{"pubKey":"Bby0viQRW6zimpLdxtbaAazkDrVVEMPSHSK7QJMpehUf","privKey":"KIj0nsv8fsABmmqyKHX+gitJYCuk04L5d0NoGY0kr28="},"lastRemoteEphemeralKey":"BRVsR5Z8hxHy5dYWVEJbT1bkQt8qwI9o8TYnwcQMcBUw","previousCounter":3,"rootKey":"9vI17Oq2EaZcrh2sB1JooirKUKVRQSD6CcY1nIUgDFo="},"indexInfo":{"baseKey":"BY751Q9ikOzYwZHDuJ7vzSYsdu94bu4d0cOBWvwzZAEU","baseKeyType":2,"closed":-1,"used":1756391862985,"created":1756153727655,"remoteIdentityKey":"BbZAXwcdro4uSB5nyxET+0xjSVeYig8smJNceVq18UIc"},"_chains":{"BUdB7mJOzenD4eDFETc1ObbiQE44i14p/yitsMOJW1Uj":{"chainKey":{"counter":1},"chainType":2,"messageKeys":{}},"BZx/KLkaYF5LTftxk4IeELnuU1PQV3TT2hBKieYm+6Yj":{"chainKey":{"counter":0},"chainType":2,"messageKeys":{}},"BRVsR5Z8hxHy5dYWVEJbT1bkQt8qwI9o8TYnwcQMcBUw":{"chainKey":{"counter":0,"key":"q7BCIi4dlBT0ua20ZWzYmSv9blnA+3432hHZG1Tj+Us="},"chainType":2,"messageKeys":{}},"Bby0viQRW6zimpLdxtbaAazkDrVVEMPSHSK7QJMpehUf":{"chainKey":{"counter":0,"key":"r0Anr926ZcTuzGNzNDsQxJEz0WooojBCBFcYGnz2yY4="},"chainType":1,"messageKeys":{}}}}},"version":"v1"}