{"_sessions":{"BQ9L3nQlXS+b2mhlaU3oXmod8utktADeAAm0YALaPuV4":{"registrationId":91671829,"currentRatchet":{"ephemeralKeyPair":{"pubKey":"BZtAJIsgc1QBARal0Fnw3c4Imzh51RJIkvYY0Em1mrEj","privKey":"CLj5oQ4BJQXe1hjXgpAiN2ptelYGldQnvDxn9BynDk4="},"lastRemoteEphemeralKey":"BSLWTBdH9Kl1Rle7YwZbcolqjeeBGyhsr6nF4+EzhS1V","previousCounter":0,"rootKey":"fON3KA2CXiJJ5XiYAW1I+lzt9zT7JmVEsveo6l6fPdU="},"indexInfo":{"baseKey":"BQ9L3nQlXS+b2mhlaU3oXmod8utktADeAAm0YALaPuV4","baseKeyType":1,"closed":-1,"used":1756158052540,"created":1756158052540,"remoteIdentityKey":"BT9aPNvQT+C1d9q7Sg3rKR3HJIw/pH8DKiTVfoH4TR88"},"_chains":{"BZtAJIsgc1QBARal0Fnw3c4Imzh51RJIkvYY0Em1mrEj":{"chainKey":{"counter":5,"key":"pjgOiH83VnX/5nok75l65x5ctV3FEivlwM26KsvwfU4="},"chainType":1,"messageKeys":{}}},"pendingPreKey":{"signedKeyId":9057142,"baseKey":"BQ9L3nQlXS+b2mhlaU3oXmod8utktADeAAm0YALaPuV4","preKeyId":4925}}},"version":"v1"}