{"_sessions":{"BYGCheL4BUFYOc8Sa2r08d/RhW8vCBvoxrZnJ5G6P3Bt":{"registrationId":1761237906,"currentRatchet":{"ephemeralKeyPair":{"pubKey":"BRnkxJABmLm9UyUXxlKGcn+FJf/TLjYhmx2o61cxduNQ","privKey":"wGkNkMaarcSHLKMEw+Mqsb5xT194WwJMrJNCpgNhKFo="},"lastRemoteEphemeralKey":"BYwsoJB9aMowYSloLl6/FIAHRnQyyx8XUb3D5/liSnET","previousCounter":0,"rootKey":"0+H2NQACDLtBbn8dKpbfEFeYlDGbdrcjS3FHQflE7ZA="},"indexInfo":{"baseKey":"BYGCheL4BUFYOc8Sa2r08d/RhW8vCBvoxrZnJ5G6P3Bt","baseKeyType":1,"closed":-1,"used":1756158052534,"created":1756158052534,"remoteIdentityKey":"BcRlaDjFhcT2HCse0FJV0sv923Qx+5c1olt6xZmaOdoE"},"_chains":{"BRnkxJABmLm9UyUXxlKGcn+FJf/TLjYhmx2o61cxduNQ":{"chainKey":{"counter":5,"key":"KTQ9wHtCfno2O0a2MI7p18WnnFsbrEIrN+nAW3jJBRs="},"chainType":1,"messageKeys":{}}},"pendingPreKey":{"signedKeyId":13,"baseKey":"BYGCheL4BUFYOc8Sa2r08d/RhW8vCBvoxrZnJ5G6P3Bt","preKeyId":3665281}}},"version":"v1"}