{"_sessions":{"BQvguKlvRiYJZWLhsyAHd/54muYiQyyeAaC0AR9Lbi4R":{"registrationId":1598864025,"currentRatchet":{"ephemeralKeyPair":{"pubKey":"BVDFAvYkhjnCeYtnnphLn3oo1A2xwOov6GCPtggLu/de","privKey":"INeXs7hdRxl/Z9nyTBrspUwNt3aYHs+YuQ29DPnhbWo="},"lastRemoteEphemeralKey":"BQ3ss9EF92U8i8/RSNwg+NW7FAh8dpFUeakpNo7B17gc","previousCounter":0,"rootKey":"ZGemOsUITqZL33cZUcsKyT5qSm5iuI9vPgtRDz+A+Q0="},"indexInfo":{"baseKey":"BQvguKlvRiYJZWLhsyAHd/54muYiQyyeAaC0AR9Lbi4R","baseKeyType":1,"closed":1756308904038,"used":1756158052317,"created":1756158052317,"remoteIdentityKey":"BV9eOGiF9NyzrAXmD1GA0Q35rf4efmOB3yQBAg9bEqQO"},"_chains":{"BVDFAvYkhjnCeYtnnphLn3oo1A2xwOov6GCPtggLu/de":{"chainKey":{"counter":2,"key":"swUqQ/OQxC1Q1L3Cl4IJxeJ/Qui1cXHBRulZUjnhI0k="},"chainType":1,"messageKeys":{}}},"pendingPreKey":{"signedKeyId":19,"baseKey":"BQvguKlvRiYJZWLhsyAHd/54muYiQyyeAaC0AR9Lbi4R","preKeyId":1100}},"BSl+lWYZfdmYUBR8iVa17GuFHM4Dt0a0IBpNUnNtu547":{"registrationId":1598864025,"currentRatchet":{"ephemeralKeyPair":{"pubKey":"BWVkmLX39kxCb0Dn4YgUlP4gvSZkzUhYHC6nei2B92RJ","privKey":"kFcmb3RqNYRqnR3DXl7uQX8WlINov48YuAgILT0Qs1Q="},"lastRemoteEphemeralKey":"BQ3ss9EF92U8i8/RSNwg+NW7FAh8dpFUeakpNo7B17gc","previousCounter":0,"rootKey":"0Wo9ugDEcQbS8puHuDsflYpd68+V+zE8rH43TahtnOM="},"indexInfo":{"baseKey":"BSl+lWYZfdmYUBR8iVa17GuFHM4Dt0a0IBpNUnNtu547","baseKeyType":1,"closed":1756308904144,"used":1756308904036,"created":1756308904036,"remoteIdentityKey":"BV9eOGiF9NyzrAXmD1GA0Q35rf4efmOB3yQBAg9bEqQO"},"_chains":{"BWVkmLX39kxCb0Dn4YgUlP4gvSZkzUhYHC6nei2B92RJ":{"chainKey":{"counter":-1,"key":"6TgT+J41JciBB0sHqYZQzjG0ZlYPt/pe2oWjb+PctOk="},"chainType":1,"messageKeys":{}}},"pendingPreKey":{"signedKeyId":19,"baseKey":"BSl+lWYZfdmYUBR8iVa17GuFHM4Dt0a0IBpNUnNtu547","preKeyId":1285}},"BSSu+M42hUATeff8Q4C/3B26jyd04syZW6wbsstL2qU0":{"registrationId":1598864025,"currentRatchet":{"ephemeralKeyPair":{"pubKey":"BTqGJzhIFXVWy7vi3QDrRebygBqbfw0qUNtN82ce/FY+","privKey":"2G+wc272bgBWuexcHnIRw79qACE9PboenSCx2I69MWY="},"lastRemoteEphemeralKey":"BQ3ss9EF92U8i8/RSNwg+NW7FAh8dpFUeakpNo7B17gc","previousCounter":0,"rootKey":"MwGAsDSKfaFyW2q1pZPyy0JP3t+0jwNNcvfezJSyhjE="},"indexInfo":{"baseKey":"BSSu+M42hUATeff8Q4C/3B26jyd04syZW6wbsstL2qU0","baseKeyType":1,"closed":1756308907631,"used":1756308904143,"created":1756308904143,"remoteIdentityKey":"BV9eOGiF9NyzrAXmD1GA0Q35rf4efmOB3yQBAg9bEqQO"},"_chains":{"BTqGJzhIFXVWy7vi3QDrRebygBqbfw0qUNtN82ce/FY+":{"chainKey":{"counter":0,"key":"sIr2G9QVhYOYpW+OltNquI80PZTJ780rRvBaJATdYu8="},"chainType":1,"messageKeys":{}}},"pendingPreKey":{"signedKeyId":19,"baseKey":"BSSu+M42hUATeff8Q4C/3B26jyd04syZW6wbsstL2qU0","preKeyId":1391}},"BaBn1DZW5BYXA7VbV7KpPTzSpabwCgNELYmTAa1YPCNj":{"registrationId":1598864025,"currentRatchet":{"ephemeralKeyPair":{"pubKey":"Bcn8tk/HGkweIpLFoTOP0pSxNrX+/N1QVZGsHYVkXTZu","privKey":"oMHtNYMfgWcFKyXdwKtj/X+86n2fyPmhdRFfE8R+Q3k="},"lastRemoteEphemeralKey":"BQ3ss9EF92U8i8/RSNwg+NW7FAh8dpFUeakpNo7B17gc","previousCounter":0,"rootKey":"z2I+eR9y00cDS6VLZcwTp+2mZoFg6Tv6QYth88d+5ks="},"indexInfo":{"baseKey":"BaBn1DZW5BYXA7VbV7KpPTzSpabwCgNELYmTAa1YPCNj","baseKeyType":1,"closed":-1,"used":1756308907630,"created":1756308907630,"remoteIdentityKey":"BV9eOGiF9NyzrAXmD1GA0Q35rf4efmOB3yQBAg9bEqQO"},"_chains":{"Bcn8tk/HGkweIpLFoTOP0pSxNrX+/N1QVZGsHYVkXTZu":{"chainKey":{"counter":1,"key":"OnMLoRKdKkE2hOcA5+LST1r1wxDv4AA2MnLiSg8nQs8="},"chainType":1,"messageKeys":{}}},"pendingPreKey":{"signedKeyId":19,"baseKey":"BaBn1DZW5BYXA7VbV7KpPTzSpabwCgNELYmTAa1YPCNj","preKeyId":1217}}},"version":"v1"}