{"_sessions":{"BUv0ViyrL7F9CqFSgG82Se9m7eCc1h6+ZtFhFctpQNsT":{"registrationId":1055424937,"currentRatchet":{"ephemeralKeyPair":{"pubKey":"Bd1hSYDm5EXJouhGAYUKEs1RMM0BCUVUj10uM9vKu8or","privKey":"MAcC21sZPBo/nMZ4h844Rn4Yso7IA8zFc+cHmFAgrF0="},"lastRemoteEphemeralKey":"BeYZnds9Em6o+Sy1g63glg0yT25V2td2+8H4/jyTnH5T","previousCounter":0,"rootKey":"8wvqG8U3Qe0r+IUP2NjQnRj4SDi/hcijeTfgZ4D9EcI="},"indexInfo":{"baseKey":"BUv0ViyrL7F9CqFSgG82Se9m7eCc1h6+ZtFhFctpQNsT","baseKeyType":1,"closed":-1,"used":1756158052633,"created":1756158052633,"remoteIdentityKey":"BbEEcN8SOD14qs+w3rZBg/6Y3Ar/b+VoU8WhEiIkbK4w"},"_chains":{"Bd1hSYDm5EXJouhGAYUKEs1RMM0BCUVUj10uM9vKu8or":{"chainKey":{"counter":5,"key":"au+ivT+hMcEcHGlasRLIOUJVyEmXenMFNGvKVoVSMzQ="},"chainType":1,"messageKeys":{}}},"pendingPreKey":{"signedKeyId":42,"baseKey":"BUv0ViyrL7F9CqFSgG82Se9m7eCc1h6+ZtFhFctpQNsT","preKeyId":13817595}}},"version":"v1"}