{"_sessions":{"BcGtbVlpvDqJzcuNASbq09EyMCq3peXvKkJakKvFcH0w":{"registrationId":1335765965,"currentRatchet":{"ephemeralKeyPair":{"pubKey":"BTFyF/PbWYUwCEjGUtAoflRIGVfROp9xOlbO6JQUMl8L","privKey":"eCZK/6juRWbw5rDTkLmSHh+C9SKuBaP7/97fj8xd4nY="},"lastRemoteEphemeralKey":"BaFTiGyhaA75R68ljXmZWXPRnB8926PBZs2bKMNHDE9y","previousCounter":0,"rootKey":"9kmoLaoZr9oioha5jKDHpjYdLJiL1CNOCzabvnPyOwU="},"indexInfo":{"baseKey":"BcGtbVlpvDqJzcuNASbq09EyMCq3peXvKkJakKvFcH0w","baseKeyType":1,"closed":-1,"used":1756158052556,"created":1756158052556,"remoteIdentityKey":"BfI4n/PMSogByeYY5gPK8cxrEIDTdiWoRP1mTwsrT+43"},"_chains":{"BTFyF/PbWYUwCEjGUtAoflRIGVfROp9xOlbO6JQUMl8L":{"chainKey":{"counter":5,"key":"4iTBdUPq3AC6uYaov9zyX02snadHZu9vkVprLgNYuts="},"chainType":1,"messageKeys":{}}},"pendingPreKey":{"signedKeyId":19,"baseKey":"BcGtbVlpvDqJzcuNASbq09EyMCq3peXvKkJakKvFcH0w","preKeyId":2605601}}},"version":"v1"}