{"_sessions":{"BQkPhspYVTtoFK84e3VgZZ5NchddXmWqS8PW1i4/4MU3":{"registrationId":13281,"currentRatchet":{"ephemeralKeyPair":{"pubKey":"BQ7DMgfj2JOuM3hX+PYtInvPLqeZFqKYomoTy279M01m","privKey":"ONS0/nsndQWQ0NOrPwgpL89E9/zK6REQ9jNt8L56j34="},"lastRemoteEphemeralKey":"Ba+0KYfH1swo2CQ19DF51fjEtSq9fM0rQTejTyEkqioh","previousCounter":0,"rootKey":"XwTTkMKsAxsynUdJBfdPoX49yapM13dUnVK5PIOQSK0="},"indexInfo":{"baseKey":"BQkPhspYVTtoFK84e3VgZZ5NchddXmWqS8PW1i4/4MU3","baseKeyType":1,"closed":-1,"used":1756158052305,"created":1756158052305,"remoteIdentityKey":"BUSawBjfqmkmjqDWqZdM7H0j9Zh/rc00QeFOkFltkRJR"},"_chains":{"BQ7DMgfj2JOuM3hX+PYtInvPLqeZFqKYomoTy279M01m":{"chainKey":{"counter":5,"key":"VcqwnScxEc5ziw0yGd0/8SJ0OrJHRdj0x+m8kpjWP8k="},"chainType":1,"messageKeys":{}}},"pendingPreKey":{"signedKeyId":2,"baseKey":"BQkPhspYVTtoFK84e3VgZZ5NchddXmWqS8PW1i4/4MU3","preKeyId":903}}},"version":"v1"}