{"_sessions":{"BfW2uCX6zA+CDnJ1z+Af3B3ORDkNaEelLXV7/sv73YQZ":{"registrationId":228465149,"currentRatchet":{"ephemeralKeyPair":{"pubKey":"BVDuGoNXq1iq3itYQ5srWqYEEd7MWBfeK+yLvjetYrhh","privKey":"2BEUHk5xPD+g2llMb8VzwuvK1gW8+L6Rm4REzh+rJmY="},"lastRemoteEphemeralKey":"BRvrsM3N0XcbpO+0GugFJJD669nUbtu0KXhiaZjQQnh0","previousCounter":0,"rootKey":"emxBBIKL3fxpL560km39eOHdxxvgxUNgsCHVc5Wkt1Y="},"indexInfo":{"baseKey":"BfW2uCX6zA+CDnJ1z+Af3B3ORDkNaEelLXV7/sv73YQZ","baseKeyType":1,"closed":-1,"used":1756158052269,"created":1756158052269,"remoteIdentityKey":"BZtuupYrpv9D6lkVi+x9fVUmr/zuG0auaM977HFkNaIQ"},"_chains":{"BVDuGoNXq1iq3itYQ5srWqYEEd7MWBfeK+yLvjetYrhh":{"chainKey":{"counter":5,"key":"83xshGOfmLyW/9krWRA2MnrXF715iE+w1bzTwyP7no0="},"chainType":1,"messageKeys":{}}},"pendingPreKey":{"signedKeyId":1,"baseKey":"BfW2uCX6zA+CDnJ1z+Af3B3ORDkNaEelLXV7/sv73YQZ"}}},"version":"v1"}