{"_sessions":{"BYlQTg9n2t12mNuJUFUTHeMXfK58JWV+ZGxFzB4keZNV":{"registrationId":912197878,"currentRatchet":{"ephemeralKeyPair":{"pubKey":"BYWmI7xYwxN3a3SG5zvu4KkFt2ByrNbnUD5XjtD+dCE6","privKey":"8HyrEWOLbdFVmkBcIpk1MueOOHvxU80XYY/lh4T/Kl0="},"lastRemoteEphemeralKey":"BVPvsVJ6zSFJdQNg1F4PCxiqJu8VKCaGDhmdG1eaa7VJ","previousCounter":0,"rootKey":"KXHUdRsCtnROUq/Ga4NYBB1JhqLf1NWUwTTdHvt35PY="},"indexInfo":{"baseKey":"BYlQTg9n2t12mNuJUFUTHeMXfK58JWV+ZGxFzB4keZNV","baseKeyType":1,"closed":-1,"used":1756158052401,"created":1756158052401,"remoteIdentityKey":"Baipcj1SQMpTfJ9hlnIUH70x6CIDItRgJWiSEROJeqYC"},"_chains":{"BYWmI7xYwxN3a3SG5zvu4KkFt2ByrNbnUD5XjtD+dCE6":{"chainKey":{"counter":5,"key":"51HbO1Q5ExZgaDMd/wEYg1MnBVbFXKCxqiQWwdH/8yU="},"chainType":1,"messageKeys":{}}},"pendingPreKey":{"signedKeyId":26,"baseKey":"BYlQTg9n2t12mNuJUFUTHeMXfK58JWV+ZGxFzB4keZNV","preKeyId":8735457}}},"version":"v1"}