{"_sessions":{"Bawtkz58aQ15b+GugVidvZrmekSq5dsaVQ5qfVwgD6Y7":{"registrationId":1205271725,"currentRatchet":{"ephemeralKeyPair":{"pubKey":"BX1vxg9mweVcA9eu/Kb+mvlbFRzG3afPPlRFQOv0iy0x","privKey":"MLTNAxfNrecDbCW0WazU8pNI96GeeltPYV6P1rd8xXY="},"lastRemoteEphemeralKey":"BXpNb3xzjOnC/y2bGkNUz/K/JQCicQCyWqszWtpo6mQk","previousCounter":0,"rootKey":"BDYJfyINnwv8HqJI6g1KquXlGqUyltFPcNYns6N7UiY="},"indexInfo":{"baseKey":"Bawtkz58aQ15b+GugVidvZrmekSq5dsaVQ5qfVwgD6Y7","baseKeyType":1,"closed":-1,"used":1756158052542,"created":1756158052542,"remoteIdentityKey":"BWSJh1a1Qun3rHcuQjjf+Aypzz3q/UrJpo8PGHMRYYQX"},"_chains":{"BX1vxg9mweVcA9eu/Kb+mvlbFRzG3afPPlRFQOv0iy0x":{"chainKey":{"counter":5,"key":"6TTw/Gl4LiuXaQ4c5U+Sx2MH+QtFJlFFndmYE/4fSMY="},"chainType":1,"messageKeys":{}}},"pendingPreKey":{"signedKeyId":30,"baseKey":"Bawtkz58aQ15b+GugVidvZrmekSq5dsaVQ5qfVwgD6Y7","preKeyId":10188631}}},"version":"v1"}