{"_sessions":{"BdU83e7zd3Qt1DyGJmiS0bcrkdsJrBFprucw89Ye6QJO":{"registrationId":235170755,"currentRatchet":{"ephemeralKeyPair":{"pubKey":"BZ9N+f8TWq17p+ff7BMQ5VKMRJkeE4iQOo5mHk2wCUFU","privKey":"UCEc9HHa3vnlDHkZqiokGUE7S+WOBnhEqx7vYuj4tWk="},"lastRemoteEphemeralKey":"BYqr2d0lsVjDccpkInzltHJUr3MpQx4IJprYIPkkA+0h","previousCounter":0,"rootKey":"pkV9XxA5fkO/N6AdvBKznBef+dK0j8To6rPNn88TeKo="},"indexInfo":{"baseKey":"BdU83e7zd3Qt1DyGJmiS0bcrkdsJrBFprucw89Ye6QJO","baseKeyType":1,"closed":-1,"used":1756308904478,"created":1756308904478,"remoteIdentityKey":"BT6NjAcCeDG4U1lhx1oE3+6PaC60OWY9OgOlUcXpQF1N"},"_chains":{"BZ9N+f8TWq17p+ff7BMQ5VKMRJkeE4iQOo5mHk2wCUFU":{"chainKey":{"counter":3,"key":"jxucHEWnZS8fn2teKPB5Y2VV1tDvdXe0WNqnQGrBINE="},"chainType":1,"messageKeys":{}}},"pendingPreKey":{"signedKeyId":4337397,"baseKey":"BdU83e7zd3Qt1DyGJmiS0bcrkdsJrBFprucw89Ye6QJO","preKeyId":241}}},"version":"v1"}