{"_sessions":{"BVpIH9VidFvdXlfjugMOriYetEU6PwUxQWMes+XIvZU8":{"registrationId":2146019816,"currentRatchet":{"ephemeralKeyPair":{"pubKey":"BTHZabTjoYloT+dpegR+0VwooyLybm81iGh/nC3oKJp5","privKey":"UMwGjuVnruZPj6va/VaCFRhGcEleJkFZ2ubj84u6e3M="},"lastRemoteEphemeralKey":"BcTP4wLFPFPc17pGFeCwzRsuxGXoKHq3ookJiAku25Jr","previousCounter":2,"rootKey":"tDEi+FvsvjTrlCO++UqlWliLmyayRanAjqBrJK5oPzk="},"indexInfo":{"baseKey":"BVpIH9VidFvdXlfjugMOriYetEU6PwUxQWMes+XIvZU8","baseKeyType":2,"closed":-1,"used":1756507755185,"created":1756150940708,"remoteIdentityKey":"BWg3mzehuyBpT/h1h/y1EJc7Yhu5naIsgku98Xme5eIk"},"_chains":{"BfrZsk+h23bqPT5FPSZrn8D0U1xnn2xzEC87FrOjyT4x":{"chainKey":{"counter":6},"chainType":2,"messageKeys":{}},"BUl5d830/wUhWvsQCxC/wcxeUEGqpIbBv9DbzvGDpQBS":{"chainKey":{"counter":1},"chainType":2,"messageKeys":{}},"BRlEZwz61fPPbII2T0oEchLkiROIOLGKs4cQf9g4uDxX":{"chainKey":{"counter":1},"chainType":2,"messageKeys":{}},"BWMYRUVZr9cbBkYZu7VzzR0Bzyvz6QiVx54eBU3cYokL":{"chainKey":{"counter":3},"chainType":2,"messageKeys":{}},"BVAUO7Q9nqatYy+pcFWixnDhyTvNL2uK4BhoU1NGymEb":{"chainKey":{"counter":3},"chainType":2,"messageKeys":{}},"BTVbfe5ciwc71y6p6sUlV8PmQJSm5+9Q+4QFdCMTw2xH":{"chainKey":{"counter":1},"chainType":2,"messageKeys":{}},"BSLZy+F4Ki5GmS2Ub1xjVTji3Gf9d1W9mihIv8r55CQz":{"chainKey":{"counter":0},"chainType":2,"messageKeys":{}},"BTIaLjgDhSGuJZyBoWvkIIGBfy+h0NXeX2nZTK1PE7I+":{"chainKey":{"counter":4},"chainType":2,"messageKeys":{}},"BUBV6jgeivTKNAPSjvjzJe3i3J+8vsOc0EzJWEOlKbQL":{"chainKey":{"counter":0},"chainType":2,"messageKeys":{}},"BaBisBg8V7sDdyfoBPwmohDk0ThnKdApfCUZsyEKc2wP":{"chainKey":{"counter":20},"chainType":2,"messageKeys":{}},"BV29HKKUjsL+89/bM2hy4JGBksXFylY49a3xhSVTwFhK":{"chainKey":{"counter":8},"chainType":2,"messageKeys":{}},"BcTP4wLFPFPc17pGFeCwzRsuxGXoKHq3ookJiAku25Jr":{"chainKey":{"counter":1,"key":"HbLuCGLrqLv8TgSqTZ5e8qJgM84tPTFGCZ9pkUBu2Aw="},"chainType":2,"messageKeys":{}},"BTHZabTjoYloT+dpegR+0VwooyLybm81iGh/nC3oKJp5":{"chainKey":{"counter":-1,"key":"WroxbzyohSAxVpJPVk1Gt2hb9kLgcpbmp47iZwoH28o="},"chainType":1,"messageKeys":{}}}}},"version":"v1"}