{"_sessions":{"BePrLxSWOg7sdWPbBdYgHAvRyebwZaybHskZ2Z7fVL0Y":{"registrationId":656348936,"currentRatchet":{"ephemeralKeyPair":{"pubKey":"BfN06Wz6IPP6aDdldCWgCA4tMA8KCweqezKUX/Gyy/Nl","privKey":"cMLpd9eRnUqd/z3JBGAPO+MV2D52yQAQyIy3vtCnXE8="},"lastRemoteEphemeralKey":"BeA7c2LLj9+IPrc1BlMEWs63PQFpIC90y8nDs5DCLIEq","previousCounter":0,"rootKey":"H85P7EDOpWTW7g98yva189hHidI8xLFrS8SurrcfJss="},"indexInfo":{"baseKey":"BePrLxSWOg7sdWPbBdYgHAvRyebwZaybHskZ2Z7fVL0Y","baseKeyType":1,"closed":-1,"used":1756158052264,"created":1756158052264,"remoteIdentityKey":"BcwO0TtfIliNFNGvxMm6d8VbS5TlnJhoH3gyc4lMPMNI"},"_chains":{"BfN06Wz6IPP6aDdldCWgCA4tMA8KCweqezKUX/Gyy/Nl":{"chainKey":{"counter":5,"key":"zth+W37j0znhvVfEpRwacJsx3UClmHb3EkGCY+K0Syc="},"chainType":1,"messageKeys":{}}},"pendingPreKey":{"signedKeyId":81,"baseKey":"BePrLxSWOg7sdWPbBdYgHAvRyebwZaybHskZ2Z7fVL0Y","preKeyId":9759195}}},"version":"v1"}