{"_sessions":{"BYr1jmVZn6oWVMV2kQtyN3ZUdXXb8xMmUyZw4mMfEC9X":{"registrationId":11248,"currentRatchet":{"ephemeralKeyPair":{"pubKey":"BTHVHq4fTmQtq7tulzuypXHHTPo09pOzhBeMBeH8phVO","privKey":"cBSBABGqtTucgxQVHz28F3t31zoUFnhXPxOwdKPCeEM="},"lastRemoteEphemeralKey":"BWmpyy60HUKUTIN6urXcluKqPSuJSEPwtdCjX7/TbgNJ","previousCounter":0,"rootKey":"tEjZb+pgYNLlz14g0/EGJLrkw+R7Il3KK907G7wlf60="},"indexInfo":{"baseKey":"BYr1jmVZn6oWVMV2kQtyN3ZUdXXb8xMmUyZw4mMfEC9X","baseKeyType":1,"closed":-1,"used":1756160712867,"created":1756160712867,"remoteIdentityKey":"BWjRdN6be3aCFrOiXJ3NmeW+mdIDC2Tq23PcQd2Q3Soq"},"_chains":{"BTHVHq4fTmQtq7tulzuypXHHTPo09pOzhBeMBeH8phVO":{"chainKey":{"counter":6,"key":"GnpUWrDfpIliwnRVpMVN5KWn6yGIi/xFQw0zDDowMZo="},"chainType":1,"messageKeys":{}}},"pendingPreKey":{"signedKeyId":1,"baseKey":"BYr1jmVZn6oWVMV2kQtyN3ZUdXXb8xMmUyZw4mMfEC9X","preKeyId":1523}}},"version":"v1"}