{"_sessions":{"BYe59UFBu0cTmcDROkp5l/aGUTyiMp4Lf1Z1L/zB4IRG":{"registrationId":1474736823,"currentRatchet":{"ephemeralKeyPair":{"pubKey":"BSdVvscfKWNc153dgzY7mUCwZ9lO+oxjP9PuhQQF8wku","privKey":"EI/XdouBtAGNTGXnl9bws+N2cHsZP9/RmCbDKG7972E="},"lastRemoteEphemeralKey":"BQcpoJwaQxB9U6dulp2I7kf9fat8KBfPLigOx7DrIkAa","previousCounter":0,"rootKey":"gXnIQSqwSdjgsA+Ndh/HesuFUFFT8g4KmYKpmj+GVtg="},"indexInfo":{"baseKey":"BYe59UFBu0cTmcDROkp5l/aGUTyiMp4Lf1Z1L/zB4IRG","baseKeyType":1,"closed":-1,"used":1756158052578,"created":1756158052578,"remoteIdentityKey":"BVpuLgfUAWw2iH5H54gISo2VzKmtg7JnvuBKVXWs/IQG"},"_chains":{"BSdVvscfKWNc153dgzY7mUCwZ9lO+oxjP9PuhQQF8wku":{"chainKey":{"counter":5,"key":"BcOY3p2rYZVgrD70D0bO4ZATQM77bXyhXoKUz9hpL2Q="},"chainType":1,"messageKeys":{}}},"pendingPreKey":{"signedKeyId":3689281,"baseKey":"BYe59UFBu0cTmcDROkp5l/aGUTyiMp4Lf1Z1L/zB4IRG","preKeyId":2032}}},"version":"v1"}