{"_sessions":{"Bd6mlE8Ywc4ayhL9RtOcvOo/u/gpxNsleSivL8Gb4Whb":{"registrationId":1689848544,"currentRatchet":{"ephemeralKeyPair":{"pubKey":"BV46+w/qtuOt4o8jSYFJdrAw+YiX1XgfPWILCgYCd1hY","privKey":"KHU+gF2k6C4bzAYsmKzNP1sHCGiTXBn3qzUVHnKz+1U="},"lastRemoteEphemeralKey":"BfaUo5QUXC5/RvKHgUKlfK/gumhgKvuFF5pISu2dzns+","previousCounter":0,"rootKey":"g2JFpWExQblY2dcD6G2vTvI1KLEa8jXsdqlh+V4eVzY="},"indexInfo":{"baseKey":"Bd6mlE8Ywc4ayhL9RtOcvOo/u/gpxNsleSivL8Gb4Whb","baseKeyType":1,"closed":-1,"used":1756158052604,"created":1756158052604,"remoteIdentityKey":"BVGoYqAbKNxWcBephZXWBc///KzYA8HAvDpuhfSmRstG"},"_chains":{"BV46+w/qtuOt4o8jSYFJdrAw+YiX1XgfPWILCgYCd1hY":{"chainKey":{"counter":5,"key":"/eLpyo2hY8FjxM18vZ4tsMJ+Ri6YEgJGkbt6yb0BA9g="},"chainType":1,"messageKeys":{}}},"pendingPreKey":{"signedKeyId":6,"baseKey":"Bd6mlE8Ywc4ayhL9RtOcvOo/u/gpxNsleSivL8Gb4Whb","preKeyId":4735028}}},"version":"v1"}