{"_sessions":{"Bbux6acLyTLzWSlE3PK9R4+k+JbR7mdIE+Q3RRen36cz":{"registrationId":614296777,"currentRatchet":{"ephemeralKeyPair":{"pubKey":"Bc6u4/8vBiAJbyvq7zMKGFxLXYyoiVocuiG9Cs72w6hf","privKey":"eNDQ5Y9bqnm09Rdr4pGBrztfmLZ3EBJ0nOBQB0A24XE="},"lastRemoteEphemeralKey":"BVX+Wye6Zkjhqoq3kURgZVEN+u8cs630aCZ4SVqgt1N2","previousCounter":0,"rootKey":"4A4mqOX6ICxYGqrudSlY1j8FcLQrkBp+t1EPL2S0PDw="},"indexInfo":{"baseKey":"Bbux6acLyTLzWSlE3PK9R4+k+JbR7mdIE+Q3RRen36cz","baseKeyType":1,"closed":-1,"used":1756158052628,"created":1756158052628,"remoteIdentityKey":"BZg+TCyf8bPmjkG1nhZMT4mbVUbLwhnqLcSX1G1vMtVf"},"_chains":{"Bc6u4/8vBiAJbyvq7zMKGFxLXYyoiVocuiG9Cs72w6hf":{"chainKey":{"counter":5,"key":"zxj5QXq7f0Zm9Eq4D6X4/kHavZKZidrLDlqfx+B6UTU="},"chainType":1,"messageKeys":{}}},"pendingPreKey":{"signedKeyId":12654823,"baseKey":"Bbux6acLyTLzWSlE3PK9R4+k+JbR7mdIE+Q3RRen36cz","preKeyId":2164}}},"version":"v1"}