{"_sessions":{"BawbozofTV/+isHWB2yamC0jiR4YWcfvk0kE+ikaYIZR":{"registrationId":1988621098,"currentRatchet":{"ephemeralKeyPair":{"pubKey":"BR/7lYWXefmiAKNZWGw6hGx0faPCR4pqQqUVaWXFndVe","privKey":"YOLkxIdLYuouGHNuRP93xCxLmqX12pviG7Ut7QCirEk="},"lastRemoteEphemeralKey":"BdyL/qacMzdtOPVDO5DCpGkxNfQIdhcZHgItNiVt8uVA","previousCounter":0,"rootKey":"6fD6zAaImKG+ZqlnuoXbDf//AHSb89u8BZPXCIDRSfE="},"indexInfo":{"baseKey":"BawbozofTV/+isHWB2yamC0jiR4YWcfvk0kE+ikaYIZR","baseKeyType":1,"closed":-1,"used":1756158052674,"created":1756158052674,"remoteIdentityKey":"BXgykZB2IG+cu7B6a7DVSULb5E4mKuC7nDz6HJ3DS3xM"},"_chains":{"BR/7lYWXefmiAKNZWGw6hGx0faPCR4pqQqUVaWXFndVe":{"chainKey":{"counter":5,"key":"CmQp2mV0VF83k6FsMrc2bO+YlKyWjLN31DuXNaDD5Rs="},"chainType":1,"messageKeys":{}}},"pendingPreKey":{"signedKeyId":28,"baseKey":"BawbozofTV/+isHWB2yamC0jiR4YWcfvk0kE+ikaYIZR","preKeyId":12729930}}},"version":"v1"}