{"_sessions":{"Bc/jVOw2+boqrwjVit8kdvyGw6p5EcExVkOakrKFLuMS":{"registrationId":1054849651,"currentRatchet":{"ephemeralKeyPair":{"pubKey":"BdiYCAu9WmRHa4z6Uhr6thGUsJjzy6qlfGCPPx9TvnAC","privKey":"oBNP/xdI+yKbA15+CM1wGv74qWrQr7YbKxHOB11y23o="},"lastRemoteEphemeralKey":"BRjfJulZ5aeYrI2AiRuHXjzP/YjbuoFCi8Lo3Vl8EXgt","previousCounter":0,"rootKey":"J3enr0UoilCMf2jgH8mUdbmQd+QuTK99lT91Q68vTDo="},"indexInfo":{"baseKey":"Bc/jVOw2+boqrwjVit8kdvyGw6p5EcExVkOakrKFLuMS","baseKeyType":1,"closed":-1,"used":1756158052459,"created":1756158052459,"remoteIdentityKey":"BWNUm00Dhd5B7iX+YX8u6+tc8OmKYR0mVvTud2SpFt5T"},"_chains":{"BdiYCAu9WmRHa4z6Uhr6thGUsJjzy6qlfGCPPx9TvnAC":{"chainKey":{"counter":5,"key":"2GRnbTfc10FMfWAS2RLyhjQtPhRXcU6mbzdZuFltqwI="},"chainType":1,"messageKeys":{}}},"pendingPreKey":{"signedKeyId":12865497,"baseKey":"Bc/jVOw2+boqrwjVit8kdvyGw6p5EcExVkOakrKFLuMS","preKeyId":7179}}},"version":"v1"}