{"_sessions":{"BbP/XmzhCC/n5IStst0/YDqld7vOyiEnaq20qCdiCqAk":{"registrationId":1101437524,"currentRatchet":{"ephemeralKeyPair":{"pubKey":"Bap/I+yrYumNMOw8y2dIvT1uq4E8uz5A1Po0PijE/2gx","privKey":"aN1E7dEyh0rBkam4ZoCwAk8X/jhwi81vtBBFqTosnkI="},"lastRemoteEphemeralKey":"BSgukv5nzWypXGq7v/r+vhpQ9g5AC2mu2M4i7r/FiUVF","previousCounter":0,"rootKey":"muFI6mW0QCHr1GKz4DSNCLlnmGktw1ZMZpDTLTljkjY="},"indexInfo":{"baseKey":"BbP/XmzhCC/n5IStst0/YDqld7vOyiEnaq20qCdiCqAk","baseKeyType":1,"closed":-1,"used":1756158052331,"created":1756158052331,"remoteIdentityKey":"BYy3O6MWYahriXSBGK5GgsSpb6syKkHFvmQpbvkLbOwT"},"_chains":{"Bap/I+yrYumNMOw8y2dIvT1uq4E8uz5A1Po0PijE/2gx":{"chainKey":{"counter":5,"key":"yrOLeuWKbk7Us+Q1yiaDpkXRKIPlm9lPn8sraN+73bI="},"chainType":1,"messageKeys":{}}},"pendingPreKey":{"signedKeyId":10,"baseKey":"BbP/XmzhCC/n5IStst0/YDqld7vOyiEnaq20qCdiCqAk","preKeyId":1620}}},"version":"v1"}