{"_sessions":{"BYRQrxKYADECt8UI4ZioNzv+RQPzMID5I7vfPLeeehw3":{"registrationId":1703927439,"currentRatchet":{"ephemeralKeyPair":{"pubKey":"BS7KTi/gxxX83pGaBhBmneIxVzzI5lhzfZjyd97meqE2","privKey":"uMSuqzpZ2yF4Qj8qWGHUdEIxU/U2CZPDgLP3kpgSo1g="},"lastRemoteEphemeralKey":"BXuIDfg1/sD52icT1q43wp4f8CbWEzSj2oysRSy7S+tx","previousCounter":0,"rootKey":"snKjrOOWfc29XMHqI8DD0z4iSmxecGXDcFFcf69JAQQ="},"indexInfo":{"baseKey":"BYRQrxKYADECt8UI4ZioNzv+RQPzMID5I7vfPLeeehw3","baseKeyType":1,"closed":-1,"used":1756158052551,"created":1756158052551,"remoteIdentityKey":"BU792Q9II6m+TlNx/erQL/ZBvP46fTtI2RwiLKqnybJL"},"_chains":{"BS7KTi/gxxX83pGaBhBmneIxVzzI5lhzfZjyd97meqE2":{"chainKey":{"counter":5,"key":"VUPDetgPDOOLaGBoqT1A+r9980KIDGaiWYUsdnbGJUs="},"chainType":1,"messageKeys":{}}},"pendingPreKey":{"signedKeyId":7,"baseKey":"BYRQrxKYADECt8UI4ZioNzv+RQPzMID5I7vfPLeeehw3","preKeyId":16728930}}},"version":"v1"}