{"_sessions":{"BURUiy7OVasyiq7F3MBGX9XmkJTMgTlZQKQKFa9Vw15R":{"registrationId":4738,"currentRatchet":{"ephemeralKeyPair":{"pubKey":"BbP7XCKjCoHxQRYEtjXcjzfMaDRqDdmYTR2PIgAX8V5Z","privKey":"UISpAoq5bMQvx+nxwpP6rep+DNL7z3HWbpY8y4s1qW4="},"lastRemoteEphemeralKey":"BcqYHdu5VLYchie0zCsxhWg5iNnACYTrlhCsf2jRa6Zr","previousCounter":0,"rootKey":"Jn1Dqw8kQ2hgus+jhVh2j+ruE5syqPzceEvzYk6DzDw="},"indexInfo":{"baseKey":"BURUiy7OVasyiq7F3MBGX9XmkJTMgTlZQKQKFa9Vw15R","baseKeyType":1,"closed":-1,"used":1756158052336,"created":1756158052336,"remoteIdentityKey":"BazVpra1Hvn8/CgzfERfeJQX989Q6ReNKdTtic2cMcJe"},"_chains":{"BbP7XCKjCoHxQRYEtjXcjzfMaDRqDdmYTR2PIgAX8V5Z":{"chainKey":{"counter":5,"key":"PJJd9rgeP32S/J1ArYFa6I4jGnWcvg8zKrAxxlkLqdw="},"chainType":1,"messageKeys":{}}},"pendingPreKey":{"signedKeyId":4,"baseKey":"BURUiy7OVasyiq7F3MBGX9XmkJTMgTlZQKQKFa9Vw15R","preKeyId":1655}}},"version":"v1"}