{"_sessions":{"BaIWFz9gMsUP8aJlS04aLqaVqD6NGyA+u5mPV7k0wvB2":{"registrationId":1769599098,"currentRatchet":{"ephemeralKeyPair":{"pubKey":"BZA51/mxsHEKf54amwZEfCqU2SiNnnEQtnicxJZV03d8","privKey":"UEIaLLCg2dqmVvMpjTIwKMTX1A95L9gOlnjfx4heDGc="},"lastRemoteEphemeralKey":"Ba0GsNkqt8wHJhVibSiRhhftu5ThETNn/s+ogVo/tdE6","previousCounter":0,"rootKey":"XacIm8btGdGTidtufq2sigoaREcNZW0szKZLmVZ1QrI="},"indexInfo":{"baseKey":"BaIWFz9gMsUP8aJlS04aLqaVqD6NGyA+u5mPV7k0wvB2","baseKeyType":1,"closed":-1,"used":1756334836957,"created":1756158052545,"remoteIdentityKey":"BSdPhtP1gRHZG3gMH571Mf/STBe5MuPtRPceyAQITmA4"},"_chains":{"BbONgkmgORR7shMjQ710XLjOC5p6qejP16rdRy+ZSK09":{"chainKey":{"counter":0},"chainType":2,"messageKeys":{}},"BfbCHK776qzEpMDnPstVavND+BMlTFdJ3YQNR+/SY3NG":{"chainKey":{"counter":0},"chainType":2,"messageKeys":{}},"BWGm/tXnmPu+jFUH3au8VaVe2wDXGtXqvKVZrE6hEw12":{"chainKey":{"counter":0},"chainType":2,"messageKeys":{}},"Ba0GsNkqt8wHJhVibSiRhhftu5ThETNn/s+ogVo/tdE6":{"chainKey":{"counter":0,"key":"u5I1Zoi0lLwqGNLnJvnDbsd1ZccCTbKMQH4ZBQ0yHRE="},"chainType":2,"messageKeys":{}},"BZA51/mxsHEKf54amwZEfCqU2SiNnnEQtnicxJZV03d8":{"chainKey":{"counter":0,"key":"6rlURlQ8XYxYKTax25Wjg2r80Cj691weqVlW15o4Lp0="},"chainType":1,"messageKeys":{}}}}},"version":"v1"}