{"_sessions":{"BcIT406z2sPAEjbEuDqcKHkvcYIr5TP5jguo8zwiavYi":{"registrationId":349109004,"currentRatchet":{"ephemeralKeyPair":{"pubKey":"BYkEXjbCabnKH43CYpdg1pzaQSKW+VKtxwb9+fm8CqVg","privKey":"wLp0crXqRqjbNem8ZKgTzhu2kqVxwv5POv/q+bbVyF0="},"lastRemoteEphemeralKey":"BbSkKu+ghVZEL7emV4cXfMFpWDz6GzNLqp/stvltPMBE","previousCounter":0,"rootKey":"brLWQ/Sm4noVUplTq86gcygnP0tNOkNq3UWSUuGuRzg="},"indexInfo":{"baseKey":"BcIT406z2sPAEjbEuDqcKHkvcYIr5TP5jguo8zwiavYi","baseKeyType":1,"closed":-1,"used":1756158052428,"created":1756158052428,"remoteIdentityKey":"BVpymF976NpILvUDdlzdGHBn949CBm4Uyn2gZ5MnfdBc"},"_chains":{"BYkEXjbCabnKH43CYpdg1pzaQSKW+VKtxwb9+fm8CqVg":{"chainKey":{"counter":5,"key":"8AKveZDGOWdbsGfS4om7RDZ6bAfFh9jHiCFo7B4mWjI="},"chainType":1,"messageKeys":{}}},"pendingPreKey":{"signedKeyId":50,"baseKey":"BcIT406z2sPAEjbEuDqcKHkvcYIr5TP5jguo8zwiavYi","preKeyId":14924529}}},"version":"v1"}