{"_sessions":{"BVLRxovY1031GyunypqVUPC31RbZHaJTNNYNE8wt4MZv":{"registrationId":1962822700,"currentRatchet":{"ephemeralKeyPair":{"pubKey":"Be95HMr9z/cOjTnA7EVrHi0eP+xOv9aOHnVDRv3oJmwl","privKey":"6BhBFOq5M7y5WPtc1r9AlaHunVJK28cGcLOnxnCCt3s="},"lastRemoteEphemeralKey":"BUddqzgGVfZM38Dkcv6BdiUDGlaPyKOgqx7FPSVsTXN2","previousCounter":0,"rootKey":"JnEVx8httGR8Ijw22b7YUE34WKpaiCGfbjWGqsTMAt4="},"indexInfo":{"baseKey":"BVLRxovY1031GyunypqVUPC31RbZHaJTNNYNE8wt4MZv","baseKeyType":1,"closed":-1,"used":1756158052554,"created":1756158052554,"remoteIdentityKey":"BVlTM9DwNT572rkD/DkK8YjWpM9CwPt29B4L/gO/kK0B"},"_chains":{"Be95HMr9z/cOjTnA7EVrHi0eP+xOv9aOHnVDRv3oJmwl":{"chainKey":{"counter":5,"key":"3jHKFzkrUd+BggEyl+167ACFpzKfaPUm/I+hxEwsrdw="},"chainType":1,"messageKeys":{}}},"pendingPreKey":{"signedKeyId":35,"baseKey":"BVLRxovY1031GyunypqVUPC31RbZHaJTNNYNE8wt4MZv","preKeyId":4961842}}},"version":"v1"}