{"_sessions":{"BY/rekMhCpE8PYyE3FDnzWpz8EhrE9wFNcm7SqIKNNM2":{"registrationId":1218268338,"currentRatchet":{"ephemeralKeyPair":{"pubKey":"BVnogCYXbrYc04O0xWW1WlXF3ZANWhxt5fDtLpKNwCB1","privKey":"sJaZvXTDPlpi6eBccVcGAnDPhdIhrAKyBgaDhMjgjkc="},"lastRemoteEphemeralKey":"BcLXiF5fva7OFGY05NC1Mch/Yj1oOjm6ac0sbUBZqwpP","previousCounter":0,"rootKey":"O3EfqkeWZ2ndCCIv/D3DFgIDNIHqqw7o/E0Af3e75us="},"indexInfo":{"baseKey":"BY/rekMhCpE8PYyE3FDnzWpz8EhrE9wFNcm7SqIKNNM2","baseKeyType":1,"closed":-1,"used":1756158052331,"created":1756158052331,"remoteIdentityKey":"BUjNX3wPf56EhuZgaKX3iWhX9nno2/cNSCNPEtrzgOVz"},"_chains":{"BVnogCYXbrYc04O0xWW1WlXF3ZANWhxt5fDtLpKNwCB1":{"chainKey":{"counter":5,"key":"yUuH1A/7mFYkTXsj3D3wkNGq2SiuSeVdfDptV1+F8yw="},"chainType":1,"messageKeys":{}}},"pendingPreKey":{"signedKeyId":15506278,"baseKey":"BY/rekMhCpE8PYyE3FDnzWpz8EhrE9wFNcm7SqIKNNM2","preKeyId":2759}}},"version":"v1"}