{"_sessions":{"BSQr4PPpirywvDJ+lwwK5EY1v2tQf0SRYN/TKPhHjwFz":{"registrationId":1849439439,"currentRatchet":{"ephemeralKeyPair":{"pubKey":"BXHLdUNW+PpTdKhbYyMhs18UJXESGfWFQH3M9yB+tOgg","privKey":"yCMfkshHRB6fXmpqw6JLjxvaX9xIK1C913wbSrQT/3c="},"lastRemoteEphemeralKey":"Bb4MzjYPopA/o3L7RRDKLjY+IQB2rPOCQq78ecrt6jZu","previousCounter":0,"rootKey":"vvjeEfMJISmKCgykudWROXb5OB75pwNmZzMKzky4WwY="},"indexInfo":{"baseKey":"BSQr4PPpirywvDJ+lwwK5EY1v2tQf0SRYN/TKPhHjwFz","baseKeyType":1,"closed":-1,"used":1756158052596,"created":1756158052596,"remoteIdentityKey":"Bbg63CDgF5mdTE6InMgYY9H5kOkxPQLRG/HK/cFbWcNz"},"_chains":{"BXHLdUNW+PpTdKhbYyMhs18UJXESGfWFQH3M9yB+tOgg":{"chainKey":{"counter":5,"key":"URLKmm4Si+7cL8VpgThgnE1WP//nZNYz/VUQrkiPwew="},"chainType":1,"messageKeys":{}}},"pendingPreKey":{"signedKeyId":33,"baseKey":"BSQr4PPpirywvDJ+lwwK5EY1v2tQf0SRYN/TKPhHjwFz","preKeyId":7508845}}},"version":"v1"}