{"_sessions":{"BVJtmufKnjdkT9UeeHCfv+XmIy7VYFrUUXVcywN7tXwK":{"registrationId":1827767288,"currentRatchet":{"ephemeralKeyPair":{"pubKey":"BSmQ3v3SGhCPmuUTluSbZFged8/quRKSgBidfprKa/J5","privKey":"CHgTLeY/4qgqY9dF4xYmeThN+82y35aaJ57RjnkpsHE="},"lastRemoteEphemeralKey":"BSMHyrn0wt7w9uXdZrL2G9WlxoUifZKmRie6hbOz8GFS","previousCounter":0,"rootKey":"L8l3OxjRxj6oHs9GgtFwsTY7mb4RZMH+E1K984+OsWs="},"indexInfo":{"baseKey":"BVJtmufKnjdkT9UeeHCfv+XmIy7VYFrUUXVcywN7tXwK","baseKeyType":1,"closed":-1,"used":1756158052313,"created":1756158052313,"remoteIdentityKey":"BUIgSe/fjsHvYCuxAYKc6khIytQgIXNuAMLZS+1R+UsB"},"_chains":{"BSmQ3v3SGhCPmuUTluSbZFged8/quRKSgBidfprKa/J5":{"chainKey":{"counter":5,"key":"bEBsPV7LBHpNpIO0dEdSfa6bddQZmwtAKV4wD6XwQvc="},"chainType":1,"messageKeys":{}}},"pendingPreKey":{"signedKeyId":716675,"baseKey":"BVJtmufKnjdkT9UeeHCfv+XmIy7VYFrUUXVcywN7tXwK","preKeyId":3430}}},"version":"v1"}