{"_sessions":{"BZSx+n8z82Ev5he9RvI3oNcVUsTdYUa7Cmhg2ydP3ske":{"registrationId":1123424327,"currentRatchet":{"ephemeralKeyPair":{"pubKey":"BUrxI8fiVioOCIDEFUQ1fsqsEEJWQZiIaxNa8G+czrsp","privKey":"iBlsGLvXJsicdhGvK2BSyT/U9XQOmtTg4UkOFbin6kM="},"lastRemoteEphemeralKey":"BVUElSfijpOSwzOihtZVtU9rIEvoP244OF6z/ccivSVB","previousCounter":0,"rootKey":"6IdYOy6AQ7o31d6WHsrtKtLmkcdAkAGs8S73hJwaKPY="},"indexInfo":{"baseKey":"BZSx+n8z82Ev5he9RvI3oNcVUsTdYUa7Cmhg2ydP3ske","baseKeyType":1,"closed":-1,"used":1756158052315,"created":1756158052315,"remoteIdentityKey":"BV2YuwQvzDXwRhVwrRtHFFg7TQmuXQqf75xnNNCSjHNr"},"_chains":{"BUrxI8fiVioOCIDEFUQ1fsqsEEJWQZiIaxNa8G+czrsp":{"chainKey":{"counter":5,"key":"Iyk3i4Hl7R2bVjIKKdPrm3ufcTttXifoXkcjsdj+Qjk="},"chainType":1,"messageKeys":{}}},"pendingPreKey":{"signedKeyId":786666,"baseKey":"BZSx+n8z82Ev5he9RvI3oNcVUsTdYUa7Cmhg2ydP3ske","preKeyId":2614}}},"version":"v1"}