{"_sessions":{"BZ3GUdSzUrx+IJ/SBg6qwYBU4JVJx5gC9anjx/1g8iNy":{"registrationId":168114234,"currentRatchet":{"ephemeralKeyPair":{"pubKey":"BdUf8s1BcG0qEQdKH0alxP1ivMa3MsNratsjluez6pxf","privKey":"OPTYLzfBNEDK/THIP4vo0jjD4vcagYoUrF7JWG1fnk4="},"lastRemoteEphemeralKey":"BZ1C9gA2+F/Pljw6bWxyryE+TuzliHMC7BrsUo2pGKEt","previousCounter":0,"rootKey":"01sPHomc/yVlbqHyQYHAicaJ1rTPe37whZGenqjjPw4="},"indexInfo":{"baseKey":"BZ3GUdSzUrx+IJ/SBg6qwYBU4JVJx5gC9anjx/1g8iNy","baseKeyType":1,"closed":-1,"used":1756158052582,"created":1756158052582,"remoteIdentityKey":"BWXtkq/bGF6B8N/p+SsjpPUtI7zo4wOOylhHChLKNyVN"},"_chains":{"BdUf8s1BcG0qEQdKH0alxP1ivMa3MsNratsjluez6pxf":{"chainKey":{"counter":5,"key":"zXjwEKTTrjc0supolL8t4jex/0/BlWEb0WqUWCi89gM="},"chainType":1,"messageKeys":{}}},"pendingPreKey":{"signedKeyId":45,"baseKey":"BZ3GUdSzUrx+IJ/SBg6qwYBU4JVJx5gC9anjx/1g8iNy","preKeyId":14930445}}},"version":"v1"}