{"_sessions":{"BR4/W551+QJc6w+NcpzZIgtfK6FbQg+kCVBxOaML2UBs":{"registrationId":6590,"currentRatchet":{"ephemeralKeyPair":{"pubKey":"BZzN0frrkx6Fq4e5QUyVmzGAL6O684lXhFNTMzXZk3hO","privKey":"KC2N0Mlng5gdEQ4YrAuJEpWHBEOc96FO2MjztY/YaFg="},"lastRemoteEphemeralKey":"BaJT9JD0tWwW4FKGKXOxa+yq3CYhWfUoV+pPrJpAhKkG","previousCounter":0,"rootKey":"rxNwN56dCo7sWZPQvCK2H+CdBhw8N9ptqXIf/HxaGVg="},"indexInfo":{"baseKey":"BR4/W551+QJc6w+NcpzZIgtfK6FbQg+kCVBxOaML2UBs","baseKeyType":1,"closed":-1,"used":1756158052378,"created":1756158052378,"remoteIdentityKey":"Bda29RY655jFycg+kfVb6w9V0Wz5goTsOOYDqE6XoyZa"},"_chains":{"BZzN0frrkx6Fq4e5QUyVmzGAL6O684lXhFNTMzXZk3hO":{"chainKey":{"counter":0,"key":"UkY+ULfCdmgOT2xT0mLTYgqlRHiDgvOFXzgCN1n6YZk="},"chainType":1,"messageKeys":{}}},"pendingPreKey":{"signedKeyId":1,"baseKey":"BR4/W551+QJc6w+NcpzZIgtfK6FbQg+kCVBxOaML2UBs"}}},"version":"v1"}