{"_sessions":{"BdNS1VX3+E7Np4IELxTokEupXvMKEup1fKB1v+woVRMq":{"registrationId":14222,"currentRatchet":{"ephemeralKeyPair":{"pubKey":"BfZvDGpFx/ogMsH0iOPvUwryXpiLvJrZvogo9nkf5GkP","privKey":"GEIsCBL96B+6iXv1Sx/2+/A+c7l+gU86X/9N8gnmWlE="},"lastRemoteEphemeralKey":"Bee6+TOyTSTMhtvyIr9KmHsHIJcc2y2KlWrtyVBMoCZB","previousCounter":0,"rootKey":"KXJxpoP1f187usAGSTr/8I7/hJRlfheFjwtwy/5i1LY="},"indexInfo":{"baseKey":"BdNS1VX3+E7Np4IELxTokEupXvMKEup1fKB1v+woVRMq","baseKeyType":1,"closed":-1,"used":1756158052308,"created":1756158052308,"remoteIdentityKey":"BVskB3cqBvYpETTa7HOgS1uGgS7Lz5xWTEardRHTDOBn"},"_chains":{"BfZvDGpFx/ogMsH0iOPvUwryXpiLvJrZvogo9nkf5GkP":{"chainKey":{"counter":5,"key":"TZvhU54qyzfy+eOUjuogVnPC1G5qWQZNcub9y10MBoc="},"chainType":1,"messageKeys":{}}},"pendingPreKey":{"signedKeyId":25,"baseKey":"BdNS1VX3+E7Np4IELxTokEupXvMKEup1fKB1v+woVRMq"}}},"version":"v1"}