{"_sessions":{"BRIgEh1UyTYDC0d6QujblzFCqYgs4lPixIFxbcAt/+Ae":{"registrationId":8434,"currentRatchet":{"ephemeralKeyPair":{"pubKey":"BYq+cJYJk9QodnjQ19yBcOuwC5ytDoUi/gUrRWfO+WAL","privKey":"4CLc5Kt625+KpUiQO3TrI4Z1sT8vIQsI4ifSRml10ko="},"lastRemoteEphemeralKey":"BdKadbi56Kscn4gzdFNsv/Epz29ifJ1FWe5fd7cX7wAL","previousCounter":0,"rootKey":"iw+Exp89bz7pOCLvkqAfTZr9fMRML7qksAcZ+xB/XU0="},"indexInfo":{"baseKey":"BRIgEh1UyTYDC0d6QujblzFCqYgs4lPixIFxbcAt/+Ae","baseKeyType":1,"closed":-1,"used":1756158052393,"created":1756158052393,"remoteIdentityKey":"BQ0V9VLBEgCS6QxI+ltnr/UtsxIA7SXnXIf92ub+0psf"},"_chains":{"BYq+cJYJk9QodnjQ19yBcOuwC5ytDoUi/gUrRWfO+WAL":{"chainKey":{"counter":5,"key":"roMithqgb85gnkONSN5kOg+NdTjlky57CS6KQJWY3gQ="},"chainType":1,"messageKeys":{}}},"pendingPreKey":{"signedKeyId":1,"baseKey":"BRIgEh1UyTYDC0d6QujblzFCqYgs4lPixIFxbcAt/+Ae","preKeyId":882}}},"version":"v1"}