{"_sessions":{"Be7qEswzDoj/IRgJAvTT0l+n/jB8TjsB8ixkTXc+UAoY":{"registrationId":2066870161,"currentRatchet":{"ephemeralKeyPair":{"pubKey":"BTwKSrYQ3aFsxc5b7EA5zLADFJvq+sHx+3GDXPJviWgn","privKey":"yMmDbOq+N7F+JcwzQI9THyWH6YWA3EdBZaCSumo2NGs="},"lastRemoteEphemeralKey":"BV/rc/dgS0evHz1A8PKbDvqsW7QBg6F+FAeMFkQY0wV6","previousCounter":0,"rootKey":"wj9iktStEKNWnxRfBJuOjPu2I8J1hEX2IEUKCy/P8Sc="},"indexInfo":{"baseKey":"Be7qEswzDoj/IRgJAvTT0l+n/jB8TjsB8ixkTXc+UAoY","baseKeyType":1,"closed":-1,"used":1756158052562,"created":1756158052562,"remoteIdentityKey":"BaeU1QF80D7vchHBfXPA5nfQuVYotcSe2SoJ30ts49Nd"},"_chains":{"BTwKSrYQ3aFsxc5b7EA5zLADFJvq+sHx+3GDXPJviWgn":{"chainKey":{"counter":5,"key":"Rh9iwbHoAVCcuUw3ujmXcZEy7HgMkjTdVvQfj1RHLWo="},"chainType":1,"messageKeys":{}}},"pendingPreKey":{"signedKeyId":34,"baseKey":"Be7qEswzDoj/IRgJAvTT0l+n/jB8TjsB8ixkTXc+UAoY","preKeyId":11387173}}},"version":"v1"}