{"_sessions":{"BcMreA+X1IADxQ0y7LBtFnplsEcFMZ4zrFeRMVxwJBBe":{"registrationId":338,"currentRatchet":{"ephemeralKeyPair":{"pubKey":"BYr/20uG4xDecK9jgIjs3f6983fkSI4eQuY9nDv659cJ","privKey":"ADF+LKLjB4PxA27GJyE08dnA+pzsMUhG3+b7Ahvb228="},"lastRemoteEphemeralKey":"BXJ+kjYEEg+zM/8Tf9wRqCPI6eo4Mfca9eiy4JQ0usAE","previousCounter":0,"rootKey":"CaQV2X8ZNUifVoG/UYFbUUWj8GozQTcoKeq+FdZhiH4="},"indexInfo":{"baseKey":"BcMreA+X1IADxQ0y7LBtFnplsEcFMZ4zrFeRMVxwJBBe","baseKeyType":1,"closed":-1,"used":1756158052393,"created":1756158052393,"remoteIdentityKey":"BZKoBq2qcWbkDUXEF/Pg3Ze8Ijv6ue21Tj6NS90G1HYF"},"_chains":{"BYr/20uG4xDecK9jgIjs3f6983fkSI4eQuY9nDv659cJ":{"chainKey":{"counter":5,"key":"TmAw4ufXNOu5y6PrBTGq70t1Du9Ms6+ekmStFeAn/vc="},"chainType":1,"messageKeys":{}}},"pendingPreKey":{"signedKeyId":3,"baseKey":"BcMreA+X1IADxQ0y7LBtFnplsEcFMZ4zrFeRMVxwJBBe"}}},"version":"v1"}