{"_sessions":{"BeXj2tWzKTAcpNgmisdaPJ0axSWLW18QnHMX94tJlY9S":{"registrationId":1160703983,"currentRatchet":{"ephemeralKeyPair":{"pubKey":"BRersNX5w6eEWVNmI5jj+/CluqiHWp/OPhO3/hOnPDNR","privKey":"GCJx1EbkdL1720jBWtJYFMzPA9tXFsFjR6VsOooqcHs="},"lastRemoteEphemeralKey":"BdJNB1st19OKgr1Ir2xf57RK07AnW5J2jLxgiX2VU5UO","previousCounter":0,"rootKey":"aJOGY41x7oHH6mJuFxyy9jsu1cA9eBEEO0nsC58WksE="},"indexInfo":{"baseKey":"BeXj2tWzKTAcpNgmisdaPJ0axSWLW18QnHMX94tJlY9S","baseKeyType":1,"closed":-1,"used":1756158052423,"created":1756158052423,"remoteIdentityKey":"BcDXZoGaZmQUnL9N5jZEW03ldZTP39q+04Yuvc8ZD7IN"},"_chains":{"BRersNX5w6eEWVNmI5jj+/CluqiHWp/OPhO3/hOnPDNR":{"chainKey":{"counter":5,"key":"7mY2GnWz4vJqADOw1Iuq1Bj4mkeGjaFeDh9c3UK7dQw="},"chainType":1,"messageKeys":{}}},"pendingPreKey":{"signedKeyId":10,"baseKey":"BeXj2tWzKTAcpNgmisdaPJ0axSWLW18QnHMX94tJlY9S","preKeyId":13468087}}},"version":"v1"}