{"_sessions":{"BYVZzDpyNOD51Wxvp6mjzAvzazEhcL7cR2UfZcBdvIFw":{"registrationId":1828233809,"currentRatchet":{"ephemeralKeyPair":{"pubKey":"BVoStleTjuSDW90amF/jR+JDcmqjytU/FjRMQGX30jQa","privKey":"qPV9314J1+rdl/OFD/BiQ/tdELtartofege66R5twlg="},"lastRemoteEphemeralKey":"Bd8FTcZQfn2lalyvsJtJWbwwPrJgzM2rQfVY7sRwv0gP","previousCounter":0,"rootKey":"gFmNO2cNHN9PLj3+DpGH39yH1ZfN9U/PEW3hKqmVMMw="},"indexInfo":{"baseKey":"BYVZzDpyNOD51Wxvp6mjzAvzazEhcL7cR2UfZcBdvIFw","baseKeyType":1,"closed":-1,"used":1756158052458,"created":1756158052458,"remoteIdentityKey":"Bbz3qyYtz3m+9sn4ehyDnNuknmcm9WEephglGptLtzpg"},"_chains":{"BVoStleTjuSDW90amF/jR+JDcmqjytU/FjRMQGX30jQa":{"chainKey":{"counter":5,"key":"e3OqagXkewb1O7gCs/4FqNza/hwh2YsSzpV5zNQA3I0="},"chainType":1,"messageKeys":{}}},"pendingPreKey":{"signedKeyId":0,"baseKey":"BYVZzDpyNOD51Wxvp6mjzAvzazEhcL7cR2UfZcBdvIFw","preKeyId":3041319}}},"version":"v1"}