{"_sessions":{"BcZ1UHqaR4F9w2K9THgA74gN/zoPlgqCheWp+LIeq7BC":{"registrationId":1725854135,"currentRatchet":{"ephemeralKeyPair":{"pubKey":"BX+6iAxwIB/nl365zBt1KjWIvAOlVqD3+YT2QDRaE4Jz","privKey":"oMtdPbneDCnkQVZZEytMuwdH9LG0+iKr2Vvv84wyTHo="},"lastRemoteEphemeralKey":"BcfiXV0Ys72GiEipKimyrPDm4CODQQq5bdCH190T1LBM","previousCounter":0,"rootKey":"ogPGhfN19Fuee5Y4u+eFg+p35gzh5AYH7n3QLrigPp0="},"indexInfo":{"baseKey":"BcZ1UHqaR4F9w2K9THgA74gN/zoPlgqCheWp+LIeq7BC","baseKeyType":1,"closed":-1,"used":1756158052377,"created":1756158052377,"remoteIdentityKey":"BQFP4abFHsDnGDheCkvEs6esa292+XV750QS53YZxTwp"},"_chains":{"BX+6iAxwIB/nl365zBt1KjWIvAOlVqD3+YT2QDRaE4Jz":{"chainKey":{"counter":5,"key":"9w/cE379LkFBNpI94Zqocw0hy2HPR9RZZy9q/T/K9Nk="},"chainType":1,"messageKeys":{}}},"pendingPreKey":{"signedKeyId":1,"baseKey":"BcZ1UHqaR4F9w2K9THgA74gN/zoPlgqCheWp+LIeq7BC","preKeyId":750}}},"version":"v1"}