{"_sessions":{"BSyODD0uIWkaDS34VaUXfDSmK2tuys9IeW5Awi+PmI8Y":{"registrationId":51976367,"currentRatchet":{"ephemeralKeyPair":{"pubKey":"BQTz6v3awYqt1MlREsJ82fRmP6Pi4967k1KnYfVQyfR4","privKey":"EHbZKPWUMd7ekqCDFl9Aa2+q9MAi4+43CaCIBrJEYnI="},"lastRemoteEphemeralKey":"BcYHoWOlPpZycKiLMwkzw6QvD7l/MlCIqfLGiptr+5Uh","previousCounter":0,"rootKey":"2Me1cOlRqVs6MS6DGlWDRK/599aRXKys/t4h8GwYTzE="},"indexInfo":{"baseKey":"BSyODD0uIWkaDS34VaUXfDSmK2tuys9IeW5Awi+PmI8Y","baseKeyType":1,"closed":-1,"used":1756158052288,"created":1756158052288,"remoteIdentityKey":"BYImP5JlXWFk/HAWoCcy6i1cajM/s5rGTE8WJgWLldgB"},"_chains":{"BQTz6v3awYqt1MlREsJ82fRmP6Pi4967k1KnYfVQyfR4":{"chainKey":{"counter":5,"key":"NKeDlPHMQsftr5UftAxprxE0HEznH5jAZSohuXREoVY="},"chainType":1,"messageKeys":{}}},"pendingPreKey":{"signedKeyId":1,"baseKey":"BSyODD0uIWkaDS34VaUXfDSmK2tuys9IeW5Awi+PmI8Y","preKeyId":837}}},"version":"v1"}