{"_sessions":{"BZhIJXKeLFxUV18UndRXBblbP+TQzd6YeNCQDbtiCpYt":{"registrationId":1890054900,"currentRatchet":{"ephemeralKeyPair":{"pubKey":"BdWSRSeB7VwFTAS7Gm0WdKCf63de0T7cTeQLmQvxSU8z","privKey":"QE+0Gpusgb8eCUpr7ZY2MvYxSoaNkSA8FNuu1cnGCVs="},"lastRemoteEphemeralKey":"BZXburvbx9I8eG7pUIeLk9ucIG/TBnlcEv9x+f4bz9cE","previousCounter":0,"rootKey":"vCqCe4l9iyYTzezLHjQAF7sEcSIGeMYQm6bpbbqedUU="},"indexInfo":{"baseKey":"BZhIJXKeLFxUV18UndRXBblbP+TQzd6YeNCQDbtiCpYt","baseKeyType":1,"closed":-1,"used":1756158052452,"created":1756158052452,"remoteIdentityKey":"BRl8zyYafzx7Q5iwSgiT5JGyIlUajExk5yiywg3z09sm"},"_chains":{"BdWSRSeB7VwFTAS7Gm0WdKCf63de0T7cTeQLmQvxSU8z":{"chainKey":{"counter":5,"key":"C2dr4zgmluGo5w7EujtTGF9bVt2Ym4MFLV41RkU/G60="},"chainType":1,"messageKeys":{}}},"pendingPreKey":{"signedKeyId":28,"baseKey":"BZhIJXKeLFxUV18UndRXBblbP+TQzd6YeNCQDbtiCpYt","preKeyId":3705906}}},"version":"v1"}