{"_sessions":{"BeLZXPfvNvrGykMJhS+mxpEaspUji++yscX2zVd2JQE0":{"registrationId":14080,"currentRatchet":{"ephemeralKeyPair":{"pubKey":"BXmFD1YR3ony94EwH1c7/b+fiDrFRQIB7ZKVfqOw0QsZ","privKey":"+KzCsk7+9SHJCG6ii2XarV+hmOt92qh6NM2IURCsKn0="},"lastRemoteEphemeralKey":"BSFoLXMGIgpvUwCOQFdQyM1pzMzege4Aj/VSeNUQZAIf","previousCounter":0,"rootKey":"UMNuWF9+cbYscL7IiLbc0K9vOQrYytoahXEXClNAxg0="},"indexInfo":{"baseKey":"BeLZXPfvNvrGykMJhS+mxpEaspUji++yscX2zVd2JQE0","baseKeyType":1,"closed":-1,"used":1756158052332,"created":1756158052332,"remoteIdentityKey":"BUN0Arw/w1BC8dsBILWmyfftYi484AgDvoeUzhF61gQk"},"_chains":{"BXmFD1YR3ony94EwH1c7/b+fiDrFRQIB7ZKVfqOw0QsZ":{"chainKey":{"counter":5,"key":"qMzLZXjc6MkuoA6F1b8tkfTrg2RJJXvIV/6lKKR4428="},"chainType":1,"messageKeys":{}}},"pendingPreKey":{"signedKeyId":1,"baseKey":"BeLZXPfvNvrGykMJhS+mxpEaspUji++yscX2zVd2JQE0"}}},"version":"v1"}