{"_sessions":{"BV8QYn2Aqx965PjfX1RvABqmZl8GpvdCZzbnHCYFFy0f":{"registrationId":15439,"currentRatchet":{"ephemeralKeyPair":{"pubKey":"BbxSg5Q7IPs9fFTxmXXhqWkRtg0eZpVQescjb1rlJz1C","privKey":"SNuQrn+8EDbJ0J9mFycizF271s99bbWhdhBLSnFThFA="},"lastRemoteEphemeralKey":"BWqvG+u6+bF7/8Y4QPj0W2tS969DAsfrAvkLeUkN8Nd4","previousCounter":0,"rootKey":"cDQaeaebIzct7YIh7qVmN4kG8wfnqcBHVyg/qiamgyM="},"indexInfo":{"baseKey":"BV8QYn2Aqx965PjfX1RvABqmZl8GpvdCZzbnHCYFFy0f","baseKeyType":1,"closed":-1,"used":1756158052329,"created":1756158052329,"remoteIdentityKey":"BQOPRmsYUBDyFaVwwN3YaJfCxNOJ+eB4mK4lWDmTlepB"},"_chains":{"BbxSg5Q7IPs9fFTxmXXhqWkRtg0eZpVQescjb1rlJz1C":{"chainKey":{"counter":5,"key":"aqkBZJ2gy55pV26ciBNZcrX5HDveK0MbB+RF/vWgMZI="},"chainType":1,"messageKeys":{}}},"pendingPreKey":{"signedKeyId":1,"baseKey":"BV8QYn2Aqx965PjfX1RvABqmZl8GpvdCZzbnHCYFFy0f","preKeyId":624}}},"version":"v1"}