{"_sessions":{"Be9JhlXW1tB8oZq/5JtaObzpq4clCQ/Rs+a56rSIW5lJ":{"registrationId":573936970,"currentRatchet":{"ephemeralKeyPair":{"pubKey":"BSk2tJnVNDrgbM+Fy2qnt2wQ9IaUn5WIi0NiH5O3Qv9a","privKey":"yIQu2sIasF95XAgqJMhnGJu9B85V0AxSNRpm2vkEUFM="},"lastRemoteEphemeralKey":"BSshck/5t03hpy1gX+yoDPn5K4eCyDGbkym5W5trvLVP","previousCounter":0,"rootKey":"qBcYKNetFwwgUQgOXP8ieIzepOEjfLe1WMBBR0Xoc2A="},"indexInfo":{"baseKey":"Be9JhlXW1tB8oZq/5JtaObzpq4clCQ/Rs+a56rSIW5lJ","baseKeyType":1,"closed":-1,"used":1756158052310,"created":1756158052310,"remoteIdentityKey":"BS3lwfDZqeRnha2184D67dI0CwpJNCS4HFnRzyojtRd9"},"_chains":{"BSk2tJnVNDrgbM+Fy2qnt2wQ9IaUn5WIi0NiH5O3Qv9a":{"chainKey":{"counter":5,"key":"SjI5hvsV1OGaIrGA6lmoqncTdpXWHIJEjTu13dkJQ5A="},"chainType":1,"messageKeys":{}}},"pendingPreKey":{"signedKeyId":33,"baseKey":"Be9JhlXW1tB8oZq/5JtaObzpq4clCQ/Rs+a56rSIW5lJ","preKeyId":8826}}},"version":"v1"}