{"_sessions":{"BeNu5OFXEzmqXi8LeaFf9f/2vnBK3Njj5/BjCvOVjFts":{"registrationId":1258645730,"currentRatchet":{"ephemeralKeyPair":{"pubKey":"BXQ8ZwuhWw7U6fTqSkpkUotmV/grJc5VtCMzChmclwdV","privKey":"gBTiScjSe8ERywio5XJEHEI2BKZ6uMH0YSVCjpeJ82s="},"lastRemoteEphemeralKey":"BdPe1FXxZ+NjqCqZu0tUbjgfZwy2c7THMdQHB2oUiBsM","previousCounter":0,"rootKey":"NfUGpQ4T4LCAtIAWYzGPL8MvroXGFao5YxebUUN1awE="},"indexInfo":{"baseKey":"BeNu5OFXEzmqXi8LeaFf9f/2vnBK3Njj5/BjCvOVjFts","baseKeyType":1,"closed":-1,"used":1756158052454,"created":1756158052454,"remoteIdentityKey":"BTa+QsYh4ozbGApPBdu0TukcVv6hRaPB2gWWdT0NBXgn"},"_chains":{"BXQ8ZwuhWw7U6fTqSkpkUotmV/grJc5VtCMzChmclwdV":{"chainKey":{"counter":5,"key":"KL43mVP9CBbXKzSzc+Cu0Ew0tkP9k0eJEkWqL0QGJA8="},"chainType":1,"messageKeys":{}}},"pendingPreKey":{"signedKeyId":13864642,"baseKey":"BeNu5OFXEzmqXi8LeaFf9f/2vnBK3Njj5/BjCvOVjFts","preKeyId":312}}},"version":"v1"}