{"_sessions":{"BWzJcweii7iOtGrBK4E2kmitdT2WCD+dh0Z2twW+EoYV":{"registrationId":988,"currentRatchet":{"ephemeralKeyPair":{"pubKey":"BZRT9wzIKtZA29S36Wr5tE80hJkYcYKCdxeLJYSw5Jto","privKey":"IC4klDGGyntm4Gow59DL+lZehHU5XFT13k5mtbOH/Fg="},"lastRemoteEphemeralKey":"BXvf1zIJxX18JM+MbmeOS3xZs4NbYQGrXC2+2/JSqdlI","previousCounter":0,"rootKey":"KpFropFQx2wurhUZlaPCZfXOdi3m2ybRGMG/BhGVkqY="},"indexInfo":{"baseKey":"BWzJcweii7iOtGrBK4E2kmitdT2WCD+dh0Z2twW+EoYV","baseKeyType":1,"closed":-1,"used":1756158052391,"created":1756158052391,"remoteIdentityKey":"BdFlL6slhEa9EAi94m/qA5OVBNjJaowKTLSQqc+fTt4f"},"_chains":{"BZRT9wzIKtZA29S36Wr5tE80hJkYcYKCdxeLJYSw5Jto":{"chainKey":{"counter":5,"key":"fcDsjs2rK7BUR398f99OP6siNuCy0zLp0pp2DhIjAvA="},"chainType":1,"messageKeys":{}}},"pendingPreKey":{"signedKeyId":1,"baseKey":"BWzJcweii7iOtGrBK4E2kmitdT2WCD+dh0Z2twW+EoYV","preKeyId":824}}},"version":"v1"}