{"_sessions":{"BS+U7V4Nzbx0b3+LT2BqVw8CbcU20QUIMoNJzOdHXYl0":{"registrationId":9250,"currentRatchet":{"ephemeralKeyPair":{"pubKey":"BUUcc+PQW+3l/JnaiQhdUbOG8VxgursCL4Xs4jsZ4fME","privKey":"eP/rVS0fZPgzc27zXR9zYcDici4DR/OWAtX76DhsTkg="},"lastRemoteEphemeralKey":"BY2xCFqTIXlVPYH9egC35GZg/bRW1QhpcWUSC1hqf11+","previousCounter":0,"rootKey":"CvW7uZ6Em/iUVLJwoGg2Ooe2ApXrKthdWjWzxCtTRlE="},"indexInfo":{"baseKey":"BS+U7V4Nzbx0b3+LT2BqVw8CbcU20QUIMoNJzOdHXYl0","baseKeyType":1,"closed":-1,"used":1756158052333,"created":1756158052333,"remoteIdentityKey":"BS4m05pPKLA4Lhg2LLK5arVrfiCEJqiQbLBQWGPItoNn"},"_chains":{"BUUcc+PQW+3l/JnaiQhdUbOG8VxgursCL4Xs4jsZ4fME":{"chainKey":{"counter":5,"key":"c7cB8u+NqjuHR+0ROTWOG/rwDOsJ8EFMzns0g6GFdzo="},"chainType":1,"messageKeys":{}}},"pendingPreKey":{"signedKeyId":12,"baseKey":"BS+U7V4Nzbx0b3+LT2BqVw8CbcU20QUIMoNJzOdHXYl0","preKeyId":5396}}},"version":"v1"}