{"_sessions":{"BR7S0SVBXPwR46hGPq2tDzvC2wJoDXwANX/UCWqkPRJy":{"registrationId":1232254429,"currentRatchet":{"ephemeralKeyPair":{"pubKey":"BdrtNF6ynVbVW+sHgRhtTdibEJnMtMEtEOqVaBi3gu8G","privKey":"qOcv2dDu9i6lU/v17aLnkbez3Azd7L6pDp2aboEkW0g="},"lastRemoteEphemeralKey":"BQtrxFhTUKKnoxNv7SMzJoO2GJGim6nqebmpxB+0m3FP","previousCounter":0,"rootKey":"0as98RzC8kUwldxjqgqdjiZU8gQSBpp4RycH8z8dig0="},"indexInfo":{"baseKey":"BR7S0SVBXPwR46hGPq2tDzvC2wJoDXwANX/UCWqkPRJy","baseKeyType":1,"closed":-1,"used":1756158052276,"created":1756158052276,"remoteIdentityKey":"BWD8CVjyacyWG9si+MFLdhIoMyaGMMEmWsilA59QmdlT"},"_chains":{"BdrtNF6ynVbVW+sHgRhtTdibEJnMtMEtEOqVaBi3gu8G":{"chainKey":{"counter":5,"key":"jNDS2j7Q2b0GCcdu0BpMeAVA7xH9yLP+0sOEz2Yr9fA="},"chainType":1,"messageKeys":{}}},"pendingPreKey":{"signedKeyId":1,"baseKey":"BR7S0SVBXPwR46hGPq2tDzvC2wJoDXwANX/UCWqkPRJy","preKeyId":294}}},"version":"v1"}