{"_sessions":{"BZl1wGfpL1EjgSxEE89wD5mWXL+2YE4CvzR6bNPWwoZl":{"registrationId":7932919,"currentRatchet":{"ephemeralKeyPair":{"pubKey":"Bbibg9TA8jgq8K7mbjfXRSa5cXjxwav/KVxx4swk5poK","privKey":"AIHpBV8mmPPlI1anHlpIcJ8yWnVDTQSCTi1lp3QWMms="},"lastRemoteEphemeralKey":"BZolVeSm4S+jwcjFxYqOYVsFLXSX8Tl1wTxp1qhlqtM8","previousCounter":0,"rootKey":"vRhYW7ADnYjwdV+DgbrR1KKQO+3VQLT3np2nCc5ZqkM="},"indexInfo":{"baseKey":"BZl1wGfpL1EjgSxEE89wD5mWXL+2YE4CvzR6bNPWwoZl","baseKeyType":1,"closed":-1,"used":1756158052449,"created":1756158052449,"remoteIdentityKey":"Bb8VqcsIe/NyB/97IU4NNyKKA/6UnvZDrp8f0vQK5MMR"},"_chains":{"Bbibg9TA8jgq8K7mbjfXRSa5cXjxwav/KVxx4swk5poK":{"chainKey":{"counter":5,"key":"kqZAfWBPJSe/4Caafj3qr+eTPrw0yFaaaFuZxjatVXc="},"chainType":1,"messageKeys":{}}},"pendingPreKey":{"signedKeyId":13666680,"baseKey":"BZl1wGfpL1EjgSxEE89wD5mWXL+2YE4CvzR6bNPWwoZl","preKeyId":9225}}},"version":"v1"}