{"_sessions":{"BZ4vTFD9U6V6QQYSY99bhk7vjwJ68HylxhshAj7Wgg0e":{"registrationId":1321602526,"currentRatchet":{"ephemeralKeyPair":{"pubKey":"BZVtLQ5II34HNfilp8pjQbrKHC+X6KOXbmpf9UkzqWZ+","privKey":"UKgFpyRkLhzDAA9jl3MkY1djX+p3I4aXufUeun/CT3Q="},"lastRemoteEphemeralKey":"BT5m3rkVKw1RRYDeIWMdlgLiIf4VY8ktfnr+ivJail8i","previousCounter":1,"rootKey":"t6FR9qqVl63A8tfJhJxsAC5qWoE/3zbzjAiNOfSghAk="},"indexInfo":{"baseKey":"BZ4vTFD9U6V6QQYSY99bhk7vjwJ68HylxhshAj7Wgg0e","baseKeyType":2,"closed":-1,"used":1756299437639,"created":1756158051334,"remoteIdentityKey":"Be7cA4Tw7tcI8RT0uJ9Aqp9R5xI4b65UgQlDSfTpz0V/"},"_chains":{"BaFh9HQCm8YpVsJluFTPv93/g0iLybxjTlIhKcLNAxcf":{"chainKey":{"counter":0},"chainType":2,"messageKeys":{}},"BT5m3rkVKw1RRYDeIWMdlgLiIf4VY8ktfnr+ivJail8i":{"chainKey":{"counter":1,"key":"vXYLnf2V79lqz9NsenOMjEED7ZD+1DtI6tJC6rUN3pg="},"chainType":2,"messageKeys":{}},"BZVtLQ5II34HNfilp8pjQbrKHC+X6KOXbmpf9UkzqWZ+":{"chainKey":{"counter":3,"key":"vMXPjXvu1nEPBKx4l8DI0Aoa2ZUQybC8lE0etcqlSLE="},"chainType":1,"messageKeys":{}}}}},"version":"v1"}