{"_sessions":{"BbEPMBbY8dmd77PVcI28GeBGuiKgzsJWhyWQT9DJdko3":{"registrationId":2220,"currentRatchet":{"ephemeralKeyPair":{"pubKey":"BeuILEPVMYEXmL1z4CH0hma3HUdGic9nsZxl2g7W0rge","privKey":"aKJrNEPa2qbP6+A0MxObf3H4y2zsE+UZD0sikAiusm4="},"lastRemoteEphemeralKey":"BQOQzJ2LP5EvBDqN+Xhcq/Q5+e/kmPmh77zitMsp/iUU","previousCounter":0,"rootKey":"v5cL+z9Xdg6nVqX11cFcyHdTc5ONLLzJ/ilWm70BNLA="},"indexInfo":{"baseKey":"BbEPMBbY8dmd77PVcI28GeBGuiKgzsJWhyWQT9DJdko3","baseKeyType":1,"closed":-1,"used":1756158052261,"created":1756158052261,"remoteIdentityKey":"BQhUNVDjso0cJewW0NJiK90tyh6AilTa8NNkezMuaA5P"},"_chains":{"BeuILEPVMYEXmL1z4CH0hma3HUdGic9nsZxl2g7W0rge":{"chainKey":{"counter":5,"key":"+ysXTkNhHBOIWgVH5984qMSoy63vZiIjRqJcfTz6QZA="},"chainType":1,"messageKeys":{}}},"pendingPreKey":{"signedKeyId":1,"baseKey":"BbEPMBbY8dmd77PVcI28GeBGuiKgzsJWhyWQT9DJdko3","preKeyId":603}}},"version":"v1"}