{"_sessions":{"BT0sKYY96MWi9nwdlRbx4wDKm3ASJq1Ah85+m0MiV3Ad":{"registrationId":1404364946,"currentRatchet":{"ephemeralKeyPair":{"pubKey":"BbYx28f+M6xKery6qNBcEDjSo7QqQdEkcjkoIKSavHs6","privKey":"EJDTSNLc5+R84EZqFgjpWmdNHKPn2x29Cd+Y9S7WxHQ="},"lastRemoteEphemeralKey":"BYGN+eQaADLk7zgA3fOr8+2eyj6+cp0zleJAKjr1DZ4U","previousCounter":0,"rootKey":"8YkqDv2oul2bGOakP1cY2rQjKWQoTdZFmWFII3PKd8c="},"indexInfo":{"baseKey":"BT0sKYY96MWi9nwdlRbx4wDKm3ASJq1Ah85+m0MiV3Ad","baseKeyType":2,"closed":-1,"used":1756507755043,"created":1756158050898,"remoteIdentityKey":"BTo5iNu/HcYS2gjkY/hgRmy45C0s2L9YsmtPJvBi1dlM"},"_chains":{"BVqYNujpZcxB49A0eIFO8Lps49L12DMWrmlVmi7jGuAC":{"chainKey":{"counter":2},"chainType":2,"messageKeys":{}},"BeNetuwrM7v4I/ckbZhsvEHJX+wBczDuAqM2ZK3cPxgf":{"chainKey":{"counter":16},"chainType":2,"messageKeys":{}},"BZk4buH0tHGa5ZavNnMiO5GhaQ468T7MYjCRYwchQedS":{"chainKey":{"counter":7},"chainType":2,"messageKeys":{}},"BeUU6LlrOxuba9x+MWyeLQ4nB02TZdMQF2G2/+M0fMAf":{"chainKey":{"counter":1},"chainType":2,"messageKeys":{}},"BecokbOg1ty1XaPxzCutvkIBijGM3uk8l3+wEUlqZ4N0":{"chainKey":{"counter":3},"chainType":2,"messageKeys":{}},"Bf0wHKxZ3vIuq05U39aKtvRLAoU+ljZ1X3KXQyyzz78S":{"chainKey":{"counter":18},"chainType":2,"messageKeys":{}},"BYGN+eQaADLk7zgA3fOr8+2eyj6+cp0zleJAKjr1DZ4U":{"chainKey":{"counter":3,"key":"rMXxyAA7bt2m8kb8zP3zfF1/Yx84zfUs525A941Y/ek="},"chainType":2,"messageKeys":{}},"BbYx28f+M6xKery6qNBcEDjSo7QqQdEkcjkoIKSavHs6":{"chainKey":{"counter":-1,"key":"FbZoOnKeETWWbiSxy+X7rw5o5q8IV4gABfJw9AyXIdY="},"chainType":1,"messageKeys":{}}}}},"version":"v1"}