{"_sessions":{"BWDUhsxyJ+62DfomWvKlIncgiipSM47gaVLIUk8EJJ5x":{"registrationId":3849,"currentRatchet":{"ephemeralKeyPair":{"pubKey":"BVX8ORl/ibGBjZYTPjpI65M+PLz6+pEuMOvy0MufpQZs","privKey":"yGNQQ3iR51zTIBxClxsFoFyNzU09RFz+7t0bT8wZOXg="},"lastRemoteEphemeralKey":"BcaBn7oMmk8ja31vMWWLdevlQVV39EC/jU3v2I3YouZ8","previousCounter":0,"rootKey":"uLM/uLihRxSgIzoHTPQVGyD4bueHMcyZdhqQpZWuUSY="},"indexInfo":{"baseKey":"BWDUhsxyJ+62DfomWvKlIncgiipSM47gaVLIUk8EJJ5x","baseKeyType":1,"closed":-1,"used":1756499347770,"created":1756499347770,"remoteIdentityKey":"BfeRPrVyua/oJFdd9WmJpJX9gIzrzJ5Q5OlKsGl5lPsx"},"_chains":{"BVX8ORl/ibGBjZYTPjpI65M+PLz6+pEuMOvy0MufpQZs":{"chainKey":{"counter":1,"key":"5eA7mA0Q6Vix7Nwe4P4+o7HcXEFqL3jXXyLjodIuun0="},"chainType":1,"messageKeys":{}}},"pendingPreKey":{"signedKeyId":6,"baseKey":"BWDUhsxyJ+62DfomWvKlIncgiipSM47gaVLIUk8EJJ5x","preKeyId":331}}},"version":"v1"}