{"_sessions":{"BUtawZKZLQSkmZjzMTcxXS4qUby3ulOAxH1r8g2QNwRc":{"registrationId":1142361773,"currentRatchet":{"ephemeralKeyPair":{"pubKey":"BS/uPr6l4mbSNL+nYFhK7aq0/lT9FbhPgUTLqur001Yz","privKey":"yEediHq7BW9s63XdW40q64hZayoxiouBZWER2NVH/nc="},"lastRemoteEphemeralKey":"BYqOvWhjsm++ZzJB2HX7xdWf5XSvGEbDKx6wVi1zdLsv","previousCounter":0,"rootKey":"KxYVgmXJ/r6HUBLjmQPwbzkWX8HScdhdmEvwtDdPLaQ="},"indexInfo":{"baseKey":"BUtawZKZLQSkmZjzMTcxXS4qUby3ulOAxH1r8g2QNwRc","baseKeyType":1,"closed":-1,"used":1756158052589,"created":1756158052589,"remoteIdentityKey":"Bcxl4JbCA+9bUn/vK4cVFnrZZObcRngokx+tmoMrEW89"},"_chains":{"BS/uPr6l4mbSNL+nYFhK7aq0/lT9FbhPgUTLqur001Yz":{"chainKey":{"counter":5,"key":"H8oaqARldKmfnfN4nh/IPGWll4UENZcUYWIUpgffEa4="},"chainType":1,"messageKeys":{}}},"pendingPreKey":{"signedKeyId":17,"baseKey":"BUtawZKZLQSkmZjzMTcxXS4qUby3ulOAxH1r8g2QNwRc","preKeyId":10959115}}},"version":"v1"}