{"_sessions":{"BUwcjUMMHYrus1VzNXrStmXv1QqljKmJKbx4qW4lsyhH":{"registrationId":1451067315,"currentRatchet":{"ephemeralKeyPair":{"pubKey":"BWY1bH1+vC4Contk2mW3Io4fkSpp1xBf//viC99MsFxG","privKey":"kIBH4EcyJ98if8VQRX0NOpskGQeGsNBU/X4hbHhqSE8="},"lastRemoteEphemeralKey":"BS/9rxfmr8KlGKrgFxZ6xoYrkuMlJcyX9HaBSoaRO3kH","previousCounter":0,"rootKey":"Q51qNFiAyvvGxqdOeGALPLekR4FzTYwHd8N8J7c/nps="},"indexInfo":{"baseKey":"BUwcjUMMHYrus1VzNXrStmXv1QqljKmJKbx4qW4lsyhH","baseKeyType":1,"closed":-1,"used":1756158052395,"created":1756158052395,"remoteIdentityKey":"Bc78+5D0UFiVFJDHs+eETH8KwX8CvLv+W0XC8Tr308Fd"},"_chains":{"BWY1bH1+vC4Contk2mW3Io4fkSpp1xBf//viC99MsFxG":{"chainKey":{"counter":5,"key":"4+Cpou5mJDfalyq0cQlwwSLzcc2UbU8oGgIDYEKpVag="},"chainType":1,"messageKeys":{}}},"pendingPreKey":{"signedKeyId":1,"baseKey":"BUwcjUMMHYrus1VzNXrStmXv1QqljKmJKbx4qW4lsyhH","preKeyId":2277}}},"version":"v1"}