{"_sessions":{"BUcQOC9+PAYmICnsCXnRiwopkzfumpCa3akOL8ABe7If":{"registrationId":1619890174,"currentRatchet":{"ephemeralKeyPair":{"pubKey":"BQl2CxwE0tWeE3NSUDqIIt9iuhClf+o3zFT0Bqab3ks0","privKey":"KJESo0XF6sA1ppLT0mxyZUYQsSAqmqllqLVHvdq8PWk="},"lastRemoteEphemeralKey":"BdOSaTPxbqGZJrAJb81/jN5iwcVtEZadbAs5WJx96QMK","previousCounter":0,"rootKey":"lrb6oOa6G6g7KUBrc2CDf6h6Tagk7cccC8XK3S47SK8="},"indexInfo":{"baseKey":"BUcQOC9+PAYmICnsCXnRiwopkzfumpCa3akOL8ABe7If","baseKeyType":1,"closed":-1,"used":1756158052306,"created":1756158052306,"remoteIdentityKey":"BQ1mxm3AxPgmjwFZz7k3oKh4u2rULmFuMb1fulnFmG5r"},"_chains":{"BQl2CxwE0tWeE3NSUDqIIt9iuhClf+o3zFT0Bqab3ks0":{"chainKey":{"counter":5,"key":"4Ofs6K1R5mTorfLNKTyTk3mKdC1g2EWq9h8KEE8nlH0="},"chainType":1,"messageKeys":{}}},"pendingPreKey":{"signedKeyId":1,"baseKey":"BUcQOC9+PAYmICnsCXnRiwopkzfumpCa3akOL8ABe7If","preKeyId":130}}},"version":"v1"}