{"_sessions":{"BXGV6PtomoMHC4ahpRDN0lwj5afwsi8xrxbB3o2jF2lv":{"registrationId":1535356340,"currentRatchet":{"ephemeralKeyPair":{"pubKey":"BcnM2bSvxfJAGl+NeM7yBoXz/rg1aUkFPYOirlaPSC84","privKey":"qDC1vhh8jGcjQCQeuPb6xM5Vvw5q8q+BoqRsK0GVQUQ="},"lastRemoteEphemeralKey":"BV8V0C4fLF2m3rCBVw91EHxl7O6MgnCIvGKlvI5zFjEh","previousCounter":0,"rootKey":"mL8BSgSiHLRf6DVYkb/c/gwEE12NMFbMXfNu+BbeDVQ="},"indexInfo":{"baseKey":"BXGV6PtomoMHC4ahpRDN0lwj5afwsi8xrxbB3o2jF2lv","baseKeyType":1,"closed":-1,"used":1756158052279,"created":1756158052279,"remoteIdentityKey":"BbQbFXr8/ZkSNRJVbERg0bRgLdSHLVyVZNj1nwbYHVl2"},"_chains":{"BcnM2bSvxfJAGl+NeM7yBoXz/rg1aUkFPYOirlaPSC84":{"chainKey":{"counter":5,"key":"id1biwHD1kmA4PTvp4HIIUwk9ulXfvWHuQ/+1ER+wQ0="},"chainType":1,"messageKeys":{}}},"pendingPreKey":{"signedKeyId":2,"baseKey":"BXGV6PtomoMHC4ahpRDN0lwj5afwsi8xrxbB3o2jF2lv","preKeyId":1574}}},"version":"v1"}