{"_sessions":{"BTEpvJX53yyecDjejPoV1cfexYz4rygJkYq+qom8pHBj":{"registrationId":1706809172,"currentRatchet":{"ephemeralKeyPair":{"pubKey":"BYI0mM+fSrmQ7YvhtiVyF7yVLst+5GjV1Gfm9oDsiKBs","privKey":"yEi2vGP+9lW/RoPg0a1LxF4EwP2n0QOd1o8Uk4cymEA="},"lastRemoteEphemeralKey":"BR9KrbBI518fmo0gOWF8TqiqZxdgWtQNW+R86Ki3UtFo","previousCounter":0,"rootKey":"E+dyHgpZj3bctbiNXkFcePQiWuRDXKI1U8queYRDSO8="},"indexInfo":{"baseKey":"BTEpvJX53yyecDjejPoV1cfexYz4rygJkYq+qom8pHBj","baseKeyType":1,"closed":-1,"used":1756158052274,"created":1756158052274,"remoteIdentityKey":"Bfl4+T/AJtih1jR8KMERZ6gulisQuLqTeWBQIIR8d7gT"},"_chains":{"BYI0mM+fSrmQ7YvhtiVyF7yVLst+5GjV1Gfm9oDsiKBs":{"chainKey":{"counter":5,"key":"grWpuxSQRHYeP0gJs9XiZYZDFtLWF5pEfLYkoaxhWMs="},"chainType":1,"messageKeys":{}}},"pendingPreKey":{"signedKeyId":4276095,"baseKey":"BTEpvJX53yyecDjejPoV1cfexYz4rygJkYq+qom8pHBj","preKeyId":7612}}},"version":"v1"}