{"_sessions":{"BUNN7OUxABaQxliud71J0y6Yok4OKnjmTn+u1SNcCjpF":{"registrationId":28953480,"currentRatchet":{"ephemeralKeyPair":{"pubKey":"BQFP5mlqbKwNz4ZtqL5q4Zq315g3W9asS4wf6ZWkDkUj","privKey":"WEM/c9w4geU+qg9DDU4OZIA9XUbbGWNYowL9wpp6DUk="},"lastRemoteEphemeralKey":"BXxUKOYZlRjAiq02RgkAoj7BZrlSVrY8tvS+wOAPUHY4","previousCounter":0,"rootKey":"3Bxa+a5ih58vGzERXu0WyLvGJXfyUBc1t0SIt64C1QI="},"indexInfo":{"baseKey":"BUNN7OUxABaQxliud71J0y6Yok4OKnjmTn+u1SNcCjpF","baseKeyType":1,"closed":-1,"used":1756158052592,"created":1756158052592,"remoteIdentityKey":"BSa75fsVUlm+wj3UgaGVTYIx1NSWxC0wb3bsM42cuyZw"},"_chains":{"BQFP5mlqbKwNz4ZtqL5q4Zq315g3W9asS4wf6ZWkDkUj":{"chainKey":{"counter":5,"key":"wdcegLWdOqEjZBlSJ6GKrNudDCN4xWFSYJvP4tT/eAI="},"chainType":1,"messageKeys":{}}},"pendingPreKey":{"signedKeyId":10754572,"baseKey":"BUNN7OUxABaQxliud71J0y6Yok4OKnjmTn+u1SNcCjpF","preKeyId":229}}},"version":"v1"}