{"_sessions":{"BVZ0h0n7F/bIRMhgVcM8O4kCaT+lln87vRMMvqyChF9b":{"registrationId":1237537550,"currentRatchet":{"ephemeralKeyPair":{"pubKey":"BbIVCrIEKRoSgNs6BLAR3oP+dPBtlJD7X1hhEIrqhBE0","privKey":"yBr6L/aUpwLB92FTubBp3C3/Tvjw+uCI5RT+owvSuFY="},"lastRemoteEphemeralKey":"BctpOWCfnigj6mby+O1AapCiFbA6di4Au2X0vuZ+wmti","previousCounter":0,"rootKey":"5wbdVjhifLnzqsvU8HmEwHG6VGQdh5YC5VnKhVm+fsA="},"indexInfo":{"baseKey":"BVZ0h0n7F/bIRMhgVcM8O4kCaT+lln87vRMMvqyChF9b","baseKeyType":1,"closed":-1,"used":1756158052631,"created":1756158052631,"remoteIdentityKey":"BXGcuxZ1868ijc5dEkgy50IVkpD0MKkbQ8hT6Z3GM1RI"},"_chains":{"BbIVCrIEKRoSgNs6BLAR3oP+dPBtlJD7X1hhEIrqhBE0":{"chainKey":{"counter":5,"key":"T/YodDJfhs2dMf2GMJD1qTWyA+L9onEGYs2F9I2eeCo="},"chainType":1,"messageKeys":{}}},"pendingPreKey":{"signedKeyId":2,"baseKey":"BVZ0h0n7F/bIRMhgVcM8O4kCaT+lln87vRMMvqyChF9b","preKeyId":6254725}}},"version":"v1"}