{"_sessions":{"BUHsK+C2K3z6YcmhGGakJv7Or81vV31DL6sjW7FWnmMG":{"registrationId":524790684,"currentRatchet":{"ephemeralKeyPair":{"pubKey":"BWDRZqvmTq+Jr1xwECiPULbfqgp2EZ8dg/2NS+Z20msZ","privKey":"gK36ZwQe3yB9TSs41/XoCrZRea59RFhwcyLWGG2nJnc="},"lastRemoteEphemeralKey":"BRsoJU/7qSrlYjh+bO2XDmLZUzUbGVAPqvt4HA92CbZP","previousCounter":1,"rootKey":"qc5JehguAUUx6yDf4WC2SDHUAty+Taj8tCqhss2iONQ="},"indexInfo":{"baseKey":"BUHsK+C2K3z6YcmhGGakJv7Or81vV31DL6sjW7FWnmMG","baseKeyType":1,"closed":-1,"used":1756470205410,"created":1756158052546,"remoteIdentityKey":"BZI1WXVf5V8W/sbUGLnOljNHxwEs6DkRMCoh7R+3ucwU"},"_chains":{"BYtKDxnoh5/jU9WiD+Vu+JGbN7DPPDKW7HkQJMn36BZr":{"chainKey":{"counter":0},"chainType":2,"messageKeys":{}},"BTMelY7pB67dYE2CAE/cZxNHKJYloSP9aOzpYad2Uela":{"chainKey":{"counter":0},"chainType":2,"messageKeys":{}},"BRsoJU/7qSrlYjh+bO2XDmLZUzUbGVAPqvt4HA92CbZP":{"chainKey":{"counter":0,"key":"v0jKgM84193OtmecveaOsHT8xkWldktEatOp7yIIh6Q="},"chainType":2,"messageKeys":{}},"BWDRZqvmTq+Jr1xwECiPULbfqgp2EZ8dg/2NS+Z20msZ":{"chainKey":{"counter":0,"key":"3JOhSl5UeFkUqLq47DqQtjWzt1Lpu6a2t51H4R2zHbc="},"chainType":1,"messageKeys":{}}}}},"version":"v1"}