{"_sessions":{"BUpaJxiycSnCjnQLi9D/3FzdM7r2JXsqFACDADlw9MQM":{"registrationId":1928041221,"currentRatchet":{"ephemeralKeyPair":{"pubKey":"BdxFEyQMg0o0dmczUYCbkyyPAoNCVpMUp15EOGD0jORL","privKey":"8A1Tgcwt9agGRP7/B0Syq/JLQs5sLWhmsnTzoi9RdkM="},"lastRemoteEphemeralKey":"Bc5527jI/JA4TPt6REc7uk0kLU2eLLQPl0gbemEm0mZk","previousCounter":0,"rootKey":"tQt/ZoohZ5PlNQlke9UB/UCfF8ZWDLOLmwi5xh/Myec="},"indexInfo":{"baseKey":"BUpaJxiycSnCjnQLi9D/3FzdM7r2JXsqFACDADlw9MQM","baseKeyType":1,"closed":-1,"used":1756158052400,"created":1756158052400,"remoteIdentityKey":"BRaTt7DxCnEuS07TqPxGa25k0Y3IitfBDNqymCovVZ87"},"_chains":{"BdxFEyQMg0o0dmczUYCbkyyPAoNCVpMUp15EOGD0jORL":{"chainKey":{"counter":5,"key":"7l/Gtfeib3rqto8I2Fnf0gZEksWWf+Z/EujrZ+ZEdsk="},"chainType":1,"messageKeys":{}}},"pendingPreKey":{"signedKeyId":4,"baseKey":"BUpaJxiycSnCjnQLi9D/3FzdM7r2JXsqFACDADlw9MQM","preKeyId":13779523}}},"version":"v1"}