{"_sessions":{"BewQhbxxQxI30piOXs06MojVFdghLsyBeEbv0QSAtGA8":{"registrationId":1662865777,"currentRatchet":{"ephemeralKeyPair":{"pubKey":"BW9gflUh738rRySkZw8H+2wuYkYb5skBtDd04I1Ge48F","privKey":"gGv/LV1QGETXNJRcP/e6FGl86Rcj11Wa9FeiIC+Jnkk="},"lastRemoteEphemeralKey":"BdP8PuwvZzSg2R+mNlkddtakLaL3J0Puv9WAEksJHqhf","previousCounter":0,"rootKey":"Btiorib3TuTfnORKZ7ItJDrFGCR9+giXTBF1L8eRPTQ="},"indexInfo":{"baseKey":"BewQhbxxQxI30piOXs06MojVFdghLsyBeEbv0QSAtGA8","baseKeyType":1,"closed":-1,"used":1756158052273,"created":1756158052273,"remoteIdentityKey":"Bds7hVjdxuCYWPqmUR4gGnRquj2/mXqTMXqnqBK+wpYa"},"_chains":{"BW9gflUh738rRySkZw8H+2wuYkYb5skBtDd04I1Ge48F":{"chainKey":{"counter":4,"key":"5iO0FjZt/leDA+dn+uZvADkywt5KH+3wGum1kHdIWSM="},"chainType":1,"messageKeys":{}}},"pendingPreKey":{"signedKeyId":12340854,"baseKey":"BewQhbxxQxI30piOXs06MojVFdghLsyBeEbv0QSAtGA8","preKeyId":845}}},"version":"v1"}