{"_sessions":{"Bcte1hKglt/OD9pfoS+ZLcCKRxhcQp1Q1ySNyzdhwgUI":{"registrationId":562263348,"currentRatchet":{"ephemeralKeyPair":{"pubKey":"BQM1N6aJEZl3BK2j5DNbyIOx/R2tpn5/QcqNMiFOjV8o","privKey":"CIBc6o/UJQNixgNiqWDaIOhK/wRZ6cSGS0x+iwXo6Ec="},"lastRemoteEphemeralKey":"BU1s+VXNWSS1KkfzudyZvi5eCt+nrxvxIKyvPdcsJEEC","previousCounter":0,"rootKey":"d6cFWF0epuiP5TOR23RPdASg/lQB5vmDH78K610IsoU="},"indexInfo":{"baseKey":"Bcte1hKglt/OD9pfoS+ZLcCKRxhcQp1Q1ySNyzdhwgUI","baseKeyType":1,"closed":-1,"used":1756158052564,"created":1756158052564,"remoteIdentityKey":"BYReRXt6adzLCfxOSG2OFF2EHQTjCkjJH0bzkhsDrlgc"},"_chains":{"BQM1N6aJEZl3BK2j5DNbyIOx/R2tpn5/QcqNMiFOjV8o":{"chainKey":{"counter":5,"key":"xb3iIHbZ7FQQhk6hVDUqDwN7FFPTMC/Ds9KSCkifH24="},"chainType":1,"messageKeys":{}}},"pendingPreKey":{"signedKeyId":8,"baseKey":"Bcte1hKglt/OD9pfoS+ZLcCKRxhcQp1Q1ySNyzdhwgUI","preKeyId":10716990}}},"version":"v1"}