{"_sessions":{"Be66P9hO7NDjyhcLaWsnWfdMhRWeUx8zW5vNpzHtRVUE":{"registrationId":1816620735,"currentRatchet":{"ephemeralKeyPair":{"pubKey":"Bbxntt/2L9BS413SJ58FvXvIp0iTO6ACemLAQEB6w7cD","privKey":"aIRKQaTVXlQKTH+LGxchjQHzxVqKEUUIUSV7akiDSEc="},"lastRemoteEphemeralKey":"BS4MdA2kvWpt/pUmEJImle7o8+dMJf17jnMeAC08eexo","previousCounter":0,"rootKey":"uOz1VgjooXnZXVHeeZPYsKXFTrdypNvqrYUamhBNLX8="},"indexInfo":{"baseKey":"Be66P9hO7NDjyhcLaWsnWfdMhRWeUx8zW5vNpzHtRVUE","baseKeyType":1,"closed":-1,"used":1756158052408,"created":1756158052408,"remoteIdentityKey":"Bb5L8CdaPyw9PQN36zlPjqrc8uUh0wpmW+kbmeU0NhNK"},"_chains":{"Bbxntt/2L9BS413SJ58FvXvIp0iTO6ACemLAQEB6w7cD":{"chainKey":{"counter":5,"key":"FYpplpqWF44N3tbcePgjrcjDII0d/rdWADM/BC9Bvao="},"chainType":1,"messageKeys":{}}},"pendingPreKey":{"signedKeyId":5092763,"baseKey":"Be66P9hO7NDjyhcLaWsnWfdMhRWeUx8zW5vNpzHtRVUE","preKeyId":2484}}},"version":"v1"}