{"_sessions":{"BT0OKjUtMcVL5Ui+zsatBa3SdhZ7/cA9GtsInsoxsMVE":{"registrationId":1650990836,"currentRatchet":{"ephemeralKeyPair":{"pubKey":"BecvMP0V2Ouac89CR2fUXWfsVJdQ3Xbd3EpGmWkfA3Y4","privKey":"IEa7SLFw9IbCIAQ2JTlPyn2bGGCY/8ldoYv8ExvXUGs="},"lastRemoteEphemeralKey":"BcfIZqKyoc9Y+88crPL3hhkwbznMPZ204LDwvL+alSBI","previousCounter":4,"rootKey":"oBrdSY5CEuyBb5wygpmOSQTcbitUwrKuDcRg3OkXATE="},"indexInfo":{"baseKey":"BT0OKjUtMcVL5Ui+zsatBa3SdhZ7/cA9GtsInsoxsMVE","baseKeyType":1,"closed":-1,"used":1756496977954,"created":1756158052555,"remoteIdentityKey":"BcohIKiKce3FjsQ3sZ7lGwAENV0wKuyx/6U/WsnD0Fwv"},"_chains":{"BcfIZqKyoc9Y+88crPL3hhkwbznMPZ204LDwvL+alSBI":{"chainKey":{"counter":1,"key":"jdQmgBDIjOTWU4c7pLXD2jVjI8P9O0B6SEIr7/E8Ru8="},"chainType":2,"messageKeys":{}},"BecvMP0V2Ouac89CR2fUXWfsVJdQ3Xbd3EpGmWkfA3Y4":{"chainKey":{"counter":0,"key":"MiGrYpAbMbBqTzBVRPNHoAQcGZxlyT4zdBigZjFBaqs="},"chainType":1,"messageKeys":{}}}}},"version":"v1"}