{"_sessions":{"BaGnCeqs2rjvwxQCsaQ+uev/NrxH4ZGta90fsUcXVrpf":{"registrationId":1658160122,"currentRatchet":{"ephemeralKeyPair":{"pubKey":"BZ1kw7X8j0mAzIzjxAy1p/l1X6m/ntCe3CcY3jdAVUkV","privKey":"MPtKW/TSPBtxVAJjk9jhQyYVKvjIuspof0PWvTDln2k="},"lastRemoteEphemeralKey":"BXfOeMOkX/JEWD/sCfkH0rEiXNBfqP0MwKCxZ3T0NfQO","previousCounter":0,"rootKey":"dysB7xB3OWnv4R/COa3lMTorm9U5nUnia2brQX8H1KM="},"indexInfo":{"baseKey":"BaGnCeqs2rjvwxQCsaQ+uev/NrxH4ZGta90fsUcXVrpf","baseKeyType":1,"closed":-1,"used":1756158052511,"created":1756158052511,"remoteIdentityKey":"BRCZ2LWGWhiOoPEDUlJzytkbHQ5HN+PJARhh4cHkTwhD"},"_chains":{"BZ1kw7X8j0mAzIzjxAy1p/l1X6m/ntCe3CcY3jdAVUkV":{"chainKey":{"counter":5,"key":"VeHMUOnjinu6Stza4Bm0TtE90DphVpHACFs6xu3KDJ0="},"chainType":1,"messageKeys":{}}},"pendingPreKey":{"signedKeyId":1055678,"baseKey":"BaGnCeqs2rjvwxQCsaQ+uev/NrxH4ZGta90fsUcXVrpf","preKeyId":305}}},"version":"v1"}