{"_sessions":{"BXuB66oeFWZpWnSvF3q3e/08/k+uEsiPMUUErXsZBEgM":{"registrationId":163573512,"currentRatchet":{"ephemeralKeyPair":{"pubKey":"BQTAYhDCA61OLmKSG77e0w9+y2lGqAQ0RUABaqMzyH5v","privKey":"sK8Sj7Hhl9AhudCK9aV4/paqgmCaVR+GuiF8FgtP7kM="},"lastRemoteEphemeralKey":"BTdb/m8eNi59gyRLOkdzIDy+IkZBh7s52GDCWMHMzcFG","previousCounter":0,"rootKey":"B0X7/jiAghSL8aOTAQVKkkUfjN0XRVNcAAiaCFaWSls="},"indexInfo":{"baseKey":"BXuB66oeFWZpWnSvF3q3e/08/k+uEsiPMUUErXsZBEgM","baseKeyType":1,"closed":-1,"used":1756158052676,"created":1756158052676,"remoteIdentityKey":"BY+ilx6Mz97gjn327bo7/XsEdNAEABOj+Hp040dEtNQV"},"_chains":{"BQTAYhDCA61OLmKSG77e0w9+y2lGqAQ0RUABaqMzyH5v":{"chainKey":{"counter":5,"key":"NAIeh+IStwI3THo5gNCJ6h40LzstPCiGZCr+zG39hD8="},"chainType":1,"messageKeys":{}}},"pendingPreKey":{"signedKeyId":56,"baseKey":"BXuB66oeFWZpWnSvF3q3e/08/k+uEsiPMUUErXsZBEgM","preKeyId":1029000}}},"version":"v1"}