{"_sessions":{"BX7Uc6FT18JxFnO8g3rc/ijlIIfRR5r/0I6+eNhO4CwN":{"registrationId":1305580907,"currentRatchet":{"ephemeralKeyPair":{"pubKey":"BZbweqXn2FJygWIsFh0EatZJ1s2CW6AbYf/9CoD+AB05","privKey":"yO5EeNmVja3XBkos92keOltC5h9QzlT8vsNcXF0S0Gg="},"lastRemoteEphemeralKey":"BQnRuB7MFAYriMWa2QGIxPrsCKzJLO6qX+wJJI0Pap0d","previousCounter":0,"rootKey":"+9Z4Dmv6bYqvEyVydTP6lCRSFcnTDhl+BUOlpKn8GSQ="},"indexInfo":{"baseKey":"BX7Uc6FT18JxFnO8g3rc/ijlIIfRR5r/0I6+eNhO4CwN","baseKeyType":1,"closed":-1,"used":1756158052296,"created":1756158052296,"remoteIdentityKey":"BShV09aGUFwfu+SgQ8Y9WzYqw5Z4TCtafHub8NwNIOMG"},"_chains":{"BZbweqXn2FJygWIsFh0EatZJ1s2CW6AbYf/9CoD+AB05":{"chainKey":{"counter":5,"key":"v8BEF/t6IxlmaxqmJF3g7HtfypLeYmlyT2Wb2Q8Zzg0="},"chainType":1,"messageKeys":{}}},"pendingPreKey":{"signedKeyId":15,"baseKey":"BX7Uc6FT18JxFnO8g3rc/ijlIIfRR5r/0I6+eNhO4CwN","preKeyId":1772}}},"version":"v1"}