{"_sessions":{"BWTv6gPT2JNZ/XDHAlyvG9kLnWKphJS9BEWxb7xI/80Q":{"registrationId":87897345,"currentRatchet":{"ephemeralKeyPair":{"pubKey":"BUtZHCVVTSVJtvDJw9FspRQz/kxM0ISfFx3TXr/bn6kP","privKey":"GGmQgGLM6/QV4pbOmzeRMbcSTMmXo2o5SAeuHVsFqXY="},"lastRemoteEphemeralKey":"BZuuQyLKWE6DXfHW9xvrqEdPGF7R94In/C6AjhsS8d1c","previousCounter":0,"rootKey":"mfYjQodYlTyAezbqMzS1m3KkPsIrqSh+cCkYNc6YvsA="},"indexInfo":{"baseKey":"BWTv6gPT2JNZ/XDHAlyvG9kLnWKphJS9BEWxb7xI/80Q","baseKeyType":1,"closed":-1,"used":1756158052585,"created":1756158052585,"remoteIdentityKey":"BQztGliKbJwVmXRzogWiDPe/qb93dNW38Di9xyXdUaYi"},"_chains":{"BUtZHCVVTSVJtvDJw9FspRQz/kxM0ISfFx3TXr/bn6kP":{"chainKey":{"counter":5,"key":"zdaBeXdZmOebKDgcv6hZrab2/z9ch+S8mNGMEdpJYXI="},"chainType":1,"messageKeys":{}}},"pendingPreKey":{"signedKeyId":13680282,"baseKey":"BWTv6gPT2JNZ/XDHAlyvG9kLnWKphJS9BEWxb7xI/80Q","preKeyId":1494}}},"version":"v1"}