{"_sessions":{"BaHZY6ioQufGXU7vGs6b2O3p0jv5NPK36m6DX7N5lsUa":{"registrationId":902572573,"currentRatchet":{"ephemeralKeyPair":{"pubKey":"BYg9YwwyC2FfPN/RnCKLLTHC8fKsgJuQQSLnXKsJdzRG","privKey":"yN2D0N5RXgLFJQmAQPNAvygfZXXumCeOvfJWhGE833k="},"lastRemoteEphemeralKey":"BWHfiRgYit9mXVraAp6/e88Pzg172OowwOrhKbA/NfQ7","previousCounter":0,"rootKey":"H988qkBR8pOz8ju1FPccRXZgaiSHqi6N+0HcuFL+rHQ="},"indexInfo":{"baseKey":"BaHZY6ioQufGXU7vGs6b2O3p0jv5NPK36m6DX7N5lsUa","baseKeyType":1,"closed":-1,"used":1756158052435,"created":1756158052435,"remoteIdentityKey":"BeAxl5n0ZH24hcuqtn+DVkISK5gYp4wqgJNC3MQXgNVR"},"_chains":{"BYg9YwwyC2FfPN/RnCKLLTHC8fKsgJuQQSLnXKsJdzRG":{"chainKey":{"counter":5,"key":"ZMcbspAgGEUovgf/nXe/lLqI7RKPAxbouoVzCLWmXn0="},"chainType":1,"messageKeys":{}}},"pendingPreKey":{"signedKeyId":1756640,"baseKey":"BaHZY6ioQufGXU7vGs6b2O3p0jv5NPK36m6DX7N5lsUa","preKeyId":3770}}},"version":"v1"}