{"_sessions":{"BeLWacpCByhCEiAofcwhU+t0QNcDgGrKg8gx+0RXSaN0":{"registrationId":581006764,"currentRatchet":{"ephemeralKeyPair":{"pubKey":"BSwX0Z35eD2MunKjxIbVvhsDJuVqOF/Prt3HpPOV0UY2","privKey":"8MMiw+ndcruI8UcuKQxwHU7HpaTTPOdFQnO/paTIXF0="},"lastRemoteEphemeralKey":"BSucbREd2nON9nnp2+ieoQUDWGJ+uATzwfa3x5HUt7Ae","previousCounter":0,"rootKey":"ldj+oT9a+XjwAHYQg1rY32cV43BJvCOaLTQ0W65C1zM="},"indexInfo":{"baseKey":"BeLWacpCByhCEiAofcwhU+t0QNcDgGrKg8gx+0RXSaN0","baseKeyType":1,"closed":-1,"used":1756158052307,"created":1756158052307,"remoteIdentityKey":"BW9N0zZBWIyKZO14TzViqX5lDObHRmKWGj1bL5eWoxst"},"_chains":{"BSwX0Z35eD2MunKjxIbVvhsDJuVqOF/Prt3HpPOV0UY2":{"chainKey":{"counter":4,"key":"IDZ3Ahr4ek+n1AcH2qeywjklgohT23Z5t+cbAlAmy80="},"chainType":1,"messageKeys":{}}},"pendingPreKey":{"signedKeyId":5,"baseKey":"BeLWacpCByhCEiAofcwhU+t0QNcDgGrKg8gx+0RXSaN0","preKeyId":496}}},"version":"v1"}