{"_sessions":{"BVsKLvjxql5BDyNz2442+a+YK8pjtcGn79TUfUGP8B8H":{"registrationId":1743658102,"currentRatchet":{"ephemeralKeyPair":{"pubKey":"Bb5amCro4Wj8n9ee0BMe90QruL3M36+BbgSlP950u5t8","privKey":"UGWDAnk4QaN+BLBnuN3C2tiU3EPqW5uytsyaTllfPXo="},"lastRemoteEphemeralKey":"BSNSER0KrR0gyJ/QywjyFOF/rY4dTE+l8m0vbgECasVW","previousCounter":0,"rootKey":"/Q02QHU5qVXNoqspGCa1tAM6VepibmY4hoioU2J7fDM="},"indexInfo":{"baseKey":"BVsKLvjxql5BDyNz2442+a+YK8pjtcGn79TUfUGP8B8H","baseKeyType":1,"closed":1756289240222,"used":1756158052269,"created":1756158052269,"remoteIdentityKey":"BVzljbR0xj7jsNFji1rNwo2nwsPVMaug+MNLzRj0rVRI"},"_chains":{"Bb5amCro4Wj8n9ee0BMe90QruL3M36+BbgSlP950u5t8":{"chainKey":{"counter":1,"key":"3OwUNBlWtUrw7pqgaXUf7BDVliBQxNsNTIUyoyLmLZk="},"chainType":1,"messageKeys":{}}},"pendingPreKey":{"signedKeyId":27,"baseKey":"BVsKLvjxql5BDyNz2442+a+YK8pjtcGn79TUfUGP8B8H","preKeyId":1815}},"BbWbvILon9NwrOEFXL8UQTt4H4GtZYSlWX2oqkhG0X4z":{"registrationId":1743658102,"currentRatchet":{"ephemeralKeyPair":{"pubKey":"BR5ibKjAo4vk6vmKwyOKlrrAQdYNa0QZx/KmUh7EmxBT","privKey":"oLzUeRxsaumcEb5svYyu08JKtATeIg/UElkkuNteVHA="},"lastRemoteEphemeralKey":"BSNSER0KrR0gyJ/QywjyFOF/rY4dTE+l8m0vbgECasVW","previousCounter":0,"rootKey":"OLuyG9o0kl0DnaJ/Hf78WRBcKXIme1wlw80E7arzH2o="},"indexInfo":{"baseKey":"BbWbvILon9NwrOEFXL8UQTt4H4GtZYSlWX2oqkhG0X4z","baseKeyType":1,"closed":1756289240346,"used":1756289240220,"created":1756289240220,"remoteIdentityKey":"BVzljbR0xj7jsNFji1rNwo2nwsPVMaug+MNLzRj0rVRI"},"_chains":{"BR5ibKjAo4vk6vmKwyOKlrrAQdYNa0QZx/KmUh7EmxBT":{"chainKey":{"counter":-1,"key":"riLXFcZBWN/6WJ+c7agdRR73KSJBSmLcGEwMPUUtrCc="},"chainType":1,"messageKeys":{}}},"pendingPreKey":{"signedKeyId":27,"baseKey":"BbWbvILon9NwrOEFXL8UQTt4H4GtZYSlWX2oqkhG0X4z","preKeyId":2467}},"BffgTYEGgblwpi1sF1F8lZ0GRbX/CbvKGn1r3syXkQ0Z":{"registrationId":1743658102,"currentRatchet":{"ephemeralKeyPair":{"pubKey":"BS4M6U5Kl0OQ+I8L6rh+ycfmfMTvB0m5tB2dEWx3/b9d","privKey":"kDF0Yz7BvO7cFXKFnb5OzXugP99iq+wQ8qDYSiyI/Wc="},"lastRemoteEphemeralKey":"BZEkuUtndlxG1GRmQnU1eIyR0xlr106NQ7vm5bI5oc1i","previousCounter":2,"rootKey":"y61URRs+CiqciU8y+f4m7bRALAZ66jfiSHRLRdDlO74="},"indexInfo":{"baseKey":"BffgTYEGgblwpi1sF1F8lZ0GRbX/CbvKGn1r3syXkQ0Z","baseKeyType":1,"closed":-1,"used":1756392630594,"created":1756289240344,"remoteIdentityKey":"BVzljbR0xj7jsNFji1rNwo2nwsPVMaug+MNLzRj0rVRI"},"_chains":{"BZEkuUtndlxG1GRmQnU1eIyR0xlr106NQ7vm5bI5oc1i":{"chainKey":{"counter":1,"key":"us3mBGvERYTIFtKCkQFhu7tJj93yj0q4koCndjn9FjA="},"chainType":2,"messageKeys":{}},"BS4M6U5Kl0OQ+I8L6rh+ycfmfMTvB0m5tB2dEWx3/b9d":{"chainKey":{"counter":0,"key":"6R7ZNDkX4Gx7PVjhzo0JTLSKN92CJssrT8ajlEm/tm4="},"chainType":1,"messageKeys":{}}}}},"version":"v1"}