{"_sessions":{"BXUctq0TIY0t6a9lVxccrUwGNVztZyYvRmcHvdD4qNRk":{"registrationId":52713942,"currentRatchet":{"ephemeralKeyPair":{"pubKey":"Bd5Zo9dD12qs7mlJSv1hU+Tanf6sg/XORD2z+tjt1LId","privKey":"aCTiHAi6IKRKL9fSDN9MEmjlLs0X+GdfXgn5S8hujFs="},"lastRemoteEphemeralKey":"BVT0jX3VMdDVp/IfuI2cMBjGCKfLFkKelND67Wjp96B8","previousCounter":0,"rootKey":"7wnHCLfCisz91peYvkN67D/QtBPAUeJvkKayFOY8IzI="},"indexInfo":{"baseKey":"BXUctq0TIY0t6a9lVxccrUwGNVztZyYvRmcHvdD4qNRk","baseKeyType":1,"closed":-1,"used":1756158052634,"created":1756158052634,"remoteIdentityKey":"BSq/EZeOPwBZAEQ3HqpJBPLzCTUWEggD7MwcjP72xzZ1"},"_chains":{"Bd5Zo9dD12qs7mlJSv1hU+Tanf6sg/XORD2z+tjt1LId":{"chainKey":{"counter":5,"key":"i/0zOe2U3z5Ac+H2rMHmpiIPElRCU3BJoLL+CTrlNk0="},"chainType":1,"messageKeys":{}}},"pendingPreKey":{"signedKeyId":575063,"baseKey":"BXUctq0TIY0t6a9lVxccrUwGNVztZyYvRmcHvdD4qNRk","preKeyId":2202}}},"version":"v1"}