{"_sessions":{"BTOh8GnvosJSElqBpb5xs6up9YiddbVI94AQXBBLeqQn":{"registrationId":1693629848,"currentRatchet":{"ephemeralKeyPair":{"pubKey":"BbwOvIowSPohdQbRn1PPftVv0ZCgkMCnImo6/NexFdBG","privKey":"cOrK/yVS9rx9Hpo7zzg1W7WeoJGB1vzkPcfn9COrB08="},"lastRemoteEphemeralKey":"BQWTdvKXD8dA+SnHMHkHfxmFmbquCp/GA5o7bvEv38Qs","previousCounter":0,"rootKey":"VTNQBENCX5HpsHAk4ZAZo1JnHl7hr7jg83un102vzj0="},"indexInfo":{"baseKey":"BTOh8GnvosJSElqBpb5xs6up9YiddbVI94AQXBBLeqQn","baseKeyType":1,"closed":-1,"used":1756158052327,"created":1756158052327,"remoteIdentityKey":"BWWwZ93SDtSAEtgvoQYAp1dPmDjWbsJ2bFfhdujwAe0d"},"_chains":{"BbwOvIowSPohdQbRn1PPftVv0ZCgkMCnImo6/NexFdBG":{"chainKey":{"counter":5,"key":"5gacxt3CmgyeoBr01edZM93DADhiTdgMeQ616mg3de8="},"chainType":1,"messageKeys":{}}},"pendingPreKey":{"signedKeyId":2248778,"baseKey":"BTOh8GnvosJSElqBpb5xs6up9YiddbVI94AQXBBLeqQn","preKeyId":172}}},"version":"v1"}