{"_sessions":{"BV+tsAx24lvT+7v/ms81Lzy34OxBregDeYdPRXeTn8Zp":{"registrationId":1085934989,"currentRatchet":{"ephemeralKeyPair":{"pubKey":"BbrXHp2Aw6rAc35Ha3Wr2VI7hAN95/vrra17s28lL9ZH","privKey":"aFc3bmKJGQemyX6P9kqgYsy8pnV7QBWciNAGU6Ey9H4="},"lastRemoteEphemeralKey":"BQqYPA1eiM90Vw0JSRPVzU4y5AJDPUquPZJ1wf73A/Jp","previousCounter":0,"rootKey":"lwWUcx89d6T+6X5K3DOCmhVwoL/XZJ/ySR0vG3FBI74="},"indexInfo":{"baseKey":"BV+tsAx24lvT+7v/ms81Lzy34OxBregDeYdPRXeTn8Zp","baseKeyType":1,"closed":-1,"used":1756158052677,"created":1756158052677,"remoteIdentityKey":"Bfe9VIcj4nIXRg7FZmZg7t7o4xCORq3INGow6Rch54I9"},"_chains":{"BbrXHp2Aw6rAc35Ha3Wr2VI7hAN95/vrra17s28lL9ZH":{"chainKey":{"counter":5,"key":"5WEutSweOoK3qyslDXWiXmecIINfo8CfLiEK1YD/XdU="},"chainType":1,"messageKeys":{}}},"pendingPreKey":{"signedKeyId":15034810,"baseKey":"BV+tsAx24lvT+7v/ms81Lzy34OxBregDeYdPRXeTn8Zp","preKeyId":2404}}},"version":"v1"}