{"_sessions":{"Bb3ecyxU/0TiHtUsEPgrZtwpkdgZ+uZDX3BOdnfSkrFQ":{"registrationId":958128898,"currentRatchet":{"ephemeralKeyPair":{"pubKey":"BZnSkK1rqCWA3gxNvctNYZrJ0MGYr/ppH/+DEIM/esFy","privKey":"eJnTYNQYzXkrpb3e8vPbbgf9EQIBEwWokOWTah+fCW0="},"lastRemoteEphemeralKey":"Bd0BdHbUwUyhK6YSYWT+Fa9afDb00OTi6HO189NpZTBr","previousCounter":0,"rootKey":"q8K+kvuUARfg7WHphWx/hiZhDq7VesLosS6JIY+vXF4="},"indexInfo":{"baseKey":"Bb3ecyxU/0TiHtUsEPgrZtwpkdgZ+uZDX3BOdnfSkrFQ","baseKeyType":1,"closed":-1,"used":1756499347771,"created":1756499347771,"remoteIdentityKey":"BdyqKg3rwN0E0xNRnEsduAnHJXZsyIu06WnPd5NNTF1e"},"_chains":{"BZnSkK1rqCWA3gxNvctNYZrJ0MGYr/ppH/+DEIM/esFy":{"chainKey":{"counter":0,"key":"pXpDDxbqCVZKdUU/+HuT/zNLzdMGZNdEH3xbx19d8DQ="},"chainType":1,"messageKeys":{}}},"pendingPreKey":{"signedKeyId":1,"baseKey":"Bb3ecyxU/0TiHtUsEPgrZtwpkdgZ+uZDX3BOdnfSkrFQ","preKeyId":33}}},"version":"v1"}