{"_sessions":{"BTB7KwK2qBxe8et2rQwS05UGZ3atfRuLTRQqsejX6F8Q":{"registrationId":1381577826,"currentRatchet":{"ephemeralKeyPair":{"pubKey":"BXSfeknn2Oo+Qb4nWpMwg4OsN+u647wQodbHBHpAS5l9","privKey":"oK531fPPFhopITMPGmByqaKndE4SetSPsSwSMB+AKW8="},"lastRemoteEphemeralKey":"BWs3zreqLOdvBCfutCKzISkkXhkGqtMn+7/UpCSm5A5l","previousCounter":0,"rootKey":"xKsW5x0ve37gkMzHktQQkOozE82k32i4o/NkEVIdnak="},"indexInfo":{"baseKey":"BTB7KwK2qBxe8et2rQwS05UGZ3atfRuLTRQqsejX6F8Q","baseKeyType":1,"closed":-1,"used":1756158052405,"created":1756158052405,"remoteIdentityKey":"BYvFuQ0AvpGly+eg3SS3j7WKABZD/BJ6exzCqxbP1olz"},"_chains":{"BXSfeknn2Oo+Qb4nWpMwg4OsN+u647wQodbHBHpAS5l9":{"chainKey":{"counter":5,"key":"Vn91dMyG02E7V1IuFGvY9I2u7NiDrBbLrTDwLLmSrn0="},"chainType":1,"messageKeys":{}}},"pendingPreKey":{"signedKeyId":48,"baseKey":"BTB7KwK2qBxe8et2rQwS05UGZ3atfRuLTRQqsejX6F8Q","preKeyId":3169145}}},"version":"v1"}