{"_sessions":{"BdNYF9NKvcUMe8ZZ/JsULNqgqvPRhPZc8ErH5r3q0AcM":{"registrationId":2098806678,"currentRatchet":{"ephemeralKeyPair":{"pubKey":"BVCKU3sqEhPsNJj9uDde/e8IfGaNP0jyVAq2kxtj9IAk","privKey":"aGF2lJbY1bzHeyWcPEqp1BDVmkZJuhNsc3IrKY3JsFY="},"lastRemoteEphemeralKey":"BaOBG5FOV7tw6o4LGf23ds+EsIcFhg3381wFe/d5PNkj","previousCounter":0,"rootKey":"uBWSN9PAhyfyNn+9A0jwGpLaDMM8WC+qAofKgh3t9r8="},"indexInfo":{"baseKey":"BdNYF9NKvcUMe8ZZ/JsULNqgqvPRhPZc8ErH5r3q0AcM","baseKeyType":1,"closed":-1,"used":1756158052639,"created":1756158052639,"remoteIdentityKey":"BV670WbCU0oUWiYsjVEhGP6RJBrs9MorHgGi9YxNIep0"},"_chains":{"BVCKU3sqEhPsNJj9uDde/e8IfGaNP0jyVAq2kxtj9IAk":{"chainKey":{"counter":5,"key":"WASuSeLptH6+kF4L5dH315uqMbkvWC1zgh0an1FLTIc="},"chainType":1,"messageKeys":{}}},"pendingPreKey":{"signedKeyId":14,"baseKey":"BdNYF9NKvcUMe8ZZ/JsULNqgqvPRhPZc8ErH5r3q0AcM","preKeyId":1156981}}},"version":"v1"}