{"_sessions":{"BbjJkwSSZqdC0hoIaWYqu0pg9xe4LAiFH36GczPzESpt":{"registrationId":4818,"currentRatchet":{"ephemeralKeyPair":{"pubKey":"BbxpHXsZIqgilqxkGLqUkpMv+iWZ96HxfOF4AEmu6XRx","privKey":"QLWx+b3+Bi2kDVz2w9D8CMxAVGavrjyoa697Tm9UsXQ="},"lastRemoteEphemeralKey":"BXTiSVXpPWUlgtr2AxyURBTIs2copVkFd5DLdkWy4xkE","previousCounter":0,"rootKey":"DXO96Vz0cLbmN8QDxSYXL1fWxFQxlzWcWy1z0JL6Li0="},"indexInfo":{"baseKey":"BbjJkwSSZqdC0hoIaWYqu0pg9xe4LAiFH36GczPzESpt","baseKeyType":1,"closed":-1,"used":1756158052390,"created":1756158052390,"remoteIdentityKey":"BZ8t3pOHw953X2KlEDw8/tbsK0aoXZvTBGP1oixsj1QJ"},"_chains":{"BbxpHXsZIqgilqxkGLqUkpMv+iWZ96HxfOF4AEmu6XRx":{"chainKey":{"counter":5,"key":"j0JN6zPmJ2ouSbTJDkFKHE4sVyVvNtKZiCM8mp12kFY="},"chainType":1,"messageKeys":{}}},"pendingPreKey":{"signedKeyId":1,"baseKey":"BbjJkwSSZqdC0hoIaWYqu0pg9xe4LAiFH36GczPzESpt","preKeyId":1782}}},"version":"v1"}