{"_sessions":{"BRVSCpfgAyerZAfW+GwEoxVNwwXGh004MgskD4+BTmV4":{"registrationId":577875773,"currentRatchet":{"ephemeralKeyPair":{"pubKey":"BWvZu3Y4snjFKAtwkwWi9Le1BroUYj5kt/p+Rd9XQeEr","privKey":"gFuRHvdtbX7084XyeCQ7f7bP7+ZonQJP9CcJO09o3mA="},"lastRemoteEphemeralKey":"BVsr0bs9bDotEWQ7q6c4LhObQIUykbhaVHiNrvKUPhET","previousCounter":0,"rootKey":"UnmxRMhx24/j7Sk3d+oeVVBqM29doa3CB1CfG/NwBSk="},"indexInfo":{"baseKey":"BRVSCpfgAyerZAfW+GwEoxVNwwXGh004MgskD4+BTmV4","baseKeyType":1,"closed":-1,"used":1756158052432,"created":1756158052432,"remoteIdentityKey":"BX5+ljeefxzGWAou33SARH2Elgl4stSmMJQ23Bo8b903"},"_chains":{"BWvZu3Y4snjFKAtwkwWi9Le1BroUYj5kt/p+Rd9XQeEr":{"chainKey":{"counter":5,"key":"XmO9oGMGIstywrgFgYYJkly+0IW+mSjAGL03elpsrYM="},"chainType":1,"messageKeys":{}}},"pendingPreKey":{"signedKeyId":14341739,"baseKey":"BRVSCpfgAyerZAfW+GwEoxVNwwXGh004MgskD4+BTmV4","preKeyId":2403}}},"version":"v1"}