{"_sessions":{"BWmSF9VH0wbghWjYRkBAJB5kjge/xJd7a4qo0GdUjGkO":{"registrationId":193102944,"currentRatchet":{"ephemeralKeyPair":{"pubKey":"BW0lsNWh86o6CW1aje0VMZTLnylnJND5dlF5Vd18kZ0l","privKey":"2I6z2VHhhayWmI8INuPZUQc+XLd6vwrlQ25w+vK3ZkI="},"lastRemoteEphemeralKey":"BbzKVQY5w4s3dN2fb+0dmWLCMf0ah5KueVPifhWb5QtO","previousCounter":0,"rootKey":"7luxUVjJL3MLgSYdEPOt+wmjWacddGeZn7wfMpsy6xM="},"indexInfo":{"baseKey":"BWmSF9VH0wbghWjYRkBAJB5kjge/xJd7a4qo0GdUjGkO","baseKeyType":1,"closed":-1,"used":1756158052579,"created":1756158052579,"remoteIdentityKey":"BTYljhUT6tDtTv7Agz5RisSHxpVc0hkc+nq36y6zrY1a"},"_chains":{"BW0lsNWh86o6CW1aje0VMZTLnylnJND5dlF5Vd18kZ0l":{"chainKey":{"counter":5,"key":"hqh1vQu/VrMPVZOVsLaPpBeWihf2vbKB/Sa+cDHdvPo="},"chainType":1,"messageKeys":{}}},"pendingPreKey":{"signedKeyId":32,"baseKey":"BWmSF9VH0wbghWjYRkBAJB5kjge/xJd7a4qo0GdUjGkO","preKeyId":4903819}}},"version":"v1"}