{"_sessions":{"BYMVblI3hE/cK0nkHQXvwVv3Q04i75BEGoZa7TEyO7YA":{"registrationId":924269221,"currentRatchet":{"ephemeralKeyPair":{"pubKey":"BX9sSUikl711Z0iw6zoBL3laZ4BqkS1ou/sK94gNJvNT","privKey":"4EiP+j9VQAwE1rJ9xQwXsQGvxAys2Bx0yc1T8kC+bU0="},"lastRemoteEphemeralKey":"BRD2NY6J/2ATT9zjqE/0qDbPNbOmjc297nDNYeU4oJ1u","previousCounter":0,"rootKey":"yasRHFVFaxelD6igqWZ8pSTrVBbiZq9AWUWEymgUKkc="},"indexInfo":{"baseKey":"BYMVblI3hE/cK0nkHQXvwVv3Q04i75BEGoZa7TEyO7YA","baseKeyType":1,"closed":-1,"used":1756158052475,"created":1756158052475,"remoteIdentityKey":"Ba39EFLQY3nRVvZSmkdlbkYIwUYEhqhVWs+YNOuo7Op1"},"_chains":{"BX9sSUikl711Z0iw6zoBL3laZ4BqkS1ou/sK94gNJvNT":{"chainKey":{"counter":5,"key":"eknS0YUao25bOg1eVcXCpElGSNTo0cKj76Y/plfQ8TQ="},"chainType":1,"messageKeys":{}}},"pendingPreKey":{"signedKeyId":4429314,"baseKey":"BYMVblI3hE/cK0nkHQXvwVv3Q04i75BEGoZa7TEyO7YA","preKeyId":3563}}},"version":"v1"}