{"_sessions":{"BXT4hJtk0E8IP2AOH0BqIcGlIsGxzh8H50l+g6N62qkp":{"registrationId":13132,"currentRatchet":{"ephemeralKeyPair":{"pubKey":"BaeVbWHAU8tcHI+7WKXpHpPGyFlrYSAMeSFkH4wQbJp+","privKey":"mGzcaa9EsqfMNGwSPvZ3Z9jKNVMQpEvot62TlVlRA0Q="},"lastRemoteEphemeralKey":"BToswh32jUuHtV1zIMpgegKGwPvH6YdnmoWataITylFY","previousCounter":0,"rootKey":"dean4pT8UizHAfR5N5t/Yyy0x0uMRF706Vqd7lZJav0="},"indexInfo":{"baseKey":"BXT4hJtk0E8IP2AOH0BqIcGlIsGxzh8H50l+g6N62qkp","baseKeyType":1,"closed":-1,"used":1756158052359,"created":1756158052359,"remoteIdentityKey":"BcD4lUST5zMBFIDbyELnZ7PWM0LSIvXPxNWjzFEBB8ID"},"_chains":{"BaeVbWHAU8tcHI+7WKXpHpPGyFlrYSAMeSFkH4wQbJp+":{"chainKey":{"counter":5,"key":"aArcynLMn+UXHbayVi1tMp8/Jsp3/DnKR1cUPCvbAA0="},"chainType":1,"messageKeys":{}}},"pendingPreKey":{"signedKeyId":4,"baseKey":"BXT4hJtk0E8IP2AOH0BqIcGlIsGxzh8H50l+g6N62qkp","preKeyId":1697}}},"version":"v1"}