{"_sessions":{"BVD3sgBnv0Se2CNjyWjsKuQcrmXUCVdYE1j4q5azYHdr":{"registrationId":248974662,"currentRatchet":{"ephemeralKeyPair":{"pubKey":"Bbox8xPxgHpvEZM7QCPW7lRsJ6Mx7H1E6+RjyFnUqHdC","privKey":"6K9MLykUfsLhO/G9OgHFUNpmM4gYcrXk+3cSjaGiW28="},"lastRemoteEphemeralKey":"BXS8QutKTGVCluaYckF9sm11TZoLz+b6ZP4jb5erCyZr","previousCounter":0,"rootKey":"jKDVWsDPeIQlBN/29e2X3wUbztFqfyFPxs+xUq+MS6M="},"indexInfo":{"baseKey":"BVD3sgBnv0Se2CNjyWjsKuQcrmXUCVdYE1j4q5azYHdr","baseKeyType":1,"closed":-1,"used":1756158052637,"created":1756158052637,"remoteIdentityKey":"BYm3QySXokvg0BxDK8dKkb6X+JqUp/0mn96eh1G0FGJe"},"_chains":{"Bbox8xPxgHpvEZM7QCPW7lRsJ6Mx7H1E6+RjyFnUqHdC":{"chainKey":{"counter":5,"key":"aeZsIVRoqKqLnbLdANyAsLK/VD7S1RKKBGMCLhRWrJY="},"chainType":1,"messageKeys":{}}},"pendingPreKey":{"signedKeyId":0,"baseKey":"BVD3sgBnv0Se2CNjyWjsKuQcrmXUCVdYE1j4q5azYHdr"}}},"version":"v1"}