{"_sessions":{"BWLGVPKERvlfQFiyjyExJnG41sSdGlo+KhFbmU+G16EH":{"registrationId":237764035,"currentRatchet":{"ephemeralKeyPair":{"pubKey":"BbpT4jFsqaTY6FrFMxHuy0X83AqhIrz16XxjT56OsEEz","privKey":"8GGaGYsEdCEpJtV0sVi3Jv+iTK6CSWRVLG1z5FOSrmc="},"lastRemoteEphemeralKey":"BTLpclhbwBW3h1QsIY/cp0e+LT4tUxB4dSm+fmo2QRJD","previousCounter":0,"rootKey":"YoYfXoXBdJzTUCkMKi8hxc197dxtA7YX6d2H0cAhHjg="},"indexInfo":{"baseKey":"BWLGVPKERvlfQFiyjyExJnG41sSdGlo+KhFbmU+G16EH","baseKeyType":1,"closed":-1,"used":1756158052644,"created":1756158052644,"remoteIdentityKey":"BSDydGmQvmGLvoXMHzss0mzXcOQzG5wr2mohiXjIREJZ"},"_chains":{"BbpT4jFsqaTY6FrFMxHuy0X83AqhIrz16XxjT56OsEEz":{"chainKey":{"counter":5,"key":"hp9tKoplz1UJWR0ZoXugQL3xJUyuj3ErqeTqMU1bBw8="},"chainType":1,"messageKeys":{}}},"pendingPreKey":{"signedKeyId":15,"baseKey":"BWLGVPKERvlfQFiyjyExJnG41sSdGlo+KhFbmU+G16EH","preKeyId":777267}}},"version":"v1"}