{"_sessions":{"BTm3NNkrbtJFchIoCk5szy6QaBYQN4SZjeF2u8PVLcxG":{"registrationId":740476898,"currentRatchet":{"ephemeralKeyPair":{"pubKey":"BckZ9rBXLnpuuPiIyorHjHPmS//TaDi8o0F7tqBVsa9D","privKey":"kGRDeB3cbJ34D9ePvf63aRwTfr9uStsKgxBUJNRXHnY="},"lastRemoteEphemeralKey":"BVTE4uPbh0f0xUmjmKgVlq2NCFHrhDJCxDE44mXRoNkb","previousCounter":0,"rootKey":"8ICwj1J0iCeWTYghjdso1NAJF8eAqpJ9XhEA3/GiRI4="},"indexInfo":{"baseKey":"BTm3NNkrbtJFchIoCk5szy6QaBYQN4SZjeF2u8PVLcxG","baseKeyType":1,"closed":-1,"used":1756158052293,"created":1756158052293,"remoteIdentityKey":"BTL/uL++mLoDu89F7IElt5LCBumaM5G4eVBHaKf1ShdN"},"_chains":{"BckZ9rBXLnpuuPiIyorHjHPmS//TaDi8o0F7tqBVsa9D":{"chainKey":{"counter":5,"key":"hFbQEfsekCCDht12ByWWAtiRVWWrnH6i7uRwzqT06cg="},"chainType":1,"messageKeys":{}}},"pendingPreKey":{"signedKeyId":1,"baseKey":"BTm3NNkrbtJFchIoCk5szy6QaBYQN4SZjeF2u8PVLcxG","preKeyId":303}}},"version":"v1"}