{"_sessions":{"BQGkRETo4flJZijqSm+Odert6Vuq1UADljvKz+Kh689m":{"registrationId":1412583110,"currentRatchet":{"ephemeralKeyPair":{"pubKey":"BS0uAbTKUEF75VC+9k+fqkQKaFunrQJ/DVR/wxMl+UI5","privKey":"wJ//nbzY6yTuN4U7msuF7QihdgMtoNeOqzfrhjrwtEo="},"lastRemoteEphemeralKey":"BROfRIKMZYN8bl+LLjCMcdS7JjRUQZp/n/fXMJVFxW81","previousCounter":0,"rootKey":"SURWOYIyDkYA6AGGw82pgO0E9B1SNZstt7tg8Gio89k="},"indexInfo":{"baseKey":"BQGkRETo4flJZijqSm+Odert6Vuq1UADljvKz+Kh689m","baseKeyType":1,"closed":-1,"used":1756158052323,"created":1756158052323,"remoteIdentityKey":"Bd8JVKg1X4Ovin0YPE0Hhb0SimXrl5Km6SmxPP2ZhpUF"},"_chains":{"BS0uAbTKUEF75VC+9k+fqkQKaFunrQJ/DVR/wxMl+UI5":{"chainKey":{"counter":5,"key":"GETyPsKbN3zrO5nwc83zkSr1bY7YjQTetWoQvCBhfoc="},"chainType":1,"messageKeys":{}}},"pendingPreKey":{"signedKeyId":1,"baseKey":"BQGkRETo4flJZijqSm+Odert6Vuq1UADljvKz+Kh689m","preKeyId":267}}},"version":"v1"}