{"_sessions":{"Bd6bdiQausOhB6tYCHXaZgHB+ni015Al5GMwyoc/lYsz":{"registrationId":1264411947,"currentRatchet":{"ephemeralKeyPair":{"pubKey":"Baas68YmnU76XbUOmtc8JSaNkBMN3rL1LuPRSgGoMcpC","privKey":"GFY9pYq3X8cr1l5wZccj5Nm2xeevfNfgJtz9YC9T138="},"lastRemoteEphemeralKey":"BSV2xzUORDRCPq07n1Aw8a6qZWIARqvGOUE0fVLsf5ok","previousCounter":0,"rootKey":"j1yrshIFWspb7zeJYyRtbOTENUSpOLPYuN53DfcEmg4="},"indexInfo":{"baseKey":"Bd6bdiQausOhB6tYCHXaZgHB+ni015Al5GMwyoc/lYsz","baseKeyType":1,"closed":-1,"used":1756158052418,"created":1756158052418,"remoteIdentityKey":"BZoEe17vczjSbrSyJEf1yQoQL4DvgLdJJF23Ok9IHkAb"},"_chains":{"Baas68YmnU76XbUOmtc8JSaNkBMN3rL1LuPRSgGoMcpC":{"chainKey":{"counter":5,"key":"S2llXBp0xAZLWXAvgXVamKxiCqZwWNSrvNMsnJfNpyg="},"chainType":1,"messageKeys":{}}},"pendingPreKey":{"signedKeyId":25,"baseKey":"Bd6bdiQausOhB6tYCHXaZgHB+ni015Al5GMwyoc/lYsz","preKeyId":1743825}}},"version":"v1"}