{"_sessions":{"BbHBMf5RzUudsl2sCJPaCZvb5BKXH5noRahQX1UKdDMj":{"registrationId":1697557718,"currentRatchet":{"ephemeralKeyPair":{"pubKey":"BcsuL0BvsCUOATAcX7R8+GPkzRHVsl7vV1K6goqwI1Jh","privKey":"2CTaR+YLDDBp10PM58q0Coaq2qogNLeo1wm/JYiHyHU="},"lastRemoteEphemeralKey":"BUytswER1DAV1+nrXngx+Ks9V1NnrPjCeDa6/WjeSRka","previousCounter":0,"rootKey":"DcavkwC2hSN8o2K/YUpMjTxg0zmsuHBRS82s4aSpmQ4="},"indexInfo":{"baseKey":"BbHBMf5RzUudsl2sCJPaCZvb5BKXH5noRahQX1UKdDMj","baseKeyType":1,"closed":-1,"used":1756231790511,"created":1756158052321,"remoteIdentityKey":"BdY5nk5IJX9zDrIhFHpMyp3+4+WPDzCBN2qx4Rwpxxxi"},"_chains":{"BUytswER1DAV1+nrXngx+Ks9V1NnrPjCeDa6/WjeSRka":{"chainKey":{"counter":0,"key":"g3DSMfcnlTxjuCioBSevoydCWnSNJ0yXT3Lm3t2piYA="},"chainType":2,"messageKeys":{}},"BcsuL0BvsCUOATAcX7R8+GPkzRHVsl7vV1K6goqwI1Jh":{"chainKey":{"counter":4,"key":"Zx0P4qpnrvTAzsibvUGRFWosGzXXKciac5eDBVGstvI="},"chainType":1,"messageKeys":{}}}}},"version":"v1"}