{"_sessions":{"BYlfyT8Oo+MpCalw7/K72k135SFBYY0lrsgkmUMQm85v":{"registrationId":3954,"currentRatchet":{"ephemeralKeyPair":{"pubKey":"BdWQvcQqqbe8d3lukF9BIYqmwFX0UOIcNDkP6AAPXc5h","privKey":"KFGp8hmvE9D0yqho2gPa6UMuk28+aOZozsaTE76L3Wo="},"lastRemoteEphemeralKey":"BUdgq+8EKVOYWOH5IbIRLhbkCRB+J8nSwKMUogWITvxP","previousCounter":0,"rootKey":"X6e4QzeUXl3fEqYiu2se/0CcNUXPZRKRI9rBP2Fq5nM="},"indexInfo":{"baseKey":"BYlfyT8Oo+MpCalw7/K72k135SFBYY0lrsgkmUMQm85v","baseKeyType":1,"closed":-1,"used":1756489346726,"created":1756489346726,"remoteIdentityKey":"BVwh1qxONa9PNk2B2v/rD85gWT4OU1cZIRU9Q2qcCkFA"},"_chains":{"BdWQvcQqqbe8d3lukF9BIYqmwFX0UOIcNDkP6AAPXc5h":{"chainKey":{"counter":1,"key":"14TjDlwO3UhoNJd0A9tfz4NIYWu217tkMA6r2O5u2TI="},"chainType":1,"messageKeys":{}}},"pendingPreKey":{"signedKeyId":1,"baseKey":"BYlfyT8Oo+MpCalw7/K72k135SFBYY0lrsgkmUMQm85v","preKeyId":814}}},"version":"v1"}