{"_sessions":{"BeEvZXrZe1L+jVLQigjSTrRVplqDHrXlBqECtwdgJZhV":{"registrationId":1305972352,"currentRatchet":{"ephemeralKeyPair":{"pubKey":"BcESe9pqSfWXkTCO2sHnH3C9+kCbHJGid6NVlnf8a2ch","privKey":"KFADqUJQu9ldDAPQ+SWqaw2yWWP67R5MIc9S7F0lfVw="},"lastRemoteEphemeralKey":"Ba0PNQlCr2JHZ5KGwsJL7MwtkXXCHJa8c4Sm7ncCL8wG","previousCounter":2,"rootKey":"a6PMFB8a5Zp8YMgmzRjbPtH+Z8FqTwysWn3xesWWIr0="},"indexInfo":{"baseKey":"BeEvZXrZe1L+jVLQigjSTrRVplqDHrXlBqECtwdgJZhV","baseKeyType":2,"closed":-1,"used":1756330331464,"created":1756308903916,"remoteIdentityKey":"BW/KSi8tT4esjZOgwAjkElVW3bh8DWQQGO7oXUFkkRwC"},"_chains":{"Bb4dzEskLBf46IycyL5kyQJii19h6NrcTDRSVFFeFjou":{"chainKey":{"counter":0},"chainType":2,"messageKeys":{}},"Ba0PNQlCr2JHZ5KGwsJL7MwtkXXCHJa8c4Sm7ncCL8wG":{"chainKey":{"counter":1,"key":"rcmgXPuTlzbnf3rrt4loMxyJkTKTu90cACSBH2srVGc="},"chainType":2,"messageKeys":{}},"BcESe9pqSfWXkTCO2sHnH3C9+kCbHJGid6NVlnf8a2ch":{"chainKey":{"counter":1,"key":"V19iPaSXmVnbJcJCnWE36VaRV7b4NzT3IbWpjBOyzTc="},"chainType":1,"messageKeys":{}}}}},"version":"v1"}