{"_sessions":{"BVi1xQPca0OUKRNyAUbve5t/+j4V343fpi12cVOw+Co5":{"registrationId":983366094,"currentRatchet":{"ephemeralKeyPair":{"pubKey":"BVRhdlDWlafIlhHWF4yFe+vT+LEWfz2hoqDHZv/dJ9Zt","privKey":"GG3j5/763rxeK6ikPxbnN/mK2KDOcdfbdLt1xpetxWk="},"lastRemoteEphemeralKey":"BZuufXerD6zehQ1FMtpBmqohhrNaJqKhWjUUNKk9fXM/","previousCounter":0,"rootKey":"50lnrh9x7V+uOKRP8bKFp5EBVcqZMlku7KlDGDWGpck="},"indexInfo":{"baseKey":"BVi1xQPca0OUKRNyAUbve5t/+j4V343fpi12cVOw+Co5","baseKeyType":2,"closed":-1,"used":1756231546537,"created":1756158050920,"remoteIdentityKey":"BXBitA4hY0HdMWlH4W3DKPMNLKNk1fRl9FZ8wA36D55w"},"_chains":{"BWHOdCkRr6GipRayVBvtvgqyZq4bXWdZ1IE4mVkhNfc2":{"chainKey":{"counter":0},"chainType":2,"messageKeys":{}},"BZuufXerD6zehQ1FMtpBmqohhrNaJqKhWjUUNKk9fXM/":{"chainKey":{"counter":0,"key":"XhrGH4Dy78HfoZxeUEfUiYSfbWt4ixaglFysH4gpWxc="},"chainType":2,"messageKeys":{}},"BVRhdlDWlafIlhHWF4yFe+vT+LEWfz2hoqDHZv/dJ9Zt":{"chainKey":{"counter":4,"key":"96O21pbsscQO+NzEMTK8K7jRT6Q5382GsFk9IyDAIQs="},"chainType":1,"messageKeys":{}}}}},"version":"v1"}