{"_sessions":{"BSeti8WoJiPS+QUmkDgIyOY+p6FhZUyxzY/7MrTtNmcg":{"registrationId":1682217446,"currentRatchet":{"ephemeralKeyPair":{"pubKey":"BebWPcDdjWj1wlBgWMkDItZVOEpakJiK4dlWtatRI6EN","privKey":"UDjKEzEgndvdF1c1aYc6gjoVJGRbheAFgJ3KKP4kG1o="},"lastRemoteEphemeralKey":"BWJwIb3250Kacw2zQuf3sNJpvduTPCOjrVyQWAK67pNJ","previousCounter":0,"rootKey":"RNSNwNMLBFKRcGk7TU6t85INa3OAO8jpTXYI8Y5+U1M="},"indexInfo":{"baseKey":"BSeti8WoJiPS+QUmkDgIyOY+p6FhZUyxzY/7MrTtNmcg","baseKeyType":1,"closed":-1,"used":1756158052410,"created":1756158052410,"remoteIdentityKey":"Be7/a8psDHnQnf7YQYPZk0H3py96r3HbYG498AsT/zUu"},"_chains":{"BebWPcDdjWj1wlBgWMkDItZVOEpakJiK4dlWtatRI6EN":{"chainKey":{"counter":5,"key":"R8Lona4bswrWhx7ggLPo829EFApW3YMGfnyneKpWtu4="},"chainType":1,"messageKeys":{}}},"pendingPreKey":{"signedKeyId":6,"baseKey":"BSeti8WoJiPS+QUmkDgIyOY+p6FhZUyxzY/7MrTtNmcg","preKeyId":11836433}}},"version":"v1"}