{"_sessions":{"BX7kbUu0hCj5rDn+VYBztyjDCrJJTc7QaT1jIfkpSjFR":{"registrationId":1052896720,"currentRatchet":{"ephemeralKeyPair":{"pubKey":"BWCw3nrbKyP9V/IRWpReaWQaZ/VQEiXj5hZhc63A9eV5","privKey":"eHfUYhrRptddmuLj1qTcuA3Fk9WArOMBqn1uPkAUz1o="},"lastRemoteEphemeralKey":"BcQX9trbbQa53wwJX6b/ec/IOrcitYpAKiFSqIxnGFEH","previousCounter":4,"rootKey":"QafWdhPbYnwiKv5f70pTBNSlaKfisTsDBUk8HkiJcJc="},"indexInfo":{"baseKey":"BX7kbUu0hCj5rDn+VYBztyjDCrJJTc7QaT1jIfkpSjFR","baseKeyType":1,"closed":-1,"used":1756486722199,"created":1756158052445,"remoteIdentityKey":"BQZUrKCJbV7cUexCEtiPI8zQXEMEE+cU9awzCcy0VxQQ"},"_chains":{"BcQX9trbbQa53wwJX6b/ec/IOrcitYpAKiFSqIxnGFEH":{"chainKey":{"counter":0,"key":"rEJro9xU69fhqJ7XPwU1G/3SOO+Wv+g8uh5JlYOx+Pg="},"chainType":2,"messageKeys":{}},"BWCw3nrbKyP9V/IRWpReaWQaZ/VQEiXj5hZhc63A9eV5":{"chainKey":{"counter":0,"key":"eWgAJgCLtSYSlEuEEwRHK1+k0RS0DEpOcxf7uc76Wtc="},"chainType":1,"messageKeys":{}}}}},"version":"v1"}