{"_sessions":{"BRHmq5fNsc51jjTMnNsQhoLKdmY1Ond1Gm+WhX7uhXcF":{"registrationId":360757465,"currentRatchet":{"ephemeralKeyPair":{"pubKey":"BfgYlmmYfivNCzmantW2Ykytph+h8NFAhCQj2Wx2OioQ","privKey":"oNIfGobEqTQ4C8LcA3G+xy55YpnnYaqZO3EB8IWBW1g="},"lastRemoteEphemeralKey":"Bd1L9Y5XklDxBwOi3Cmjoju17ND4B/vV3mPupq6GKmE5","previousCounter":0,"rootKey":"VOEWNt+56DXBQktgyYWUhfvLhBOvDTBGJlMSH+EznSQ="},"indexInfo":{"baseKey":"BRHmq5fNsc51jjTMnNsQhoLKdmY1Ond1Gm+WhX7uhXcF","baseKeyType":1,"closed":-1,"used":1756158052596,"created":1756158052596,"remoteIdentityKey":"BV/oSOzZtvEATeG86xAk1Wqcmmduy2emBdRUFTW9SHxI"},"_chains":{"BfgYlmmYfivNCzmantW2Ykytph+h8NFAhCQj2Wx2OioQ":{"chainKey":{"counter":5,"key":"tJXUDZWt/1rAESmyi7jqKElqqNYNu7DKHUCK7/xPJ1g="},"chainType":1,"messageKeys":{}}},"pendingPreKey":{"signedKeyId":13,"baseKey":"BRHmq5fNsc51jjTMnNsQhoLKdmY1Ond1Gm+WhX7uhXcF","preKeyId":12148333}}},"version":"v1"}