{"_sessions":{"BRsIUKP3ACPENR5yi4LitncBnw9mOL9Ku+ReEQoM4+EJ":{"registrationId":1904,"currentRatchet":{"ephemeralKeyPair":{"pubKey":"BcpoZn6fX/0pwj5JOyBUlbhqT6incYqBpeWF3uspbqBs","privKey":"SBK35LeMDC4wC1apbdEB4B/i09kd+2uli8VN5OhAIEM="},"lastRemoteEphemeralKey":"BfdrJcphUTv4iN70zsC58Gkf1WsqN0mIeMd0+7VkQU8o","previousCounter":0,"rootKey":"TeBeyej0Nx8nsq6M+VNErPQgzJ+pCByW4d3OHVC7Fpk="},"indexInfo":{"baseKey":"BRsIUKP3ACPENR5yi4LitncBnw9mOL9Ku+ReEQoM4+EJ","baseKeyType":1,"closed":-1,"used":1756158052384,"created":1756158052384,"remoteIdentityKey":"BZcAaa1EV6gwM3tKJcpb2QaCHH+Zl3rarEYunWxRweUa"},"_chains":{"BcpoZn6fX/0pwj5JOyBUlbhqT6incYqBpeWF3uspbqBs":{"chainKey":{"counter":0,"key":"6anjfntJN2DyT42sim6rbfvYpw7qEj1RI+ZrZPkiXBw="},"chainType":1,"messageKeys":{}}},"pendingPreKey":{"signedKeyId":1,"baseKey":"BRsIUKP3ACPENR5yi4LitncBnw9mOL9Ku+ReEQoM4+EJ","preKeyId":116}}},"version":"v1"}