{"_sessions":{"BT8uu1t3thoSVV1qJtaaOS5p16XVrga61rMYYWORHZZ7":{"registrationId":302607735,"currentRatchet":{"ephemeralKeyPair":{"pubKey":"Bb8LqyXA8i1z5EtOF0CH2dpI2lVbORcof1goKfKIRk5F","privKey":"OKetIVxlK32hVHmu9wQZykW1j2zi7KWpeqU5XPAXUHw="},"lastRemoteEphemeralKey":"BTogNsTt4viRxFGaB+OW+76mh3WeMMuH05WnEFTXiTkN","previousCounter":0,"rootKey":"pYxqb4pU/yoAfMZ+saSpoMrrb5HuaG0CpO0BbHi8uq4="},"indexInfo":{"baseKey":"BT8uu1t3thoSVV1qJtaaOS5p16XVrga61rMYYWORHZZ7","baseKeyType":1,"closed":-1,"used":1756158052398,"created":1756158052398,"remoteIdentityKey":"BX8nFYJwOJL3qmvpft5dXvCkqOkEqOFG4WH5Z39KnX1L"},"_chains":{"Bb8LqyXA8i1z5EtOF0CH2dpI2lVbORcof1goKfKIRk5F":{"chainKey":{"counter":5,"key":"E7ny1Qb8Goi4y0L6MExWk7mvWmAuawdKVtL0tZ7NTKE="},"chainType":1,"messageKeys":{}}},"pendingPreKey":{"signedKeyId":17,"baseKey":"BT8uu1t3thoSVV1qJtaaOS5p16XVrga61rMYYWORHZZ7","preKeyId":13864589}}},"version":"v1"}