{"_sessions":{"BQ8LMnu/+GXGBj3JNXonqMzjc47nQ3oydhoM+GJVTtRn":{"registrationId":274689451,"currentRatchet":{"ephemeralKeyPair":{"pubKey":"BU5UIloEExr3rmJl4vqX74Iou0h+DjMk4XPz8qFobOR8","privKey":"+OVNogmnQhq24iXyE1Bfuz1rLjtzovGYRHwhCqQ8YE0="},"lastRemoteEphemeralKey":"BWMnJ/tkkgmGFy8wxL+aFaUf34h1olrqcQV5eiuKofRw","previousCounter":0,"rootKey":"Q/01jnc0l1eZqccn14QoHdjYViuCZtt6VTnoeIAZbds="},"indexInfo":{"baseKey":"BQ8LMnu/+GXGBj3JNXonqMzjc47nQ3oydhoM+GJVTtRn","baseKeyType":1,"closed":-1,"used":1756158052553,"created":1756158052553,"remoteIdentityKey":"BdzR4zokYHgOvyomelxI8BGQdAgQGPcLy47hlDdYAi1I"},"_chains":{"BU5UIloEExr3rmJl4vqX74Iou0h+DjMk4XPz8qFobOR8":{"chainKey":{"counter":5,"key":"k7gyon4uZ7OJZhxc/Jc2O5uyv03tEYjFQPQFY5Ivp24="},"chainType":1,"messageKeys":{}}},"pendingPreKey":{"signedKeyId":20,"baseKey":"BQ8LMnu/+GXGBj3JNXonqMzjc47nQ3oydhoM+GJVTtRn","preKeyId":5697783}}},"version":"v1"}