{"_sessions":{"BevUsNvX15TobdR6cR6szaYg/TuQIQ6mhi2woAks1wo2":{"registrationId":1089877641,"currentRatchet":{"ephemeralKeyPair":{"pubKey":"BSXgZpHaKfgBbN/m3NDHk43sYwkkLDisfjy8xPGL7FZz","privKey":"MM887ihfuX3oS0txGFzYthiAC2IZf3iEi4Fkos0soVA="},"lastRemoteEphemeralKey":"Baj+jaYF4DG9jeskh7QnzBMo+fPXxMwOzL6cG303R+xX","previousCounter":0,"rootKey":"uKB0nusFp2ZPZR4FpxtpYojF6xd/SpQzRW9g+WfhaT8="},"indexInfo":{"baseKey":"BevUsNvX15TobdR6cR6szaYg/TuQIQ6mhi2woAks1wo2","baseKeyType":1,"closed":-1,"used":1756158052311,"created":1756158052311,"remoteIdentityKey":"BaNFudzfcahslPZLmMMjSFLhsDpw+906NkRpxr34cDNu"},"_chains":{"BSXgZpHaKfgBbN/m3NDHk43sYwkkLDisfjy8xPGL7FZz":{"chainKey":{"counter":5,"key":"slDN0cWcDfyqAMMajQ3Xfb+BalPWu8nOW5J188ijJS0="},"chainType":1,"messageKeys":{}}},"pendingPreKey":{"signedKeyId":694135,"baseKey":"BevUsNvX15TobdR6cR6szaYg/TuQIQ6mhi2woAks1wo2","preKeyId":881}}},"version":"v1"}