{"_sessions":{"BR0BKIgL870B7UZrGXv8EbzKIb9mPUz7NS7m+I2cQqBQ":{"registrationId":1219342489,"currentRatchet":{"ephemeralKeyPair":{"pubKey":"BfkwuB8M51AAoHfO1dj6LPDOd+tjTKqtiR/ddFXwKDw6","privKey":"cAK1NmAr+78q+tYomLBq+LBz3EaMykmNN1rXBOSz7k8="},"lastRemoteEphemeralKey":"BZ+tAfU7Xtc0LM0JFz2YJQ3sFBIKEaWF5tjLwLWZytYM","previousCounter":0,"rootKey":"aFPxXAuNfBSoxP0+UK0C/1UxMajZhgR4OeqmEQrSPxg="},"indexInfo":{"baseKey":"BR0BKIgL870B7UZrGXv8EbzKIb9mPUz7NS7m+I2cQqBQ","baseKeyType":1,"closed":-1,"used":1756158052414,"created":1756158052414,"remoteIdentityKey":"BehO9nuE56eepRe1MYsgh7NT3dpv/aXTkg6xppzFujQ3"},"_chains":{"BfkwuB8M51AAoHfO1dj6LPDOd+tjTKqtiR/ddFXwKDw6":{"chainKey":{"counter":5,"key":"A12trq2GyBbnAcOCNqRGgmg+ed618nP3R4kn4YqMJbE="},"chainType":1,"messageKeys":{}}},"pendingPreKey":{"signedKeyId":4230956,"baseKey":"BR0BKIgL870B7UZrGXv8EbzKIb9mPUz7NS7m+I2cQqBQ","preKeyId":836}}},"version":"v1"}