{"_sessions":{"Bcu99Ptemoa0Z2WIjS9vEFin5sYcB0hD/2IHxlAJgFBQ":{"registrationId":173,"currentRatchet":{"ephemeralKeyPair":{"pubKey":"BQi3bz3rlIXXZ9iUa9HOa+nvCIekgElJMtTuSkGEkHAL","privKey":"qAXmCbOqo3syLzpyT5e/YrB5NNfbrsM9dnRD27qh/mI="},"lastRemoteEphemeralKey":"BRDNlzcBU3iAjvTUV+IrgLArThu0ENYF1EoBS+VnJ+No","previousCounter":0,"rootKey":"uqaccwiAmxFk0iRLkx2zrOGeKPcOEsoiXzBw+/PwaAU="},"indexInfo":{"baseKey":"Bcu99Ptemoa0Z2WIjS9vEFin5sYcB0hD/2IHxlAJgFBQ","baseKeyType":1,"closed":-1,"used":1756158052275,"created":1756158052275,"remoteIdentityKey":"BeFgBLC3cCHq7dy4sdHJl1vrFeHfknE2T5DpRB7W3ShS"},"_chains":{"BQi3bz3rlIXXZ9iUa9HOa+nvCIekgElJMtTuSkGEkHAL":{"chainKey":{"counter":5,"key":"dfDMemmVGE7vqukFpgcblZj1h0d8PHcvhAoJKeak8A0="},"chainType":1,"messageKeys":{}}},"pendingPreKey":{"signedKeyId":1,"baseKey":"Bcu99Ptemoa0Z2WIjS9vEFin5sYcB0hD/2IHxlAJgFBQ","preKeyId":1598}}},"version":"v1"}