{"_sessions":{"BY6dlcOr+RHx0tLvtPTnWDe9+i0RGBah+nciTMRwTRxj":{"registrationId":1367707656,"currentRatchet":{"ephemeralKeyPair":{"pubKey":"BdgJN9KVvvp3E/UZDesoMK5ClDHpuL5j9cpbbWbmw0hD","privKey":"iC681cCaZx2S9/S39BlXQK8pUg7LmD4xxz/+n8Fikng="},"lastRemoteEphemeralKey":"BedDSP3CNkcC6kavFxEnwxGWZ0KwfroE2CKDfMY6Jd09","previousCounter":0,"rootKey":"LwI/vd+IeF30xLH9cflEOOWaR3v21xK+QrWyv2rlIbA="},"indexInfo":{"baseKey":"BY6dlcOr+RHx0tLvtPTnWDe9+i0RGBah+nciTMRwTRxj","baseKeyType":1,"closed":-1,"used":1756158052580,"created":1756158052580,"remoteIdentityKey":"BU2buaKTjYLAAmPf7NaflGMrscZ+TvnQD5PLlNmNnvdb"},"_chains":{"BdgJN9KVvvp3E/UZDesoMK5ClDHpuL5j9cpbbWbmw0hD":{"chainKey":{"counter":5,"key":"/cAooOQVUXV54J0wSVeidTLnlhHCX02OLkFZvpdfkZ0="},"chainType":1,"messageKeys":{}}},"pendingPreKey":{"signedKeyId":12,"baseKey":"BY6dlcOr+RHx0tLvtPTnWDe9+i0RGBah+nciTMRwTRxj","preKeyId":14944688}}},"version":"v1"}