{"_sessions":{"BXYCrbxUomRyVwVaa4I5v8yOU9CIjd6eMa5iSwewGLB7":{"registrationId":1427134879,"currentRatchet":{"ephemeralKeyPair":{"pubKey":"BReyqfaBNYajZ74Iz7rF6gyLFcIFsN68dw0u0GDx26F8","privKey":"YBpfs54CTY1dCU6IHZrDr76RR3WOdBeaGC1nwS1fI2g="},"lastRemoteEphemeralKey":"BWOlKP/9VlBT2pj1kcXy4HIxmXH7nYDZBR63ziatibIp","previousCounter":0,"rootKey":"wgrggUw3cm95IhwCHjSChcoigU/qAiqvKkYJGEBH6zw="},"indexInfo":{"baseKey":"BXYCrbxUomRyVwVaa4I5v8yOU9CIjd6eMa5iSwewGLB7","baseKeyType":1,"closed":-1,"used":1756158052396,"created":1756158052396,"remoteIdentityKey":"BfgC/G9ARv2sP/E5Oj4D1y9IWL0bbF3OPuIUMsMCyC1c"},"_chains":{"BReyqfaBNYajZ74Iz7rF6gyLFcIFsN68dw0u0GDx26F8":{"chainKey":{"counter":5,"key":"bbEs8ItL1FGcPQDWBDw464dd69GW5tZHuKPUE/aJLs4="},"chainType":1,"messageKeys":{}}},"pendingPreKey":{"signedKeyId":12599477,"baseKey":"BXYCrbxUomRyVwVaa4I5v8yOU9CIjd6eMa5iSwewGLB7","preKeyId":4792}}},"version":"v1"}