{"_sessions":{"BaDoq+bT6JRP0iFEnJ0PifcvkpyKXd5jKytmQg1nfeZx":{"registrationId":11895,"currentRatchet":{"ephemeralKeyPair":{"pubKey":"Bf5WrpuMC/PP6bq46d6846DUwiKWHwUAv69sgFOSm6c4","privKey":"+LU/ak2C4q8CKw6c9g2TU7UowjR7klKx4xBujm0cb2s="},"lastRemoteEphemeralKey":"BZdBmg6qavACpmvb8UQQx2XQu+j/iAVSiLSKQDgr42x1","previousCounter":0,"rootKey":"8aIJQ/Ud2n7DBF1iTrJCcSBpy2Hv+2aJQLfAcsnJK18="},"indexInfo":{"baseKey":"BaDoq+bT6JRP0iFEnJ0PifcvkpyKXd5jKytmQg1nfeZx","baseKeyType":1,"closed":-1,"used":1756158052333,"created":1756158052333,"remoteIdentityKey":"BZJMep/8GpXbplHwzNwo/MuYsHTsavaqvtit42bgVD9R"},"_chains":{"Bf5WrpuMC/PP6bq46d6846DUwiKWHwUAv69sgFOSm6c4":{"chainKey":{"counter":5,"key":"4bo1dR0GTebjIJdPlaTs+15gCT0fTVg3pPlJV5XeQJQ="},"chainType":1,"messageKeys":{}}},"pendingPreKey":{"signedKeyId":1,"baseKey":"BaDoq+bT6JRP0iFEnJ0PifcvkpyKXd5jKytmQg1nfeZx"}}},"version":"v1"}