{"_sessions":{"BfbfqdkV8QknMY/N3roVDBgFs6A3XN6a9PrP7RsWP9gj":{"registrationId":1032913006,"currentRatchet":{"ephemeralKeyPair":{"pubKey":"BQ2GrUhk6Vm431bjmuyDkIQwev2vNq2/7NyntJJlTHYR","privKey":"+Bc4CEWkkaRgcQYje8HWdiODLbPA5Q9kjRnVHcyh0lI="},"lastRemoteEphemeralKey":"BXMh0Id8HGJkA9K1RlRMybdkZgoc4G1JQeX/vUjzW1wT","previousCounter":0,"rootKey":"UoRDwdA/1FxrB0pPMg5JJHW187JDr5k5mBt0OHfNW/I="},"indexInfo":{"baseKey":"BfbfqdkV8QknMY/N3roVDBgFs6A3XN6a9PrP7RsWP9gj","baseKeyType":1,"closed":-1,"used":1756158052380,"created":1756158052380,"remoteIdentityKey":"BRMYtiZrEQKWEqfCLi3Ep8UlLIrecY66EFWODpDAiiE6"},"_chains":{"BQ2GrUhk6Vm431bjmuyDkIQwev2vNq2/7NyntJJlTHYR":{"chainKey":{"counter":5,"key":"+cIO5N4u2aegIClGHUYnrS2fzjdjyFn4WC6+Yp/ROIs="},"chainType":1,"messageKeys":{}}},"pendingPreKey":{"signedKeyId":0,"baseKey":"BfbfqdkV8QknMY/N3roVDBgFs6A3XN6a9PrP7RsWP9gj","preKeyId":13120306}}},"version":"v1"}