{"_sessions":{"BWiyH1k9LN51GU+Ft6S0h9QcZLPUX2JROK1fnmNWKa4Q":{"registrationId":2068551022,"currentRatchet":{"ephemeralKeyPair":{"pubKey":"BclTk19YZfCpjLMTp2oCDt5mIRz8d60FfHYiPJLH3h4K","privKey":"mM+Al1hTP3THO4o5vdoRIEE0kOQsmYX8xvm3VUIB410="},"lastRemoteEphemeralKey":"BQkf2LAOWdQYCcYoJ14EcDOyPh+uxIY6BUc6FOmEoxdF","previousCounter":0,"rootKey":"VhiDa/L6l9cXRq5y1vtS8m0IVrHbrZ9Jhl6QIv1DkTI="},"indexInfo":{"baseKey":"BWiyH1k9LN51GU+Ft6S0h9QcZLPUX2JROK1fnmNWKa4Q","baseKeyType":1,"closed":-1,"used":1756158052600,"created":1756158052600,"remoteIdentityKey":"BbqI7yMIHPtg66CS3HqAfaXBk1dNWct+7nI9k3QHJewg"},"_chains":{"BclTk19YZfCpjLMTp2oCDt5mIRz8d60FfHYiPJLH3h4K":{"chainKey":{"counter":5,"key":"Y5hbSLSsSKGJulHRw6mPbFZW4hmz0OXBAq/kuiVbBmo="},"chainType":1,"messageKeys":{}}},"pendingPreKey":{"signedKeyId":55,"baseKey":"BWiyH1k9LN51GU+Ft6S0h9QcZLPUX2JROK1fnmNWKa4Q","preKeyId":10495255}}},"version":"v1"}