{"_sessions":{"BT8clxlfJqUc+yfbA/fLr8ksdOHyxe+BslQe9Aezn71i":{"registrationId":1472988419,"currentRatchet":{"ephemeralKeyPair":{"pubKey":"BewiXsYUCT6QYvC+jVDD5eo+JIP1KarTU+mx6gG6MMlT","privKey":"8D4ilrtU9L1tUBapNURhW3MqIQ/jBeOqo9CsNxnM7mA="},"lastRemoteEphemeralKey":"BRquSkco5LIwDqMaDxxaRE90BmXNvj/et5/tdksqSR5Z","previousCounter":0,"rootKey":"3wlN1mzP+GZVM76MVhvPhd08mMz53EfHG1oevizHwk4="},"indexInfo":{"baseKey":"BT8clxlfJqUc+yfbA/fLr8ksdOHyxe+BslQe9Aezn71i","baseKeyType":1,"closed":-1,"used":1756158052590,"created":1756158052590,"remoteIdentityKey":"BQ50EQpLdA1swnd69rBhTbo8Pss3FU7DY9eb9dhWUqpU"},"_chains":{"BewiXsYUCT6QYvC+jVDD5eo+JIP1KarTU+mx6gG6MMlT":{"chainKey":{"counter":5,"key":"Ejfsgxn1Wmgp5F+D5/3KBwwrULHjJBMnbJnX00pwshs="},"chainType":1,"messageKeys":{}}},"pendingPreKey":{"signedKeyId":67,"baseKey":"BT8clxlfJqUc+yfbA/fLr8ksdOHyxe+BslQe9Aezn71i","preKeyId":1689919}}},"version":"v1"}