{"_sessions":{"BccPxKUPdUvr3kq6JqC6BueRaOFGre60RQSO9zgeRKUX":{"registrationId":613787106,"currentRatchet":{"ephemeralKeyPair":{"pubKey":"BfAR77WN74JAu3B5DqegYUIThA/T8BRFBEK4Quf5xAsF","privKey":"iCGpF0/MzPsVvUldTwWWBC4CFai59u8UQSfAq4mRp0I="},"lastRemoteEphemeralKey":"BRuPXXt6Y4g7Q78tnVGb40rgW8vWiouY9/PvGVUW4f0e","previousCounter":0,"rootKey":"eDohNQNCQyU/Tm76n/+xpDe/2Q6nsEmCI1mEyelblgA="},"indexInfo":{"baseKey":"BccPxKUPdUvr3kq6JqC6BueRaOFGre60RQSO9zgeRKUX","baseKeyType":1,"closed":-1,"used":1756158052586,"created":1756158052586,"remoteIdentityKey":"Be0aVcW2CjjS1PzC4vYR+MczzgRDMXb74YhgSoNz8nFe"},"_chains":{"BfAR77WN74JAu3B5DqegYUIThA/T8BRFBEK4Quf5xAsF":{"chainKey":{"counter":5,"key":"zep45dwea9dc69jowweVmPklObkSih6veWb+uYGKkLk="},"chainType":1,"messageKeys":{}}},"pendingPreKey":{"signedKeyId":32,"baseKey":"BccPxKUPdUvr3kq6JqC6BueRaOFGre60RQSO9zgeRKUX","preKeyId":14035353}}},"version":"v1"}