{"_sessions":{"BVKWLtyxMz8xzwtgUEw03oS60Q0BYjyZJyIGBL8aZ2Im":{"registrationId":1171396609,"currentRatchet":{"ephemeralKeyPair":{"pubKey":"BYsmY4NSCBSVen7/6namjq9XIhhk23kLfAhxL0YuT5Nt","privKey":"8Bx9jE20/EQNEDv2KnuUpNra59QVNspJpvaR+IIgVnw="},"lastRemoteEphemeralKey":"BcB3jf/M5Ro0YyVpxnNitq+WUBZP6s/SSpAPeTB545Y+","previousCounter":0,"rootKey":"3hA/snf4O8/34w7uWkIchpEhvIlglve6ulbTrYohDvQ="},"indexInfo":{"baseKey":"BVKWLtyxMz8xzwtgUEw03oS60Q0BYjyZJyIGBL8aZ2Im","baseKeyType":1,"closed":-1,"used":1756158052425,"created":1756158052425,"remoteIdentityKey":"BTyzd7vfUSixSFShiQzJ7Gu33DQZuxEYtuHkjyUqDYRm"},"_chains":{"BYsmY4NSCBSVen7/6namjq9XIhhk23kLfAhxL0YuT5Nt":{"chainKey":{"counter":5,"key":"XwmP7Bam/OsZjwu+gk7ecnDcahCVuqykygVpdLxpae0="},"chainType":1,"messageKeys":{}}},"pendingPreKey":{"signedKeyId":4941096,"baseKey":"BVKWLtyxMz8xzwtgUEw03oS60Q0BYjyZJyIGBL8aZ2Im","preKeyId":6555}}},"version":"v1"}