{"_sessions":{"BSTzFkn0KulgLytWmT1v9YeEtaTNQu2UD9ggQC6paZ10":{"registrationId":6615,"currentRatchet":{"ephemeralKeyPair":{"pubKey":"BZ5qypOV4R2BAeepo36P400ZXgaFPwK90wnERXWaF9cG","privKey":"IFrpnRppp2LJ9sLmEueQ8Yp60+2JH3ClwU3dFTht40s="},"lastRemoteEphemeralKey":"BX9Wl3kjB572XIV+mfAvnlSBi74YEKIsffLlRYrNyJ8G","previousCounter":0,"rootKey":"eCAg1wi0eE/VhPgemq+NjsNGt8tYUoJCQpFlz8Oc3C4="},"indexInfo":{"baseKey":"BSTzFkn0KulgLytWmT1v9YeEtaTNQu2UD9ggQC6paZ10","baseKeyType":1,"closed":-1,"used":1756244447252,"created":1756244447252,"remoteIdentityKey":"BQjVDdzs/zRFf6gen177aP1SJ4goRps8imCYP93WUFZR"},"_chains":{"BZ5qypOV4R2BAeepo36P400ZXgaFPwK90wnERXWaF9cG":{"chainKey":{"counter":6,"key":"4xGz9x81cK0F29jhuGYdHzJJOp7oMlTCvbmEzmMaNnA="},"chainType":1,"messageKeys":{}}},"pendingPreKey":{"signedKeyId":1,"baseKey":"BSTzFkn0KulgLytWmT1v9YeEtaTNQu2UD9ggQC6paZ10","preKeyId":70}}},"version":"v1"}