{"_sessions":{"BVrDveOTLVwp3H2Zxw46cUwE83Npm2llLvmxyqnp0cYt":{"registrationId":1281030496,"currentRatchet":{"ephemeralKeyPair":{"pubKey":"BeI1liAaSR/gnMi90XZyB17BMJClTDs2ZZuM6VIniicE","privKey":"mKq7pFYQ3dKLpR+t8vsngYwrXFwFp0qU9jX54ZpQn0w="},"lastRemoteEphemeralKey":"Bdx+pQj9Ew5IWjex3Inz69+SA1tH3Zrwk3IP7esAxUMa","previousCounter":0,"rootKey":"uO6FxejRXo5vNyyeix6EBqY79EhFAAIhSjCMHiMqVlQ="},"indexInfo":{"baseKey":"BVrDveOTLVwp3H2Zxw46cUwE83Npm2llLvmxyqnp0cYt","baseKeyType":1,"closed":-1,"used":1756158052642,"created":1756158052642,"remoteIdentityKey":"BU3/Ou5GARatpZrL6L9ehKLLi296Zgz1IF4ahbeJ5uZC"},"_chains":{"BeI1liAaSR/gnMi90XZyB17BMJClTDs2ZZuM6VIniicE":{"chainKey":{"counter":5,"key":"h/erZc8FLoytHXVvIcGi5yIE7+FdD91DkgK/OM6jj2g="},"chainType":1,"messageKeys":{}}},"pendingPreKey":{"signedKeyId":40,"baseKey":"BVrDveOTLVwp3H2Zxw46cUwE83Npm2llLvmxyqnp0cYt","preKeyId":10816171}}},"version":"v1"}