{"_sessions":{"BQvks8Wrdpj+PVSZ/CJfey+aiC+FNEuuj7rFkJ8TK3oa":{"registrationId":49984517,"currentRatchet":{"ephemeralKeyPair":{"pubKey":"BfsIfcVCirSHOh9Hnp2S/tLWbbPlURtKygrEp9h6CDFo","privKey":"0LqiiVPho/GGf+VjcvDak1AAQ8+AvsMnWPFNtcx70Ws="},"lastRemoteEphemeralKey":"Bc93vNXVNN6p0v8CPg9JZUPkvQGoT7NngtRY8YiSW2J7","previousCounter":0,"rootKey":"AJ3K+HvhqQJPnG/qHlWXKyUlL7ioCCLGxu7tnu3zek4="},"indexInfo":{"baseKey":"BQvks8Wrdpj+PVSZ/CJfey+aiC+FNEuuj7rFkJ8TK3oa","baseKeyType":1,"closed":-1,"used":1756158052547,"created":1756158052547,"remoteIdentityKey":"BS2h5uLQM94niu40Idw/0hsFIRztMBDJRjx3FaVQ7SJX"},"_chains":{"BfsIfcVCirSHOh9Hnp2S/tLWbbPlURtKygrEp9h6CDFo":{"chainKey":{"counter":5,"key":"eQAdoRI0Oc+oCJziR2A2JEu92dJaNPgxc3TeyrSVyAo="},"chainType":1,"messageKeys":{}}},"pendingPreKey":{"signedKeyId":24,"baseKey":"BQvks8Wrdpj+PVSZ/CJfey+aiC+FNEuuj7rFkJ8TK3oa","preKeyId":9782262}}},"version":"v1"}