{"_sessions":{"BS+fDKhmXfnKvb3qznDHFv2qzntdqAA0aMQpAuwX2I1n":{"registrationId":4083,"currentRatchet":{"ephemeralKeyPair":{"pubKey":"BaI5RUO8VUulhRJviyUFyot2RO2dkV/XZqriyb2P5LBa","privKey":"sIbaJHYS1ruNAp7ZcXdB20KokWsJqauDqgSi6Ycu02g="},"lastRemoteEphemeralKey":"Bd+bXSgYDQ+JgEiCCgqHvzLUu3AJSwuY/lTSn6T9a/1t","previousCounter":0,"rootKey":"pX5VBFqEvoG0sAYabPN4rHvYcaUUO4pcuyqqvaXAWl4="},"indexInfo":{"baseKey":"BS+fDKhmXfnKvb3qznDHFv2qzntdqAA0aMQpAuwX2I1n","baseKeyType":1,"closed":-1,"used":1756158052330,"created":1756158052330,"remoteIdentityKey":"BR9qQZvom9cEPWew45xGOMP/sfKMo4FIs56phUjkyOs2"},"_chains":{"BaI5RUO8VUulhRJviyUFyot2RO2dkV/XZqriyb2P5LBa":{"chainKey":{"counter":5,"key":"e5ssOEAOsFpvY725xcFS2mjT2yBU7N7DTJXpjXCO8l4="},"chainType":1,"messageKeys":{}}},"pendingPreKey":{"signedKeyId":2,"baseKey":"BS+fDKhmXfnKvb3qznDHFv2qzntdqAA0aMQpAuwX2I1n","preKeyId":565}}},"version":"v1"}