{"_sessions":{"Bc+j7Pxhh6chhMUEOChrwhFV5IDuX84R23jq+5n9OEER":{"registrationId":51951526,"currentRatchet":{"ephemeralKeyPair":{"pubKey":"BRGK67WYA3JBQIu2Dq9A1cON4Jpz2b2lrO/5SQkARqYL","privKey":"oKanmDzz1clDBaE3nwNIbmikkWZ+HWMlpGXtp1o9zno="},"lastRemoteEphemeralKey":"BfK/lOcoGBotaRWlyFjdPiGVe4kijx9/Dt/q1+YcCGZq","previousCounter":0,"rootKey":"n9jYif5A8yc5igOdQXAcFYOHdVc7ybln4llLpgcpzUU="},"indexInfo":{"baseKey":"Bc+j7Pxhh6chhMUEOChrwhFV5IDuX84R23jq+5n9OEER","baseKeyType":1,"closed":-1,"used":1756158052533,"created":1756158052533,"remoteIdentityKey":"BabcmriSGj4SmkWVJBo0mINslmdhRG6LdPRqp3mLARBb"},"_chains":{"BRGK67WYA3JBQIu2Dq9A1cON4Jpz2b2lrO/5SQkARqYL":{"chainKey":{"counter":5,"key":"wRFOQPaP0YBJonhMqmeq2K65dynh758KvuTzYJsby44="},"chainType":1,"messageKeys":{}}},"pendingPreKey":{"signedKeyId":48,"baseKey":"Bc+j7Pxhh6chhMUEOChrwhFV5IDuX84R23jq+5n9OEER","preKeyId":15061785}}},"version":"v1"}