{"_sessions":{"BSIzPlTCUgPP62vALogRgufMZffR2UlBTG6JAdPBN70a":{"registrationId":7417,"currentRatchet":{"ephemeralKeyPair":{"pubKey":"BZ3eyFmPjWLKv6BP2XEy8cFpv6MUhMr4uonzSzlxBAJ+","privKey":"EL8pzmeXLEpL7OPi8YDFI/HEF0LnIkW3iY2wCH0VN2Q="},"lastRemoteEphemeralKey":"BU1OCPf1hCLfa47I2NzSItcEYqgSsiaQKZUGAxEqf1oh","previousCounter":0,"rootKey":"8tGYYqAWeBNfFAqFcz7ud6rrb8fcSw9SjJ2gOHdMZK8="},"indexInfo":{"baseKey":"BSIzPlTCUgPP62vALogRgufMZffR2UlBTG6JAdPBN70a","baseKeyType":1,"closed":-1,"used":1756158052262,"created":1756158052262,"remoteIdentityKey":"BffnEliMN3GYsERu90bncKDd0JRiNWs3Sa29pw4gfQYB"},"_chains":{"BZ3eyFmPjWLKv6BP2XEy8cFpv6MUhMr4uonzSzlxBAJ+":{"chainKey":{"counter":5,"key":"eB/XluT65fk5lHbPzhxBep05ZFz7Viqv6qM0AtGx7QM="},"chainType":1,"messageKeys":{}}},"pendingPreKey":{"signedKeyId":1,"baseKey":"BSIzPlTCUgPP62vALogRgufMZffR2UlBTG6JAdPBN70a","preKeyId":1571}}},"version":"v1"}