{"_sessions":{"BanIbKemJNcIWlz0j7Pv1ZzlSMR/5T1/ZHbdjfPd9+Nf":{"registrationId":11131,"currentRatchet":{"ephemeralKeyPair":{"pubKey":"BUphcPl9Aoy0KU6OgG2Rrou3TSoHxvqaPex5QKQu8B97","privKey":"WIXzslir2IowSzn6g0dR7yLOuogJDnQb67rcrWKYslY="},"lastRemoteEphemeralKey":"BeWsKl2Atw5Rr64a1lFfXiFXiT6Ixom0vfp8XMz9EvZW","previousCounter":0,"rootKey":"yKlG+X88PacZ109nXjlpRvoTuCcqWF+4aXB7nZz03Wc="},"indexInfo":{"baseKey":"BanIbKemJNcIWlz0j7Pv1ZzlSMR/5T1/ZHbdjfPd9+Nf","baseKeyType":1,"closed":-1,"used":1756158052299,"created":1756158052299,"remoteIdentityKey":"Bf5ufn9+Qkq3tEM+KC6WdibWEBD+1n7+eYDhxkdwNiZS"},"_chains":{"BUphcPl9Aoy0KU6OgG2Rrou3TSoHxvqaPex5QKQu8B97":{"chainKey":{"counter":5,"key":"NF+lI1mOXtWZA0SBcks69kK0JeJB/mZMV1nwhOQSUTY="},"chainType":1,"messageKeys":{}}},"pendingPreKey":{"signedKeyId":1,"baseKey":"BanIbKemJNcIWlz0j7Pv1ZzlSMR/5T1/ZHbdjfPd9+Nf","preKeyId":491}}},"version":"v1"}