{"_sessions":{"BW5dKh5ISjJmYIy231Tcu8AIFRdLemkp8is492Gn8AkU":{"registrationId":89567096,"currentRatchet":{"ephemeralKeyPair":{"pubKey":"Ba+QTgI4i+vMV/7kvMaalcz09qz3tiegm3dlkg4Pwjoa","privKey":"WOmhjdvej7mKnEYxWu+1QdZXK90YwsYEVCGwhBxU8Fs="},"lastRemoteEphemeralKey":"BbwIdYO0Gsmof9jSKS9UvDXaZYbLHdZgWVf4kQEo2i1V","previousCounter":0,"rootKey":"7vqrJngmzJF2dgHzegHaAA04z1KmYzmGA7LNaH+gNDA="},"indexInfo":{"baseKey":"BW5dKh5ISjJmYIy231Tcu8AIFRdLemkp8is492Gn8AkU","baseKeyType":1,"closed":-1,"used":1756158052559,"created":1756158052559,"remoteIdentityKey":"Baha+ahrr7RFo9F5xdHsFAFHfPbS8Y22cbipp1WhIhE/"},"_chains":{"Ba+QTgI4i+vMV/7kvMaalcz09qz3tiegm3dlkg4Pwjoa":{"chainKey":{"counter":5,"key":"CPUO7vlB1mKYO9BnSjJhfCEmihXdj05STmdosU5gBvQ="},"chainType":1,"messageKeys":{}}},"pendingPreKey":{"signedKeyId":834452,"baseKey":"BW5dKh5ISjJmYIy231Tcu8AIFRdLemkp8is492Gn8AkU","preKeyId":2136}}},"version":"v1"}