{"_sessions":{"BRyMOX9Y7NbSYNr2E7y15FepHlwZYTFJYZt5ZSfiRZUJ":{"registrationId":1137164974,"currentRatchet":{"ephemeralKeyPair":{"pubKey":"BXn+cUK0d8MHga4wyx+Dz2+9icEABP3+nJ7EU8CEgLp5","privKey":"OHa5P1lbiB/Qe8UO+d/9YMMhNBEziXsyRR1hFTPBd3o="},"lastRemoteEphemeralKey":"BTlvKHfWf/FqrfS8Ory8fcJpp84ftRuqupBE2SFMZ2R5","previousCounter":0,"rootKey":"JrCyUjUPOslnsnTrS+Hj70YsXGUF9GtrWm5e8S2lggs="},"indexInfo":{"baseKey":"BRyMOX9Y7NbSYNr2E7y15FepHlwZYTFJYZt5ZSfiRZUJ","baseKeyType":1,"closed":-1,"used":1756158052522,"created":1756158052522,"remoteIdentityKey":"BS7+4Kh2WbUel+nSuWAuPcXm/5ID7OUS1vEvvtqtaItd"},"_chains":{"BXn+cUK0d8MHga4wyx+Dz2+9icEABP3+nJ7EU8CEgLp5":{"chainKey":{"counter":5,"key":"vCy2njENI5tUtLwgr7+LYEbb9f4eWZr+kB+KCVXG8P0="},"chainType":1,"messageKeys":{}}},"pendingPreKey":{"signedKeyId":20,"baseKey":"BRyMOX9Y7NbSYNr2E7y15FepHlwZYTFJYZt5ZSfiRZUJ","preKeyId":3088327}}},"version":"v1"}