{"_sessions":{"BYEuvwRU47OhHW+XkvvDc87bfOcgLTGYO+rhx3IKfwRp":{"registrationId":1252909353,"currentRatchet":{"ephemeralKeyPair":{"pubKey":"BdxAapOwNWWdawN04+ybe7LPOiqHFcZzc4uGvjHKWY12","privKey":"KEJ5FHjErEjN5USQZu4qaVSp5hksDRF5LaD4BljTVlk="},"lastRemoteEphemeralKey":"BcmFDaoDkG28utIDZEnzFRw7m3cYsMi+Xl202NtBVlE/","previousCounter":2,"rootKey":"A1l5+3UgIvgn36V1MBNZNr3aEzzKFfYUmukrcLI+PeA="},"indexInfo":{"baseKey":"BYEuvwRU47OhHW+XkvvDc87bfOcgLTGYO+rhx3IKfwRp","baseKeyType":1,"closed":-1,"used":1756499399291,"created":1756499347773,"remoteIdentityKey":"BapjATDQIR9RhROlu1PTHphfO2noKDTEMvQqV1JW5Ncn"},"_chains":{"BcmFDaoDkG28utIDZEnzFRw7m3cYsMi+Xl202NtBVlE/":{"chainKey":{"counter":0,"key":"mzUSaC6/mXez4dzEOaVEIm8VWjTFvkU0Eq0EvZt3bGU="},"chainType":2,"messageKeys":{}},"BdxAapOwNWWdawN04+ybe7LPOiqHFcZzc4uGvjHKWY12":{"chainKey":{"counter":-1,"key":"0onqXWgzYgvuIt8RhDSxAcuUslG0wVXN/mxSHkgrFEI="},"chainType":1,"messageKeys":{}}}}},"version":"v1"}