{"_sessions":{"BXorvFaBHoM73eU7yviAtCvMbx3DtHRkxE4SzksLn/JQ":{"registrationId":906783793,"currentRatchet":{"ephemeralKeyPair":{"pubKey":"BVc5z9iVwXrW7CLT2wRqrlCif7yDML0IBwhBT0vj7P1b","privKey":"+PLTljvDU4G5n+pbQnfKmWMowoyb44OizVu9ab7dpH4="},"lastRemoteEphemeralKey":"Baf6FH8rHgOKpvCCZ3/PLSAQDLnGjjqJzKOAoxxQhW8B","previousCounter":0,"rootKey":"BhIqP3c5WbqSdjBj1N+2yeim3nWXjA8WlAgnGuLyvGo="},"indexInfo":{"baseKey":"BXorvFaBHoM73eU7yviAtCvMbx3DtHRkxE4SzksLn/JQ","baseKeyType":1,"closed":-1,"used":1756158052535,"created":1756158052535,"remoteIdentityKey":"BeWqAuIZmHzwwMU7SKN8rQwrJdGBiK5eexNJga1RewQ/"},"_chains":{"BVc5z9iVwXrW7CLT2wRqrlCif7yDML0IBwhBT0vj7P1b":{"chainKey":{"counter":5,"key":"mE8X5M0991iP676ur27Ml2xXhMvAcKSTwVTC93mmUwI="},"chainType":1,"messageKeys":{}}},"pendingPreKey":{"signedKeyId":5522461,"baseKey":"BXorvFaBHoM73eU7yviAtCvMbx3DtHRkxE4SzksLn/JQ","preKeyId":4136}}},"version":"v1"}