{"_sessions":{"BQyTkS6Mmna4CLcslmyVb8qJmkJ1glQcHj60Fr8Gs3dJ":{"registrationId":834686875,"currentRatchet":{"ephemeralKeyPair":{"pubKey":"BWOyEnID8w6wH7LQZ75xYXCOPQ06D1RHqyKHbFi2j4wE","privKey":"0Fa8JpMpGS3VEjminGj+FS+WmVyuMq61FzS4D+Lku24="},"lastRemoteEphemeralKey":"BUSBGNH2XApY2BGZmcglrYi4r5PJSWGo5JwxCusC26xC","previousCounter":0,"rootKey":"WWB3XxyKSHEXvULuMvi0hBeVxbX6L73gzUQIsEpnsZg="},"indexInfo":{"baseKey":"BQyTkS6Mmna4CLcslmyVb8qJmkJ1glQcHj60Fr8Gs3dJ","baseKeyType":1,"closed":-1,"used":1756158052512,"created":1756158052512,"remoteIdentityKey":"BYGuMZh33eiqBXFop4g+RyBPycgEIdwsZdcT5bNL4CVj"},"_chains":{"BWOyEnID8w6wH7LQZ75xYXCOPQ06D1RHqyKHbFi2j4wE":{"chainKey":{"counter":5,"key":"bXaRKUQRNY9pcPjKoMZRAmzsb6AQ6GDQNCpJ8RM53zY="},"chainType":1,"messageKeys":{}}},"pendingPreKey":{"signedKeyId":38,"baseKey":"BQyTkS6Mmna4CLcslmyVb8qJmkJ1glQcHj60Fr8Gs3dJ","preKeyId":5491655}}},"version":"v1"}