{"_sessions":{"BZ/UxqC7G2MEuliZSbs41Y00TcG0e56d7t5UPVOqYGI7":{"registrationId":505061218,"currentRatchet":{"ephemeralKeyPair":{"pubKey":"BarPslJviBDOmtr7Cyvvz6XE3Pl8gMsRZToe8LVVSzUn","privKey":"EKLBaGOQyd1j55/xjX1nSyZCZ3LcjZUNVFZrMF14VHs="},"lastRemoteEphemeralKey":"BUxEfExWwy1OIdelClHAN+oRYIW0Cc65bEVOjHtDH1Zm","previousCounter":1,"rootKey":"AnsR2/NphmqajLWRCfSRzZdnZFTkqElTax70y5897eE="},"indexInfo":{"baseKey":"BZ/UxqC7G2MEuliZSbs41Y00TcG0e56d7t5UPVOqYGI7","baseKeyType":1,"closed":-1,"used":1756289238240,"created":1756158052637,"remoteIdentityKey":"BfsI9SYHmxyCdtlVTNgMi01yDng3FNRNBe/klTRA8i5e"},"_chains":{"BUxEfExWwy1OIdelClHAN+oRYIW0Cc65bEVOjHtDH1Zm":{"chainKey":{"counter":0,"key":"YaMi7AXittGeBPAhj0tM6abQ9stR+CtYHYxODUMeTQ8="},"chainType":2,"messageKeys":{}},"BarPslJviBDOmtr7Cyvvz6XE3Pl8gMsRZToe8LVVSzUn":{"chainKey":{"counter":3,"key":"DthEvq4aODTE7QK2hJ40OMR4ZCWEsdMOK+uvf1sd69A="},"chainType":1,"messageKeys":{}}}}},"version":"v1"}