{"_sessions":{"BRITvuVD9sezauyonk1c1+qP6lXOgb74lYUzCn/YCS9B":{"registrationId":1287647926,"currentRatchet":{"ephemeralKeyPair":{"pubKey":"BXwDDHmUaq3bm9nrZLkw/edpSJMj+ODxyWGFk+RT5W9p","privKey":"oEL6LGCBCFB6Jb/yw2MgSy8IR82hHYiT50QTdrXePV8="},"lastRemoteEphemeralKey":"BZy+H7KzYl+9deMsgAlScHFiOnQ/m6r87493MDa6wWh4","previousCounter":0,"rootKey":"y/+3No7c8AAXMk4VlutqkpsAbXPY8P9u7I13tjzc1B4="},"indexInfo":{"baseKey":"BRITvuVD9sezauyonk1c1+qP6lXOgb74lYUzCn/YCS9B","baseKeyType":1,"closed":-1,"used":1756158052556,"created":1756158052556,"remoteIdentityKey":"BcpVWfc+GMGTebKgYy6QqLJyc3ja9enPG9+xwTgQQ3sA"},"_chains":{"BXwDDHmUaq3bm9nrZLkw/edpSJMj+ODxyWGFk+RT5W9p":{"chainKey":{"counter":5,"key":"GW0NoDRpidBN5D1PzHV+vQPQSbOFWNgAU9jtd0OKyQQ="},"chainType":1,"messageKeys":{}}},"pendingPreKey":{"signedKeyId":9,"baseKey":"BRITvuVD9sezauyonk1c1+qP6lXOgb74lYUzCn/YCS9B","preKeyId":13237465}}},"version":"v1"}