{"_sessions":{"Ba+LycQYterkxJSw97wa7x/vbjx/7Oq3nqh9RqM43Pxk":{"registrationId":171969718,"currentRatchet":{"ephemeralKeyPair":{"pubKey":"BWw8gNiV5CcDPBNGwBScS/5xVTBfpNgmz4vlI0H9b7Y5","privKey":"gPZcKCC7zPlw1WChePbJuIdjFP0QwshmIN3CurX/HmA="},"lastRemoteEphemeralKey":"BWUTXpKzUbu16nLPV6OMzlMir5aCDPdXxANQdnzEWqw1","previousCounter":0,"rootKey":"wlCvhRRWtL3/o8OuB9SeJ/F2kaLMRBdBk7bYcq3ZJF8="},"indexInfo":{"baseKey":"Ba+LycQYterkxJSw97wa7x/vbjx/7Oq3nqh9RqM43Pxk","baseKeyType":1,"closed":-1,"used":1756158052379,"created":1756158052379,"remoteIdentityKey":"BWs1LLpBF/zcfJziiio633IvdR8Ld0mZJMDrmnPnxmc0"},"_chains":{"BWw8gNiV5CcDPBNGwBScS/5xVTBfpNgmz4vlI0H9b7Y5":{"chainKey":{"counter":5,"key":"oWh1/jpRXHFZZqSwcQzf3oCR8YJ/dcK4ZJfBX0HsVdg="},"chainType":1,"messageKeys":{}}},"pendingPreKey":{"signedKeyId":1,"baseKey":"Ba+LycQYterkxJSw97wa7x/vbjx/7Oq3nqh9RqM43Pxk","preKeyId":453}}},"version":"v1"}