{"_sessions":{"BfZ9pcsOFGD0jcXd40T2yyj4ViSMd3DGVqGFIXQHHzd4":{"registrationId":1249938098,"currentRatchet":{"ephemeralKeyPair":{"pubKey":"BYAHkJEPTv1nfN2bjmU0mjBZhzryTKZnabgQuD7Qx29T","privKey":"GADlnAcEWX26yizrfCF9tCUD6oUzVRKI3azQ2hRGnWI="},"lastRemoteEphemeralKey":"BTRXQBbgWPswCWmgP3XGGC4v6eQYx+7WDbXP//xcM4E4","previousCounter":0,"rootKey":"aepDUF7MiWEsoC/nLiLFgpFhPrGIr9aZJ13aY05FtwA="},"indexInfo":{"baseKey":"BfZ9pcsOFGD0jcXd40T2yyj4ViSMd3DGVqGFIXQHHzd4","baseKeyType":1,"closed":1756308903885,"used":1756158052442,"created":1756158052442,"remoteIdentityKey":"BR2Nd3OeRHeHciCgSIekUXvaKqEieqhMbSozn/WsQgFJ"},"_chains":{"BYAHkJEPTv1nfN2bjmU0mjBZhzryTKZnabgQuD7Qx29T":{"chainKey":{"counter":2,"key":"bELrIwk3Bh4J2vdIHYLhNwgfEA9MdEIgKpDzNTjRlsg="},"chainType":1,"messageKeys":{}}},"pendingPreKey":{"signedKeyId":17,"baseKey":"BfZ9pcsOFGD0jcXd40T2yyj4ViSMd3DGVqGFIXQHHzd4","preKeyId":2707553}},"Bf9NThn0JbUZpDzC58E5nT2RWZ1OWvu51ml/Cf2NNNkJ":{"registrationId":629151943,"currentRatchet":{"ephemeralKeyPair":{"pubKey":"BSChd5y/n9JQxH85drQBVC5CIlsasrhWVrx0CmC6GQd/","privKey":"GG0MwLQUgvUAQFqPdSEXO/TCdDGgP/7EbVKMUwkPCk4="},"lastRemoteEphemeralKey":"BT8JPW/500GVulBrdKLw+0UcH04K9iq2POJ71z9Ri9cG","previousCounter":0,"rootKey":"/2w60dmUq7XIdIp7FJk2Fscm2xqeStfG1Fp+tJBRXHE="},"indexInfo":{"baseKey":"Bf9NThn0JbUZpDzC58E5nT2RWZ1OWvu51ml/Cf2NNNkJ","baseKeyType":1,"closed":1756489348013,"used":1756308903881,"created":1756308903880,"remoteIdentityKey":"BZSek79M4pDamc0v6JDMDn8dNixvgCV8DPk1QCG7FvMy"},"_chains":{"BSChd5y/n9JQxH85drQBVC5CIlsasrhWVrx0CmC6GQd/":{"chainKey":{"counter":1,"key":"miWAHkRvlMdo6eyFnDmALbrXStDEvVvSBQxHEJCsw2s="},"chainType":1,"messageKeys":{}}},"pendingPreKey":{"signedKeyId":36,"baseKey":"Bf9NThn0JbUZpDzC58E5nT2RWZ1OWvu51ml/Cf2NNNkJ","preKeyId":6396918}},"Bbz/yf41DkLqV/sBuK3527rPjdA6o8eYkb1JYy1KK917":{"registrationId":166264191,"currentRatchet":{"ephemeralKeyPair":{"pubKey":"Bav1Hop1fVGGl1P73GWwsqm6tPzwNRldKMAbbGDSOTwh","privKey":"MB6Z65KLcQuWW47ii7ih+ZzcKuVP7UuaL5lZyoCQ0Wg="},"lastRemoteEphemeralKey":"BdARvzVJVSo472hEsTARALEStLHMpP+pkZPFpLfa0I90","previousCounter":0,"rootKey":"flUi/6UTJQtcUA6+ANR48eYkMmg1WTqcCdcHVAkPnfM="},"indexInfo":{"baseKey":"Bbz/yf41DkLqV/sBuK3527rPjdA6o8eYkb1JYy1KK917","baseKeyType":1,"closed":-1,"used":1756489348004,"created":1756489348004,"remoteIdentityKey":"BRYGwrWkZJO4p8GY59VHyYCB5Wp8Apk5xfujUiPkJ8xg"},"_chains":{"Bav1Hop1fVGGl1P73GWwsqm6tPzwNRldKMAbbGDSOTwh":{"chainKey":{"counter":0,"key":"PV4gcbNZSDlse6mRzFUE5DNmInapNNTCqwr8qAIAfOc="},"chainType":1,"messageKeys":{}}},"pendingPreKey":{"signedKeyId":0,"baseKey":"Bbz/yf41DkLqV/sBuK3527rPjdA6o8eYkb1JYy1KK917","preKeyId":3939601}}},"version":"v1"}