{"_sessions":{"BWjsVGVIvfH9cCsJ0IRHA0Z7aBXfuqRVKD+m4VMvtksU":{"registrationId":735224570,"currentRatchet":{"ephemeralKeyPair":{"pubKey":"BVH92U9Ogt0ihxMY8bM5Gvi6K/Iy9ajgkxPOjvhOK+VJ","privKey":"WDb+dfEBzkGY+u/i5yPwDTdBECa/s7nonq8UtPOe2XA="},"lastRemoteEphemeralKey":"BTRJbpIVo8o2Tya3j91ytHrGj+g6oDD+ikPYCV5Ocwh3","previousCounter":0,"rootKey":"wJ/6IIlFNLifApO8ZEdcfiQcyrfxHW58yBGHUofHfp0="},"indexInfo":{"baseKey":"BWjsVGVIvfH9cCsJ0IRHA0Z7aBXfuqRVKD+m4VMvtksU","baseKeyType":1,"closed":-1,"used":1756158052599,"created":1756158052599,"remoteIdentityKey":"BYVL4uUI8kkF1pXZ4sBzTB5Fjo4G7MYazj5gLVaSg0Jg"},"_chains":{"BVH92U9Ogt0ihxMY8bM5Gvi6K/Iy9ajgkxPOjvhOK+VJ":{"chainKey":{"counter":5,"key":"Y3AcXloHT5AlG8/z1tBaY3NYNNhoCdA4D4HO7BNfu3k="},"chainType":1,"messageKeys":{}}},"pendingPreKey":{"signedKeyId":3,"baseKey":"BWjsVGVIvfH9cCsJ0IRHA0Z7aBXfuqRVKD+m4VMvtksU","preKeyId":867899}}},"version":"v1"}