{"_sessions":{"Bd78kCdjw9snN1AtZmvMZFcrDMSuoTunR2zCdVqFHzIi":{"registrationId":1464595819,"currentRatchet":{"ephemeralKeyPair":{"pubKey":"BVLEI+p2dZ7SJwHAm8O5Kgh6lMr0+lCGLF8JJ86w88BD","privKey":"mBYqzOCGI3ojjSfQS6IjVf+QMvC97T66IRZQmcm/XVA="},"lastRemoteEphemeralKey":"BbnENcQ3kq5PRTXEYChjQ2b35aFVjRpMjJTmHa0sckBK","previousCounter":0,"rootKey":"6rfrBihZ6EME6IfjksdYs9zgd2gC4P5zYl7QnyXIwIQ="},"indexInfo":{"baseKey":"Bd78kCdjw9snN1AtZmvMZFcrDMSuoTunR2zCdVqFHzIi","baseKeyType":1,"closed":-1,"used":1756158052607,"created":1756158052607,"remoteIdentityKey":"BY9cZcH5wSGZU89bNy7ai0TqPcy+1k99lfXrVHUPQLQ8"},"_chains":{"BVLEI+p2dZ7SJwHAm8O5Kgh6lMr0+lCGLF8JJ86w88BD":{"chainKey":{"counter":5,"key":"IL2XMT/WNctr0Y1AouQRUG5goeWk/yujsJLspd2mgAQ="},"chainType":1,"messageKeys":{}}},"pendingPreKey":{"signedKeyId":65,"baseKey":"Bd78kCdjw9snN1AtZmvMZFcrDMSuoTunR2zCdVqFHzIi","preKeyId":4512017}}},"version":"v1"}