{"_sessions":{"BaQhsITFw6W0yU6Ec7mt7uN0Y3zmJVMdc8vf3IDGWIRE":{"registrationId":1006370198,"currentRatchet":{"ephemeralKeyPair":{"pubKey":"BQF6BAwMfEgF4VLU7jymYBrtkr5YP8KaRpEIPTvceJ48","privKey":"4HMGINJOJl6Gx9vhxCm5VzSy8cNSazvDjhVFFo+zVGQ="},"lastRemoteEphemeralKey":"BUt+LZuzx+VSl+lA8BQcMw3wO+7LhBk1ikIlpcXOCcNU","previousCounter":0,"rootKey":"wVPA/rs4FCia9AT4U64nz22r2vMZw5deYlk/OafTlbw="},"indexInfo":{"baseKey":"BaQhsITFw6W0yU6Ec7mt7uN0Y3zmJVMdc8vf3IDGWIRE","baseKeyType":1,"closed":-1,"used":1756158052531,"created":1756158052531,"remoteIdentityKey":"BZHc1FS+guVej3iNyjyM0z+4aQJLJo42H3xXG4uZcPlx"},"_chains":{"BQF6BAwMfEgF4VLU7jymYBrtkr5YP8KaRpEIPTvceJ48":{"chainKey":{"counter":5,"key":"9T+H/KfBs6nlv3FBLPxNp84fIz/KkPSNDwewL+XCekk="},"chainType":1,"messageKeys":{}}},"pendingPreKey":{"signedKeyId":499430,"baseKey":"BaQhsITFw6W0yU6Ec7mt7uN0Y3zmJVMdc8vf3IDGWIRE","preKeyId":1596}}},"version":"v1"}