{"_sessions":{"BWgAdqKtL48lv/flEPpkFa/6AXOygUiwWAoX4tFAoUl8":{"registrationId":842981822,"currentRatchet":{"ephemeralKeyPair":{"pubKey":"BdP4SAgBmYqXk3ZWRGaNDFLwS57ux8m9jBYpz6YXdWAO","privKey":"UJulXiMhvVCxo9qM2eUKSktRYWaiOeLdUCOuAraz4HQ="},"lastRemoteEphemeralKey":"BbxGSTrp9+j2AA2yHkGAC0gJlE+10UKS9XVR4qp8Qb0k","previousCounter":2,"rootKey":"9zySm4AcWzSWOeAyN86I+lxn0VC521R67H2BlU9gPeo="},"indexInfo":{"baseKey":"BWgAdqKtL48lv/flEPpkFa/6AXOygUiwWAoX4tFAoUl8","baseKeyType":1,"closed":-1,"used":1756241679931,"created":1756160712868,"remoteIdentityKey":"BQq8tSwcmXhMkgkHJwupuAw15/Iahgv9vrOiDIPptT4K"},"_chains":{"BbxGSTrp9+j2AA2yHkGAC0gJlE+10UKS9XVR4qp8Qb0k":{"chainKey":{"counter":3,"key":"gVujnT2c5Jh2yFGqfLoYjRMKRGI+IIYdq2drh0yCDFs="},"chainType":2,"messageKeys":{}},"BdP4SAgBmYqXk3ZWRGaNDFLwS57ux8m9jBYpz6YXdWAO":{"chainKey":{"counter":4,"key":"wAHElSfjmt4bKjn6twZrjQmTg8l4X715oD3VbnLwVC0="},"chainType":1,"messageKeys":{}}}}},"version":"v1"}