{"_sessions":{"BY2MIrvrmb7x4I5FQCBkG54EFaL8F7vaTuhu7uf1cvgV":{"registrationId":600616054,"currentRatchet":{"ephemeralKeyPair":{"pubKey":"BSxHj6/CqUM5k/harjJhihInTK9UR9VkOXqs7iCCt31T","privKey":"mB/Ox0wnph+wUlL8tquZ0juCBFjTCKCQ5z5mK8Y9SFk="},"lastRemoteEphemeralKey":"BYgu4JiQo3G8/N3rscBBIkS8hqyAc3sTZQ2V2cH7jrJG","previousCounter":0,"rootKey":"5lMoicURFg6R40UpMv8rCNQIhfrRi/mk6hji9dzWSzo="},"indexInfo":{"baseKey":"BY2MIrvrmb7x4I5FQCBkG54EFaL8F7vaTuhu7uf1cvgV","baseKeyType":1,"closed":-1,"used":1756241680103,"created":1756158052518,"remoteIdentityKey":"BSlZXENXShqXI0zjoG9vA1M61m4R5b3UlECzFBEAlSds"},"_chains":{"BYgu4JiQo3G8/N3rscBBIkS8hqyAc3sTZQ2V2cH7jrJG":{"chainKey":{"counter":0,"key":"4O5t8wM4qP7nXeFM7IKQWuBc6qPprsDq5zL+UQ8Sk20="},"chainType":2,"messageKeys":{}},"BSxHj6/CqUM5k/harjJhihInTK9UR9VkOXqs7iCCt31T":{"chainKey":{"counter":4,"key":"uRhvIIoJ1vKfja9zqT1jsylkRQReGg3Wd/QEssnATyo="},"chainType":1,"messageKeys":{}}}}},"version":"v1"}