{"_sessions":{"Ba7fn7tchMSkv1LCzwtORQV5i0TRVPNQsKTIOchLk6w5":{"registrationId":1153879525,"currentRatchet":{"ephemeralKeyPair":{"pubKey":"BWdnr+UjVVN8Y/WXwc06EoS1EvDe3lQHd1vQ3ja1HHUG","privKey":"qN0xkwYkYNdsXbWKupHSOWZpvE/Wu8QfVvPFebY+9GE="},"lastRemoteEphemeralKey":"Be4zDfUgFykV5Le5TWvZ4rAWD3uNPc4vNaqb6+YHqUdK","previousCounter":0,"rootKey":"GiUzsLdqsJqd/Xr8i+ikiEgT7RIbMRE9Cnxr0G5EF7o="},"indexInfo":{"baseKey":"Ba7fn7tchMSkv1LCzwtORQV5i0TRVPNQsKTIOchLk6w5","baseKeyType":1,"closed":-1,"used":1756158052601,"created":1756158052601,"remoteIdentityKey":"BQ+wTBCmw37PHXX/x9LKPNjafLfvZyVqCLsqBFZHT0xO"},"_chains":{"BWdnr+UjVVN8Y/WXwc06EoS1EvDe3lQHd1vQ3ja1HHUG":{"chainKey":{"counter":5,"key":"LT61V9X2hdq+MOVpUb7WbNW0KxGSH+PmjImiMh5ol3o="},"chainType":1,"messageKeys":{}}},"pendingPreKey":{"signedKeyId":2,"baseKey":"Ba7fn7tchMSkv1LCzwtORQV5i0TRVPNQsKTIOchLk6w5","preKeyId":14990442}}},"version":"v1"}