{"_sessions":{"BWFhaCF38WGqNiQKdDK3xMjPHXG8e50clbRDCDgXTkRD":{"registrationId":1352622608,"currentRatchet":{"ephemeralKeyPair":{"pubKey":"BaSCKHsZF6aVfhPm9FP6DyV4ZnJOvvJDCVhCxVjxIhts","privKey":"2CElIhrv5i2CX3zuTqfGWMkRYX+bJ9VOI/+mELyJsWI="},"lastRemoteEphemeralKey":"BXQ0TvQHTiUHpK9L8gX1oj65m6skRzFUYKb59TS41S1Z","previousCounter":0,"rootKey":"T+HEXWTQKzFwOt5jXJ7Vdfx1wbPfW0IveK9CuItQcjQ="},"indexInfo":{"baseKey":"BWFhaCF38WGqNiQKdDK3xMjPHXG8e50clbRDCDgXTkRD","baseKeyType":1,"closed":-1,"used":1756158052391,"created":1756158052391,"remoteIdentityKey":"BQmVPKT0EA3Xied1q7JcORfVKIu4eTP3E6yAe1bUedY9"},"_chains":{"BaSCKHsZF6aVfhPm9FP6DyV4ZnJOvvJDCVhCxVjxIhts":{"chainKey":{"counter":5,"key":"vX+36leteKX89qiiC6DZUhn3toY3PJcZmtkvD2oFFAo="},"chainType":1,"messageKeys":{}}},"pendingPreKey":{"signedKeyId":8,"baseKey":"BWFhaCF38WGqNiQKdDK3xMjPHXG8e50clbRDCDgXTkRD","preKeyId":1646}}},"version":"v1"}