{"_sessions":{"BbVOumqPQSEqBY+bjp+rLPL31EuF78rf6OR2cRA5z3A6":{"registrationId":1441226464,"currentRatchet":{"ephemeralKeyPair":{"pubKey":"BZlvbmkSbk42uB370ZTLgJIAnLrWGrHlKDKz94JavmBZ","privKey":"KNgRC5V6ay56ZRJ87ZFNIfwoqyOxXlRFR57wsHgWtXE="},"lastRemoteEphemeralKey":"BUS4lO3cvjDjqmBzm1YrlOqFSnKneon3HnKezTuKU7gV","previousCounter":2,"rootKey":"JnJ2u52Mt0Cth/IFaffTsJcXjIEInY/aoEPwllF+URY="},"indexInfo":{"baseKey":"BbVOumqPQSEqBY+bjp+rLPL31EuF78rf6OR2cRA5z3A6","baseKeyType":1,"closed":-1,"used":1756196009846,"created":1756160728403,"remoteIdentityKey":"BVstn2sQ6NpgKr8rU2Hj1LJzS4rQki94ZLsn8u1pJL0a"},"_chains":{"BUS4lO3cvjDjqmBzm1YrlOqFSnKneon3HnKezTuKU7gV":{"chainKey":{"counter":3,"key":"pvJ26DTwPLCjgP2Bj+464tuikp+7R2SHAQ78YMxw6UY="},"chainType":2,"messageKeys":{}},"BZlvbmkSbk42uB370ZTLgJIAnLrWGrHlKDKz94JavmBZ":{"chainKey":{"counter":4,"key":"sSp2TwlruzkuTsU0e7Pn+Y4N4TikkfbM3E8plVgi92g="},"chainType":1,"messageKeys":{}}}}},"version":"v1"}