{"_sessions":{"BfzzrlvXwn9luHy3S+GVLp1jE2b1b2FvSG/TW+lOeKlp":{"registrationId":762545851,"currentRatchet":{"ephemeralKeyPair":{"pubKey":"BVQcYg+TW0J6DG9lOCgoobCTqrMvH+ppgoQssZ1iBlAC","privKey":"0Nv0tjwgDKxBYOk516vvhTcIyV4Mm9e1kVqJGW3A/2o="},"lastRemoteEphemeralKey":"BZj9HrFTQAZrNAdH35PZK7zlULeU43oCPNMgNNI+ZP8O","previousCounter":0,"rootKey":"Pyph0cdab6kJPjVEzjZ3Wnl5YZ3VspbE+U8p546OWAw="},"indexInfo":{"baseKey":"BfzzrlvXwn9luHy3S+GVLp1jE2b1b2FvSG/TW+lOeKlp","baseKeyType":1,"closed":-1,"used":1756158052515,"created":1756158052515,"remoteIdentityKey":"BS2gDbMQxQYxUBUfWJWAcmE6AgSDkiuBxwzeALjhqogp"},"_chains":{"BVQcYg+TW0J6DG9lOCgoobCTqrMvH+ppgoQssZ1iBlAC":{"chainKey":{"counter":5,"key":"+/z6qyzZq6uky0aQrjp2Oz/4aZiuSYuHVkKqN2LPaYE="},"chainType":1,"messageKeys":{}}},"pendingPreKey":{"signedKeyId":4,"baseKey":"BfzzrlvXwn9luHy3S+GVLp1jE2b1b2FvSG/TW+lOeKlp","preKeyId":12352465}}},"version":"v1"}