{"_sessions":{"BVgl6QQE7IxqopS55/r9N3rdHkZNSGDcTe8wrZEnDH4Z":{"registrationId":655644383,"currentRatchet":{"ephemeralKeyPair":{"pubKey":"BQhknCZZsF5YaZ0MV0al1hwWADCzRCtpOL5L0WYFtZJm","privKey":"EHT1rhZeb+3OcN5m7Szef/CWn5UWOHYMEdI9BQVUoGk="},"lastRemoteEphemeralKey":"BUtAGoU4000LBuF8d77Ohk1GOCtnMKQH0a9Laai1RPQ1","previousCounter":0,"rootKey":"K5HpNAwNw9d/nA9mKM2ynRGPEyUP0xjSkq/zH88nRRM="},"indexInfo":{"baseKey":"BVgl6QQE7IxqopS55/r9N3rdHkZNSGDcTe8wrZEnDH4Z","baseKeyType":1,"closed":-1,"used":1756158052528,"created":1756158052528,"remoteIdentityKey":"BfrVQuGK6O+J5pDP0H5wgsFSS5wGUbMWFjmKHqbaJe8b"},"_chains":{"BQhknCZZsF5YaZ0MV0al1hwWADCzRCtpOL5L0WYFtZJm":{"chainKey":{"counter":5,"key":"mECotcXsKAy0d9HsO6ozDU+0ZkriswbthuNHK4WLfak="},"chainType":1,"messageKeys":{}}},"pendingPreKey":{"signedKeyId":43,"baseKey":"BVgl6QQE7IxqopS55/r9N3rdHkZNSGDcTe8wrZEnDH4Z","preKeyId":6610757}}},"version":"v1"}