{"_sessions":{"BQRoEs4Xx0dG374QNrzsn4j3gbkWzpoxqn7t2WvH93cA":{"registrationId":1056697563,"currentRatchet":{"ephemeralKeyPair":{"pubKey":"BUwS2eozSuwifEc7GN6RzLcIfmqe2cy6bX6bMVnebHIj","privKey":"sHa1liLSNcNM08KUe70b/GXIxfOZmQ+B3MGAsv/FLlM="},"lastRemoteEphemeralKey":"Bc4oup3lI1adRmNokO9RH3dwG55vBAkoj4WJAdNuTf5w","previousCounter":0,"rootKey":"0cDlOu20ko08NDCoTulJvTdY+Ngzy3VBirkN/eVYupQ="},"indexInfo":{"baseKey":"BQRoEs4Xx0dG374QNrzsn4j3gbkWzpoxqn7t2WvH93cA","baseKeyType":1,"closed":1756244451053,"used":1756158052290,"created":1756158052290,"remoteIdentityKey":"BddYlvNPsXReBNKpW66y5R56dKG/BtcLyfhLSFkbTAAF"},"_chains":{"BUwS2eozSuwifEc7GN6RzLcIfmqe2cy6bX6bMVnebHIj":{"chainKey":{"counter":0,"key":"S2G4XuC0Mz8HuEJcvqyg5ft3gbWkfaKdovWO7jhRye4="},"chainType":1,"messageKeys":{}}},"pendingPreKey":{"signedKeyId":1,"baseKey":"BQRoEs4Xx0dG374QNrzsn4j3gbkWzpoxqn7t2WvH93cA","preKeyId":65}},"BeO1AOa//PvmgseoZhEIjeCZrh+j0Jt/WRxZth8EnEYV":{"registrationId":1056697563,"currentRatchet":{"ephemeralKeyPair":{"pubKey":"Bfk0WqhxAkbl/MJiG5B2qYi7DW6gHMKxrLipuEVMUdFz","privKey":"yKHZgeNEjLG/QDNC5QNqGZNME1iHgC7/3QebM9fe8Uw="},"lastRemoteEphemeralKey":"Bc4oup3lI1adRmNokO9RH3dwG55vBAkoj4WJAdNuTf5w","previousCounter":0,"rootKey":"WvkTbgi3XdMJJ+fD4a92ZCps2hmEe9e3wFQj+9qNnz4="},"indexInfo":{"baseKey":"BeO1AOa//PvmgseoZhEIjeCZrh+j0Jt/WRxZth8EnEYV","baseKeyType":1,"closed":-1,"used":1756244451050,"created":1756244451050,"remoteIdentityKey":"BddYlvNPsXReBNKpW66y5R56dKG/BtcLyfhLSFkbTAAF"},"_chains":{"Bfk0WqhxAkbl/MJiG5B2qYi7DW6gHMKxrLipuEVMUdFz":{"chainKey":{"counter":4,"key":"v5n75d4mEN/S8QMjCCMqAPenlRtYT5mQBNxh8pMd+vM="},"chainType":1,"messageKeys":{}}},"pendingPreKey":{"signedKeyId":1,"baseKey":"BeO1AOa//PvmgseoZhEIjeCZrh+j0Jt/WRxZth8EnEYV","preKeyId":755}}},"version":"v1"}