{"_sessions":{"BZHrr//vmRDDlr2G+fF3qxc8i4zoTU/UOugHl69CqylH":{"registrationId":401009595,"currentRatchet":{"ephemeralKeyPair":{"pubKey":"BatyEEZ14iWTF4bQWw5OrI36WUeZ38UC5W4tiApjpgB4","privKey":"gAZAuHr16Radn9AezgvQ3C6n304OXlvol6nEc5MudGU="},"lastRemoteEphemeralKey":"BShFIm3WsjE8WPKvVGG3yr7t3t/fmx5Ss4eUQNslaigB","previousCounter":0,"rootKey":"ch6/nLYbJQVBLuc0mnGebzQH+ItiPqX8GLwTCSAuzDw="},"indexInfo":{"baseKey":"BZHrr//vmRDDlr2G+fF3qxc8i4zoTU/UOugHl69CqylH","baseKeyType":1,"closed":-1,"used":1756158052312,"created":1756158052312,"remoteIdentityKey":"BZQ9Z+kdXZIvGSZfCejI0WnA/ysteKnBd9c311YAfNAg"},"_chains":{"BatyEEZ14iWTF4bQWw5OrI36WUeZ38UC5W4tiApjpgB4":{"chainKey":{"counter":5,"key":"iNzVg5TI96OIZ2jSh2tjhPfSv22jmRon+VtLKSDkWkU="},"chainType":1,"messageKeys":{}}},"pendingPreKey":{"signedKeyId":2548803,"baseKey":"BZHrr//vmRDDlr2G+fF3qxc8i4zoTU/UOugHl69CqylH","preKeyId":1243}}},"version":"v1"}