{"_sessions":{"BXr5fsD76JwdYvqH/dSsaILxeVpjPUTMbKFlIUaL20Ul":{"registrationId":289241275,"currentRatchet":{"ephemeralKeyPair":{"pubKey":"BVieq0Pbi9pVBKBjvDomXVpjF4WfkaQD1rMMENvLbFMa","privKey":"6LJXrf8/s9500tu07Ze88oRwHZoXLVFDz1P3JTai3ns="},"lastRemoteEphemeralKey":"BZlZPtlebIXGZU0nmE+sAowFJkSin+FZNNoTr18KHi1t","previousCounter":0,"rootKey":"E5vOJxUQdK2BCWjJpJZ3iXiyd3qecUKNiY785Tp+KSc="},"indexInfo":{"baseKey":"BXr5fsD76JwdYvqH/dSsaILxeVpjPUTMbKFlIUaL20Ul","baseKeyType":1,"closed":-1,"used":1756158052543,"created":1756158052543,"remoteIdentityKey":"BbiEvYZdsBK3tgBjlOIj2s/CcZpqgwQ5PwH+FDritX4m"},"_chains":{"BVieq0Pbi9pVBKBjvDomXVpjF4WfkaQD1rMMENvLbFMa":{"chainKey":{"counter":5,"key":"OyKKmZQ7GeHW9huBPka1wxw04liD/fpZtpw4qFJU92g="},"chainType":1,"messageKeys":{}}},"pendingPreKey":{"signedKeyId":5299972,"baseKey":"BXr5fsD76JwdYvqH/dSsaILxeVpjPUTMbKFlIUaL20Ul","preKeyId":2421}}},"version":"v1"}