{"_sessions":{"BSsqWU94peTUMucOMfWLKi8TizYVx082tEdTCID46w4s":{"registrationId":2634,"currentRatchet":{"ephemeralKeyPair":{"pubKey":"BbglNlqJV288+xUjKrZh9nIfJDE4tdjR78INypNUREt+","privKey":"6B4PgaKuP66z41p51eYV+ocucCDx3YHtIgEcnv8OnF4="},"lastRemoteEphemeralKey":"BQGC+LNIbxs2XlofO7zl/LULyIJeh+ltzzQwqXH9vs9b","previousCounter":0,"rootKey":"SGw9fnQVt0lyKRot2fDkxTw60k7PHgpNBC4L09+mMSk="},"indexInfo":{"baseKey":"BSsqWU94peTUMucOMfWLKi8TizYVx082tEdTCID46w4s","baseKeyType":1,"closed":-1,"used":1756158052277,"created":1756158052277,"remoteIdentityKey":"BXAokJK4lcYJmWW0ygLnNSYDjzV9fFU1UViSXG12Z+k2"},"_chains":{"BbglNlqJV288+xUjKrZh9nIfJDE4tdjR78INypNUREt+":{"chainKey":{"counter":5,"key":"3mYpyPvmbwUKe8gMK8SpQKywMr46fde7HHEdjSN6dCA="},"chainType":1,"messageKeys":{}}},"pendingPreKey":{"signedKeyId":1,"baseKey":"BSsqWU94peTUMucOMfWLKi8TizYVx082tEdTCID46w4s","preKeyId":571}}},"version":"v1"}