{"_sessions":{"BQnfr4Tq9gAqo8N+dLTkPSLecSQpoh18864KU5X+seVl":{"registrationId":164616426,"currentRatchet":{"ephemeralKeyPair":{"pubKey":"BVe4gAUUN+l+h35VB9+1yxMgPgYhx6rjyfqgNQQrxAp2","privKey":"yKgbzMSE/8ihrq/7QkZhBPRoLZIy9KKuv9WWK0/wUXo="},"lastRemoteEphemeralKey":"BdBj/Ha+WT6OzlaAm99yjIC5+pPcsFxIKlL8SOhJkalU","previousCounter":0,"rootKey":"oaJvdqZUc8Pb+ewWfypmTxnfnPPlDfOI0t4vWmrXRro="},"indexInfo":{"baseKey":"BQnfr4Tq9gAqo8N+dLTkPSLecSQpoh18864KU5X+seVl","baseKeyType":1,"closed":-1,"used":1756203675079,"created":1756158052411,"remoteIdentityKey":"BRvownleKFDePGbfIgAiNF34f4TmJKZO7W+g4oPWXvZd"},"_chains":{"BdBj/Ha+WT6OzlaAm99yjIC5+pPcsFxIKlL8SOhJkalU":{"chainKey":{"counter":1,"key":"1LSSLlhAAHVwc1833XDGOaL6yhOZRzv5ZQp9olYJeLc="},"chainType":2,"messageKeys":{}},"BVe4gAUUN+l+h35VB9+1yxMgPgYhx6rjyfqgNQQrxAp2":{"chainKey":{"counter":3,"key":"OZ/W1vhUvfA35/LdZpAdcnjYFBpuFQ8+6TYBYu/0T1A="},"chainType":1,"messageKeys":{}}}}},"version":"v1"}