{"_sessions":{"BaPQytqULGMLfNeXx6sSCXvKVRrc9z59FgEHYOSv/bU+":{"registrationId":715225505,"currentRatchet":{"ephemeralKeyPair":{"pubKey":"BYiAfk1F+izC7b4iKLrtbIcbnEmnk/sevPbF41dzllpS","privKey":"8LfxPGG133HqtAjdlifxuwAZpFSQ7v9527TvWlBkMGY="},"lastRemoteEphemeralKey":"BfNm5O5QbfOxoWftWnGNKAUcBAkugQdxkrQZqW1USEFV","previousCounter":0,"rootKey":"4qwCNWSIoyVPb2ehIcwbonxORpVpyR2DmJmCbxcyzLU="},"indexInfo":{"baseKey":"BaPQytqULGMLfNeXx6sSCXvKVRrc9z59FgEHYOSv/bU+","baseKeyType":1,"closed":-1,"used":1756158052270,"created":1756158052270,"remoteIdentityKey":"BePEWxSHlvbhYrLhBWxcUEuV3p7ihS7ByCIA7QSzs11Q"},"_chains":{"BYiAfk1F+izC7b4iKLrtbIcbnEmnk/sevPbF41dzllpS":{"chainKey":{"counter":5,"key":"Umnht8pGHevodF2JezjzoieY6/6/TkNGkXy8X7knXj8="},"chainType":1,"messageKeys":{}}},"pendingPreKey":{"signedKeyId":13791511,"baseKey":"BaPQytqULGMLfNeXx6sSCXvKVRrc9z59FgEHYOSv/bU+","preKeyId":419}}},"version":"v1"}