{"_sessions":{"BWkK3/EoUjVDHQWx0wMzLvP82DnGWLiab9sigrDqWbtU":{"registrationId":330666361,"currentRatchet":{"ephemeralKeyPair":{"pubKey":"BZ53vL7jw0Dk2PuYkhAiEBLUqhXd1gZtbXHpFPIisH5C","privKey":"qOkSzv5felpWuP8BNatTqQqtZC7CEoNfdcH7Vy2aIlc="},"lastRemoteEphemeralKey":"BQF0G8hguf9SrpDBHw8jKwMFnwIlXEVfAPzWUg5CREJE","previousCounter":0,"rootKey":"0Qs4TOCSSzcqNmDf1UBmpAEwqGBMf9gQkTpZjGJ9+10="},"indexInfo":{"baseKey":"BWkK3/EoUjVDHQWx0wMzLvP82DnGWLiab9sigrDqWbtU","baseKeyType":1,"closed":-1,"used":1756158052587,"created":1756158052587,"remoteIdentityKey":"BT3NB8LTC7xib/ymSN8G1Ue6ghgjIxYh+LwBZs1naJs1"},"_chains":{"BZ53vL7jw0Dk2PuYkhAiEBLUqhXd1gZtbXHpFPIisH5C":{"chainKey":{"counter":5,"key":"T+W1sJq+SSUvlErBoG10LZ6841ddifDArFlhj073uH0="},"chainType":1,"messageKeys":{}}},"pendingPreKey":{"signedKeyId":10402249,"baseKey":"BWkK3/EoUjVDHQWx0wMzLvP82DnGWLiab9sigrDqWbtU","preKeyId":5598}}},"version":"v1"}