{"_sessions":{"BQiKvfEBeyovGCQ0UTj577ODslDotZBcmA1/uiTpxaIx":{"registrationId":649442108,"currentRatchet":{"ephemeralKeyPair":{"pubKey":"BROftAr01i36Bz1Qa+vY8WnRvFaeZ532Q4nHQdOVrw0q","privKey":"gBNCcceMf2/xY6R4qiNa8in5VGUEgo6cfz6FZ8J9IGE="},"lastRemoteEphemeralKey":"BQoR6YOhq4YwvCBANgd8UhW4UfKBffNYu12A643UwwQU","previousCounter":0,"rootKey":"dZxQHrq//tTYVNEbSHYURo2P0JmmoqODf5jyXScb4kw="},"indexInfo":{"baseKey":"BQiKvfEBeyovGCQ0UTj577ODslDotZBcmA1/uiTpxaIx","baseKeyType":1,"closed":-1,"used":1756244423036,"created":1756158052461,"remoteIdentityKey":"BfYionURMEz+NK6e7isgDLQlYwciNtx6KaaMmvF6OY5u"},"_chains":{"BQoR6YOhq4YwvCBANgd8UhW4UfKBffNYu12A643UwwQU":{"chainKey":{"counter":0,"key":"C5KfrRmC9gvFP0PRbDJpFo5lOnRyi6eTLbOGXPfrKj0="},"chainType":2,"messageKeys":{}},"BROftAr01i36Bz1Qa+vY8WnRvFaeZ532Q4nHQdOVrw0q":{"chainKey":{"counter":4,"key":"NrasLIde/Z1bSsVDZ+kE5/e6m/XjqkKXXQbctWFJfnU="},"chainType":1,"messageKeys":{}}}}},"version":"v1"}