{"_sessions":{"Bd9n4A0nCr+ozMoUSFkGq5/MDbsaChNaMs+Uj3+gRSYZ":{"registrationId":1307231748,"currentRatchet":{"ephemeralKeyPair":{"pubKey":"BWTuCaVzGUcLjTKjfthwKtQ1Gzh9HOW82/OkHdLTKlIu","privKey":"QG7f3KhbhH+WCuq9OOwFq3/Z2ulEaNaKABAZbkhkank="},"lastRemoteEphemeralKey":"BRsi/KRZdUrGzolErHWC9hMobBNYUWFzA2oLNQlwKoZJ","previousCounter":0,"rootKey":"bxtMeMKD0/E+In4apQdhDq+kDegH/7M1XI84jrrf7kE="},"indexInfo":{"baseKey":"Bd9n4A0nCr+ozMoUSFkGq5/MDbsaChNaMs+Uj3+gRSYZ","baseKeyType":1,"closed":-1,"used":1756158052609,"created":1756158052609,"remoteIdentityKey":"BQ6zZ+wjpV1OcEg214eRGoXGdx1mi83FdcsecNrz5JBR"},"_chains":{"BWTuCaVzGUcLjTKjfthwKtQ1Gzh9HOW82/OkHdLTKlIu":{"chainKey":{"counter":5,"key":"soCiQjn2fvOI+alzh+S0qvrGqPqf/jfqXOjQfE1m3Ug="},"chainType":1,"messageKeys":{}}},"pendingPreKey":{"signedKeyId":1,"baseKey":"Bd9n4A0nCr+ozMoUSFkGq5/MDbsaChNaMs+Uj3+gRSYZ","preKeyId":11305889}}},"version":"v1"}