{"_sessions":{"BalR6e3LM80Ef6ERUx9caOlUVA9KBVMR0xd7VB/tdwAe":{"registrationId":1816994803,"currentRatchet":{"ephemeralKeyPair":{"pubKey":"BZ+TdsIcoPUNpKGyR/FyCfqVCY4maOkswVERZPUI+HJc","privKey":"SFVE9IVhiusIRQzS1x5WNxpDTFXEOjZZkYUDM58g920="},"lastRemoteEphemeralKey":"BW+CvfBisLd55XwjA7+JHqubqcQnC/6cBWOFr9Xa65Yy","previousCounter":0,"rootKey":"TsO3H01lDanbfUWoNrMIc/AAbV3ebfCOBiEl3dp8wZw="},"indexInfo":{"baseKey":"BalR6e3LM80Ef6ERUx9caOlUVA9KBVMR0xd7VB/tdwAe","baseKeyType":1,"closed":-1,"used":1756158052400,"created":1756158052400,"remoteIdentityKey":"BZGfJIAzrHJStNNWNAXyq2fuWmHxleEm4mFHMqTN/lk/"},"_chains":{"BZ+TdsIcoPUNpKGyR/FyCfqVCY4maOkswVERZPUI+HJc":{"chainKey":{"counter":5,"key":"ejwZ3Uucbv9drrfbZKy67NyqywBp/b1iPOn9/0u77hE="},"chainType":1,"messageKeys":{}}},"pendingPreKey":{"signedKeyId":7,"baseKey":"BalR6e3LM80Ef6ERUx9caOlUVA9KBVMR0xd7VB/tdwAe","preKeyId":4311556}}},"version":"v1"}