{"_sessions":{"BWpUVEwRGVzJHeFcn66o3HqmHLlKrcpKhBKu6/MFajBf":{"registrationId":283660053,"currentRatchet":{"ephemeralKeyPair":{"pubKey":"BdqcAoQyuqcF2d/LQ/O9RXrsGBrJQ+MWXjcta9+xLF8i","privKey":"kO4NxGohHOy5rGoCx9QFuJFu9jcWGEyzObKMv1s3VXI="},"lastRemoteEphemeralKey":"BcI7Ise1Dk+5I8C2xm5ITMFTOTa0U3O8wHbrFVnS+2lN","previousCounter":0,"rootKey":"RjYX01ui5HlJ5w5sfU14/CjU7wEv7scsUznB1cihGvU="},"indexInfo":{"baseKey":"BWpUVEwRGVzJHeFcn66o3HqmHLlKrcpKhBKu6/MFajBf","baseKeyType":1,"closed":-1,"used":1756158052532,"created":1756158052532,"remoteIdentityKey":"BTOUsnHjdaG8NlKOCSuqMGlQfeL+6QHJsgytI7jcZjdv"},"_chains":{"BdqcAoQyuqcF2d/LQ/O9RXrsGBrJQ+MWXjcta9+xLF8i":{"chainKey":{"counter":5,"key":"4BRjJu6XcxTaxlGVUx6gZXBBM768kgHttHVTXDzpP10="},"chainType":1,"messageKeys":{}}},"pendingPreKey":{"signedKeyId":2572988,"baseKey":"BWpUVEwRGVzJHeFcn66o3HqmHLlKrcpKhBKu6/MFajBf","preKeyId":2356}}},"version":"v1"}