{"_sessions":{"BUEOg7UHdlUctu0q4UcErWeLsKVeJuidVl+a9mL1jI1J":{"registrationId":1214139406,"currentRatchet":{"ephemeralKeyPair":{"pubKey":"BS8XMrSdI2Sg6G2UWHzA9txiTUZx6DTX9CsHPCWAMuoa","privKey":"0Lzqn+8+vKsfkQrRV1/ET9SRsGRdJyCH5pD9UjyUiF0="},"lastRemoteEphemeralKey":"BYmVt41rQeWP+nEfctGz/5TU2safyjAgw3Ewpr+yaGpU","previousCounter":0,"rootKey":"92EoDrGnhl/nYz4C9GXXTK740P8E1YwM08RrTQSHP1s="},"indexInfo":{"baseKey":"BUEOg7UHdlUctu0q4UcErWeLsKVeJuidVl+a9mL1jI1J","baseKeyType":1,"closed":-1,"used":1756158052324,"created":1756158052324,"remoteIdentityKey":"BR9BHh0JJN2pEcEjnEyj8xMrchh4zvK6HXYWwrUsgJJL"},"_chains":{"BS8XMrSdI2Sg6G2UWHzA9txiTUZx6DTX9CsHPCWAMuoa":{"chainKey":{"counter":3,"key":"8GXDAgW3SU2fj6JomvPAOYwFpLXxCaTV5/UFfHcPE6o="},"chainType":1,"messageKeys":{}}},"pendingPreKey":{"signedKeyId":15,"baseKey":"BUEOg7UHdlUctu0q4UcErWeLsKVeJuidVl+a9mL1jI1J","preKeyId":3437}}},"version":"v1"}