{"_sessions":{"BcJVoNG5Tc3Po5DaEO9z/yf4BZ+AEIWq2cf9cDWn1dh8":{"registrationId":85427311,"currentRatchet":{"ephemeralKeyPair":{"pubKey":"BYESu8rxX1NvsWc9nddipymbuzsyD+qESLcnUp5fcMkG","privKey":"UMWxjNmq64Buh54OESnGkgbo8CFGE+ZIAddLOw6733Q="},"lastRemoteEphemeralKey":"BeXr4Fl7JB6nHNtuaauZDQJwJDht2ge/NQ6EKbGJjjsO","previousCounter":0,"rootKey":"KQEHRyY7K4aikHihUVPDn7XkGAWGacn0f96ZEje2gcQ="},"indexInfo":{"baseKey":"BcJVoNG5Tc3Po5DaEO9z/yf4BZ+AEIWq2cf9cDWn1dh8","baseKeyType":1,"closed":-1,"used":1756158052408,"created":1756158052408,"remoteIdentityKey":"BZuWnqhStO5e2FtaClULykB6BFxU8J143sqFfy0c9U4/"},"_chains":{"BYESu8rxX1NvsWc9nddipymbuzsyD+qESLcnUp5fcMkG":{"chainKey":{"counter":5,"key":"tDayrX0R3b7JQ1/1Sbyho1mKavd1y5x7zj4PQbpqC5Y="},"chainType":1,"messageKeys":{}}},"pendingPreKey":{"signedKeyId":3261109,"baseKey":"BcJVoNG5Tc3Po5DaEO9z/yf4BZ+AEIWq2cf9cDWn1dh8","preKeyId":469}}},"version":"v1"}