{"_sessions":{"Bc4Y9iU1QqChGQPWdBVmHwAEwwfn8/uStB7O4yXmHx0y":{"registrationId":1151589209,"currentRatchet":{"ephemeralKeyPair":{"pubKey":"BYgG+MO9CkPDfjrMHyOKotbDdj3HwUxAGao23eXZ1jpE","privKey":"UM/bmyfqr60CY+B64ohGO3CByH1POu/wZpWjsoD/Q3Q="},"lastRemoteEphemeralKey":"Bftycga/0Vx2jbclYKszMrytVqUDVl6NB/NoIiFZE9tx","previousCounter":0,"rootKey":"nK6BKJJ4T5gBh+1eb88bNCKXoAiiK8IPHD9Uq6GbRkY="},"indexInfo":{"baseKey":"Bc4Y9iU1QqChGQPWdBVmHwAEwwfn8/uStB7O4yXmHx0y","baseKeyType":1,"closed":-1,"used":1756158052446,"created":1756158052446,"remoteIdentityKey":"BQqWw+NGGJFaxfII2ji4F0il3w7a2X5D141RE02q7SlC"},"_chains":{"BYgG+MO9CkPDfjrMHyOKotbDdj3HwUxAGao23eXZ1jpE":{"chainKey":{"counter":5,"key":"LiiL1K6yzPQ5MT/4k6lAj3N1PWm6+k6ESnU5vLS1rro="},"chainType":1,"messageKeys":{}}},"pendingPreKey":{"signedKeyId":6733722,"baseKey":"Bc4Y9iU1QqChGQPWdBVmHwAEwwfn8/uStB7O4yXmHx0y","preKeyId":951}}},"version":"v1"}