{"_sessions":{"BUjE2qyJyYgGSzL8ChvM1wureRSa/jDxZMn6bAo3XmQJ":{"registrationId":1460392573,"currentRatchet":{"ephemeralKeyPair":{"pubKey":"BZKiq3VyEIVZvCzZUWu/tCG/pzxUeRJLoy2kVReCgnpX","privKey":"KJMCoEzZiCzgWpfQ94yn3dbdLDt7p3fvehTxrBzDrn4="},"lastRemoteEphemeralKey":"BVLKY42Qxeuht17M2Ayxy46RkCQrySibZ8t80Jy0zXBP","previousCounter":0,"rootKey":"DZLEgTddnmFDJp8qK7p/j5vPTVahif8wA2m4gOQ9tn8="},"indexInfo":{"baseKey":"BUjE2qyJyYgGSzL8ChvM1wureRSa/jDxZMn6bAo3XmQJ","baseKeyType":1,"closed":-1,"used":1756158052388,"created":1756158052388,"remoteIdentityKey":"BQbQHy/g4O5P7DncHO5PmE7lX90eXKoyRNlle8txKAs9"},"_chains":{"BZKiq3VyEIVZvCzZUWu/tCG/pzxUeRJLoy2kVReCgnpX":{"chainKey":{"counter":5,"key":"Vo2gj5SosPyAqeSVpVPSSNp5syzC42OSNuaWHKTTGcw="},"chainType":1,"messageKeys":{}}},"pendingPreKey":{"signedKeyId":5369098,"baseKey":"BUjE2qyJyYgGSzL8ChvM1wureRSa/jDxZMn6bAo3XmQJ","preKeyId":2678}}},"version":"v1"}