{"_sessions":{"BVDPpMl5nftQ89EhPwFPNTCI69ht9p83VAMQvZ/Kfus5":{"registrationId":5904,"currentRatchet":{"ephemeralKeyPair":{"pubKey":"BdKr4Xg30I7+jHhxucwWxnm+7uPbh242RGjZTSHPH5l3","privKey":"0OZ+6oJurMPR0nHfuodattLADxq3Slp13jaVraZrv0E="},"lastRemoteEphemeralKey":"BdzKBzwzP4uFaC+M4iuZsQJzm6ARY740sYj40fJ1ItQ1","previousCounter":0,"rootKey":"zlrcJc9bMwWb1uip5IS+gBTdTuzVIOwp1kkjhK6QrXM="},"indexInfo":{"baseKey":"BVDPpMl5nftQ89EhPwFPNTCI69ht9p83VAMQvZ/Kfus5","baseKeyType":1,"closed":-1,"used":1756158052389,"created":1756158052389,"remoteIdentityKey":"BYHKF0joP14sC9FgKPIY7PUEZRsoW+DvmxkIzGjnWWw9"},"_chains":{"BdKr4Xg30I7+jHhxucwWxnm+7uPbh242RGjZTSHPH5l3":{"chainKey":{"counter":5,"key":"ZRhUORVe/6eQjk+SEO+s5ERvFKNgonmFWr6goXIRBrs="},"chainType":1,"messageKeys":{}}},"pendingPreKey":{"signedKeyId":1,"baseKey":"BVDPpMl5nftQ89EhPwFPNTCI69ht9p83VAMQvZ/Kfus5"}}},"version":"v1"}