{"_sessions":{"BZG2EtZvTZpookfg+JrnSZqn6f9dW7N7o1gCS6VPWdgC":{"registrationId":541902739,"currentRatchet":{"ephemeralKeyPair":{"pubKey":"BbNk0f9oA/Ry1Dgz1gLgEZJ7G2STSjX0d9uZjlqldY05","privKey":"cIC+VjEITZ4zcQ7zgpDZE12dUPa1+QYznUG9QRYCgXs="},"lastRemoteEphemeralKey":"BWEnE+IKLqgZ275zKIgmj4DKxqmPcdg/qqB6OaYR1DEh","previousCounter":0,"rootKey":"jJzXEYQ7FzbIqzREjtRfXMnKii37zw2asOx96k5ks/M="},"indexInfo":{"baseKey":"BZG2EtZvTZpookfg+JrnSZqn6f9dW7N7o1gCS6VPWdgC","baseKeyType":1,"closed":-1,"used":1756158052397,"created":1756158052397,"remoteIdentityKey":"Bch4HWPSd4csWqCOSM7AtgFCa6CMuJjMwYH1yjAGAjlA"},"_chains":{"BbNk0f9oA/Ry1Dgz1gLgEZJ7G2STSjX0d9uZjlqldY05":{"chainKey":{"counter":5,"key":"G9vYV5CYLyCJDYXzj5EhXQNreapfBAgVAjQAJT4tD+U="},"chainType":1,"messageKeys":{}}},"pendingPreKey":{"signedKeyId":232842,"baseKey":"BZG2EtZvTZpookfg+JrnSZqn6f9dW7N7o1gCS6VPWdgC","preKeyId":2291}}},"version":"v1"}