{"_sessions":{"BYGBZX9aXfg1Zpz+p0Qw6MRMhP8wFXHZYxJtgVebmX05":{"registrationId":1297658586,"currentRatchet":{"ephemeralKeyPair":{"pubKey":"BcK/+xYgFffXkGzKcgIWLO7omxQPvswITvclFB3MvfZ6","privKey":"ADghb9eZ4ceZfg+oyUgd7jhLzQ4/WLXUnY22WhVbrks="},"lastRemoteEphemeralKey":"BQLYkWJodK/U9zdOxYah+QciipGGWSXsn0q9v/0i258I","previousCounter":0,"rootKey":"lT0zyxdfLcKrt2ktbPG2YAoFdgc0exEN7NQZYM50/Jg="},"indexInfo":{"baseKey":"BYGBZX9aXfg1Zpz+p0Qw6MRMhP8wFXHZYxJtgVebmX05","baseKeyType":1,"closed":-1,"used":1756158052548,"created":1756158052548,"remoteIdentityKey":"BeaZPJCWxosSpPLyYObSNZTrbxBCztKAPET8E9qxElN/"},"_chains":{"BcK/+xYgFffXkGzKcgIWLO7omxQPvswITvclFB3MvfZ6":{"chainKey":{"counter":5,"key":"cQifKJwkxo+QUuAcwiIT0ktJh3zUCwevAI5TXZ54mHg="},"chainType":1,"messageKeys":{}}},"pendingPreKey":{"signedKeyId":50,"baseKey":"BYGBZX9aXfg1Zpz+p0Qw6MRMhP8wFXHZYxJtgVebmX05","preKeyId":12535371}}},"version":"v1"}