{"_sessions":{"BTyCU5YNdqcJphqtI0B6pKG2AiP+zHfdutDj/vG6N9tH":{"registrationId":1501854192,"currentRatchet":{"ephemeralKeyPair":{"pubKey":"BUReIjEI6mDsjPSrhD3ehTZRnN6sGOjeIrMm/qxlY01s","privKey":"iMytyl+MflrKoelJgERcVC6KYMUSEuC1u/SwhJPmr30="},"lastRemoteEphemeralKey":"Bas3eiY3zyryFlRSzfpYuIDcfKgL2zBCuguVPexjRW88","previousCounter":0,"rootKey":"967yE616xjTbupw6YhSSBZ5XHQ5iZ/66Vexh9Sh/rkE="},"indexInfo":{"baseKey":"BTyCU5YNdqcJphqtI0B6pKG2AiP+zHfdutDj/vG6N9tH","baseKeyType":1,"closed":-1,"used":1756158052592,"created":1756158052592,"remoteIdentityKey":"BdR5HWLYJPOvyaas6Z8K+mynF/wXwbPbrhe8qrQNPedR"},"_chains":{"BUReIjEI6mDsjPSrhD3ehTZRnN6sGOjeIrMm/qxlY01s":{"chainKey":{"counter":5,"key":"neo/WNWerYY4DeWB03xQ4uoISc6XTnmEGtZgc6FGVq0="},"chainType":1,"messageKeys":{}}},"pendingPreKey":{"signedKeyId":10676776,"baseKey":"BTyCU5YNdqcJphqtI0B6pKG2AiP+zHfdutDj/vG6N9tH","preKeyId":1636}}},"version":"v1"}