{"_sessions":{"BQCJCzMo0k3uveE8w4GIstg3AF0Z8+UNPjUPwacYmGs2":{"registrationId":1824755663,"currentRatchet":{"ephemeralKeyPair":{"pubKey":"BbEjKgy9q8FnKBib9Bb1/p/8MqepnxbwE8TeMenB160l","privKey":"ADlPkfP4eXz8kwkTssbMqnr+TQ/2kgCrAQkB+sZujEU="},"lastRemoteEphemeralKey":"Be8oGtZwG8nzEvfLGG8teXrS7B4Iz6MjqzsohQ6OaLNO","previousCounter":0,"rootKey":"I8H4eAFGsm5ITA4zQiK6ijaPoKJ/jHDW2w5vRGr+ylk="},"indexInfo":{"baseKey":"BQCJCzMo0k3uveE8w4GIstg3AF0Z8+UNPjUPwacYmGs2","baseKeyType":1,"closed":-1,"used":1756158052641,"created":1756158052641,"remoteIdentityKey":"BaXbQIomPaexEOLQ9MsLZgDbN3TWwlOVTOSLKZupGfEA"},"_chains":{"BbEjKgy9q8FnKBib9Bb1/p/8MqepnxbwE8TeMenB160l":{"chainKey":{"counter":5,"key":"TcQRRSOfNZJq23lG2+gRIAyeSaSlCJubemtC+jWfyMQ="},"chainType":1,"messageKeys":{}}},"pendingPreKey":{"signedKeyId":1933335,"baseKey":"BQCJCzMo0k3uveE8w4GIstg3AF0Z8+UNPjUPwacYmGs2","preKeyId":1627}}},"version":"v1"}