{"_sessions":{"BZuINCNqoju/s8cU13DmsW8YKzOWLtXr/omByiqNs4t3":{"registrationId":1227173505,"currentRatchet":{"ephemeralKeyPair":{"pubKey":"Be+B7AT1BxW3/03UjdNc5j7X7skW2jFJCxyJY0HWF9Q2","privKey":"OKqZdMBwRr5dsXwiOGMEn/OQ1oeBVMcYi8pDQcMbLEM="},"lastRemoteEphemeralKey":"Bd27GaD4J5dnec08W2RZ7wSu1+4nQk00Mn7AyOMRMPgI","previousCounter":0,"rootKey":"aBvhFBy41NMEJR6mAV4iYvWHiDb5w9JBOUBwFGfU9HU="},"indexInfo":{"baseKey":"BZuINCNqoju/s8cU13DmsW8YKzOWLtXr/omByiqNs4t3","baseKeyType":1,"closed":-1,"used":1756158052283,"created":1756158052283,"remoteIdentityKey":"BQOpgWoxeJQ+MUG1r5Me0jzehTKj8qP3b/c1nIGgJodb"},"_chains":{"Be+B7AT1BxW3/03UjdNc5j7X7skW2jFJCxyJY0HWF9Q2":{"chainKey":{"counter":5,"key":"m2dFRE0ocDe5kQha5Ke9fJ2pU09vvBAznezvYTzJAag="},"chainType":1,"messageKeys":{}}},"pendingPreKey":{"signedKeyId":19,"baseKey":"BZuINCNqoju/s8cU13DmsW8YKzOWLtXr/omByiqNs4t3","preKeyId":4122}}},"version":"v1"}