{"_sessions":{"BRXU6ONTkdL0vwhYbSY2AAaiis3UwuSycY/OZ8VgR/o4":{"registrationId":339769999,"currentRatchet":{"ephemeralKeyPair":{"pubKey":"BbeSMCz9kjlno8EomVUQFl7LF8+8X88XrKDYkS7yzsAu","privKey":"EBqNrszaYPlqJoBA2um6hr3CnyVXduTsur7x//0gbkU="},"lastRemoteEphemeralKey":"BWUxYqASVu8X4lNTG7ZZznqbMgxNK2Q+rfoUUTTntG9E","previousCounter":0,"rootKey":"tGMxWGlYklNhfZ/mz2gcdI8f5OS4FmFxGZhJ+e+HDnU="},"indexInfo":{"baseKey":"BRXU6ONTkdL0vwhYbSY2AAaiis3UwuSycY/OZ8VgR/o4","baseKeyType":1,"closed":-1,"used":1756158052457,"created":1756158052457,"remoteIdentityKey":"Ba47KaRd9uuJajAs7o2DnoJiZj2TQmgrjhH+++iJgqE0"},"_chains":{"BbeSMCz9kjlno8EomVUQFl7LF8+8X88XrKDYkS7yzsAu":{"chainKey":{"counter":5,"key":"6ufwK106wPLQqm/Qcbvrv/77uT7nJCWjgKVa0sIil9A="},"chainType":1,"messageKeys":{}}},"pendingPreKey":{"signedKeyId":12,"baseKey":"BRXU6ONTkdL0vwhYbSY2AAaiis3UwuSycY/OZ8VgR/o4","preKeyId":16480093}}},"version":"v1"}