{"_sessions":{"Bb5+xA6obfNlQveUGSBXXadBw//lfW6ihlrgjQ56S04H":{"registrationId":638165100,"currentRatchet":{"ephemeralKeyPair":{"pubKey":"BdqXTpFT95uXRIm4aZcTtb3EgVR/99wHMWZNvGwPUspW","privKey":"gNk4AZPrwFRwnrk7NBlozw4vyS1OswqNZBBLU1dzF2A="},"lastRemoteEphemeralKey":"BUYe8D8OR4ojUcLTxJknbodWFFz6K5swqj5hlRNNgVRJ","previousCounter":0,"rootKey":"LaKM/eOI7sDBmirYK54iwLZN8QdXejtK+xlWoiLpxfw="},"indexInfo":{"baseKey":"Bb5+xA6obfNlQveUGSBXXadBw//lfW6ihlrgjQ56S04H","baseKeyType":1,"closed":-1,"used":1756158052412,"created":1756158052412,"remoteIdentityKey":"BfI/Tsvg99EsUdJLaFJR5cOR/0QGrKs2kWuT5kQNoaI5"},"_chains":{"BdqXTpFT95uXRIm4aZcTtb3EgVR/99wHMWZNvGwPUspW":{"chainKey":{"counter":5,"key":"rLCUGbbkB91COHidG06VS+4B9m7H0Bi0QNahklXRAao="},"chainType":1,"messageKeys":{}}},"pendingPreKey":{"signedKeyId":16724793,"baseKey":"Bb5+xA6obfNlQveUGSBXXadBw//lfW6ihlrgjQ56S04H","preKeyId":5941}}},"version":"v1"}