{"_sessions":{"BQ4vee5RHo3iwuO/WKNtZXdPpxW3GwwON7pv1j/u9pFD":{"registrationId":770846229,"currentRatchet":{"ephemeralKeyPair":{"pubKey":"BfEzsl46guhVCfhN4Uv4AFXT5fVBBYtue2NcE6jZ7sIc","privKey":"sFoOlBBizH81ZD12G++Yh7EKqk7VYxvbv9Y2Qzqsfmc="},"lastRemoteEphemeralKey":"BQQCaUPxoAwopmX3GORS3sPtG/KekXiAqngZlezMUYsR","previousCounter":0,"rootKey":"bBC2Vdxa9IoqX1EtYTEtSHppPtwpXCiuvE1xfezBxzU="},"indexInfo":{"baseKey":"BQ4vee5RHo3iwuO/WKNtZXdPpxW3GwwON7pv1j/u9pFD","baseKeyType":1,"closed":-1,"used":1756158052521,"created":1756158052521,"remoteIdentityKey":"BTrShPwH7B4/iDrAbx7elas+TYhf/6L1q5VjpbDhbyg0"},"_chains":{"BfEzsl46guhVCfhN4Uv4AFXT5fVBBYtue2NcE6jZ7sIc":{"chainKey":{"counter":5,"key":"PnYILPEFeIqPjWWjItgKJlS0tQeADNkifDizf0LcGvI="},"chainType":1,"messageKeys":{}}},"pendingPreKey":{"signedKeyId":1,"baseKey":"BQ4vee5RHo3iwuO/WKNtZXdPpxW3GwwON7pv1j/u9pFD","preKeyId":4306488}}},"version":"v1"}