{"_sessions":{"BUhzj2W95PZIGu6JEzbYbElaYQKNAAQisR4l653r43FI":{"registrationId":926175780,"currentRatchet":{"ephemeralKeyPair":{"pubKey":"BV0XEPpP590V2G1LztuI235wgWTTICplVJCTPxBZn2Rn","privKey":"oMGCfJTMhMkhgxwdfcMp425GwQ61NefssXgHE7Tgx28="},"lastRemoteEphemeralKey":"BbeHORrI2MC22kJnoi4n3wFsGswCShvTPelWfCz4RtxB","previousCounter":0,"rootKey":"il6rVFsR9o4JZWxIdP6mtICQhV/7jbs3icNLfNCsyX4="},"indexInfo":{"baseKey":"BUhzj2W95PZIGu6JEzbYbElaYQKNAAQisR4l653r43FI","baseKeyType":1,"closed":-1,"used":1756158052601,"created":1756158052601,"remoteIdentityKey":"BfxdLsJ8uc3vT9/IrzvmKSPiiJJuEecldsUvp5bVa2pp"},"_chains":{"BV0XEPpP590V2G1LztuI235wgWTTICplVJCTPxBZn2Rn":{"chainKey":{"counter":5,"key":"lyuUTOfHDhxtOCD2o2jwNoplQjSkgBflK+BR3TVl7Bc="},"chainType":1,"messageKeys":{}}},"pendingPreKey":{"signedKeyId":8,"baseKey":"BUhzj2W95PZIGu6JEzbYbElaYQKNAAQisR4l653r43FI","preKeyId":9974146}}},"version":"v1"}