{"_sessions":{"BaRPS8r2JHF5tETsG+cgyr9HPjCtmWBnAUH7Q2ulZTQw":{"registrationId":1719268099,"currentRatchet":{"ephemeralKeyPair":{"pubKey":"BQ7QA/Vl621dBQYlUKjB1iytE+NIP1DK1b66HxRSWAxE","privKey":"OIRjE+j1oimwCn56tTVuHXsUpz/KZ2DrIbzAwnabSno="},"lastRemoteEphemeralKey":"BXjM3eVqNSyXKcP23dr5jN6LzsAzlKyG6j+ooHOWXmAT","previousCounter":0,"rootKey":"SUk+KF2pjnUIZxh1Asd4PxPFM9/M/t4NNVpqXhGZCDk="},"indexInfo":{"baseKey":"BaRPS8r2JHF5tETsG+cgyr9HPjCtmWBnAUH7Q2ulZTQw","baseKeyType":1,"closed":-1,"used":1756158052558,"created":1756158052558,"remoteIdentityKey":"BZaP6jVotGCDIh35hnRYdOGFlea4wdaP7LFGsYtNbdE7"},"_chains":{"BQ7QA/Vl621dBQYlUKjB1iytE+NIP1DK1b66HxRSWAxE":{"chainKey":{"counter":5,"key":"gi7gPu4GqBFPy/cGbPeJXmCUi5NMqRPU2gPOwKRGQxc="},"chainType":1,"messageKeys":{}}},"pendingPreKey":{"signedKeyId":8045803,"baseKey":"BaRPS8r2JHF5tETsG+cgyr9HPjCtmWBnAUH7Q2ulZTQw","preKeyId":5007}}},"version":"v1"}