{"_sessions":{"BXwuB80qivhWWlRVoPyeJ0npHBKSImvz9o/jJbzEJo4N":{"registrationId":2024141841,"currentRatchet":{"ephemeralKeyPair":{"pubKey":"BeJ2rdDf/5XuW9+r4zxJaFV249sb5FhipsPHrm4bRz9d","privKey":"GMJU877Tt5lSfdEXkH2CavKo+y8z6kSRcxDv4rCriF4="},"lastRemoteEphemeralKey":"BZ6tkh9kiTp/I+u0rA9a4eLR6o6CbkG3A7f9iLOUgZIH","previousCounter":0,"rootKey":"UvTuSA5iErWTE9//kGrNZmF0dPE1lxPTeMkBUxXdQ9U="},"indexInfo":{"baseKey":"BXwuB80qivhWWlRVoPyeJ0npHBKSImvz9o/jJbzEJo4N","baseKeyType":1,"closed":-1,"used":1756158052539,"created":1756158052539,"remoteIdentityKey":"BdJc8OE9Bylc16N0JPA08juXy/R95eI1SQ39X7lLGe17"},"_chains":{"BeJ2rdDf/5XuW9+r4zxJaFV249sb5FhipsPHrm4bRz9d":{"chainKey":{"counter":5,"key":"S3TNlRsWCB1crBoFeosthz2TeeUJ4nolzMtOyXznsGI="},"chainType":1,"messageKeys":{}}},"pendingPreKey":{"signedKeyId":9717847,"baseKey":"BXwuB80qivhWWlRVoPyeJ0npHBKSImvz9o/jJbzEJo4N","preKeyId":1499}}},"version":"v1"}