{"_sessions":{"BfjyMFuD4uF9kvuAOdLGKUGLU2QTHg3L3upCUJIz70sd":{"registrationId":778860288,"currentRatchet":{"ephemeralKeyPair":{"pubKey":"BRSgrYPgZqNIe9cSJ3bbAHfwFhzSMUln2AzZswwULnID","privKey":"GBMsbgh83IHnBnHHYRVioU+NAApfvgr68uQZbUhdmXo="},"lastRemoteEphemeralKey":"BXRW2uNDBCm0yREfTf0M8K1i3hDNw2PJsnBvfC2ElAsz","previousCounter":0,"rootKey":"tND31UurCf+VPiy55ToESRfu+WhonvjKgAX/sN36XvM="},"indexInfo":{"baseKey":"BfjyMFuD4uF9kvuAOdLGKUGLU2QTHg3L3upCUJIz70sd","baseKeyType":1,"closed":-1,"used":1756158052407,"created":1756158052407,"remoteIdentityKey":"BWdniUpWkkp5BbQS24xbHLUhqfzJQUmN6L5bN7on+IhG"},"_chains":{"BRSgrYPgZqNIe9cSJ3bbAHfwFhzSMUln2AzZswwULnID":{"chainKey":{"counter":5,"key":"ejIOTL6k/JdXCQC/vZeatj2VSXc7iVfqggiyJlAdabI="},"chainType":1,"messageKeys":{}}},"pendingPreKey":{"signedKeyId":6978834,"baseKey":"BfjyMFuD4uF9kvuAOdLGKUGLU2QTHg3L3upCUJIz70sd","preKeyId":3454}}},"version":"v1"}