{"_sessions":{"BaABbSqhN61ptLJr8xQ7T0p25304ehxHQYQrA6mOSnF0":{"registrationId":600866945,"currentRatchet":{"ephemeralKeyPair":{"pubKey":"BaElcRoIagf5luw6mGD80+6lkvz9cmyhvLV0DKZZwV0i","privKey":"yB4TVzIXe/p3jojHM2GGfxE+QTgyO+KxgDvxV4NuDkU="},"lastRemoteEphemeralKey":"BeK4BAHXt6Ees5KQ7Hfb02YEZnITcFFBIwX6Tx+RxzJ3","previousCounter":0,"rootKey":"YzLqqAlJN8J9liLrGmScguRnG02sIQftCHUU8cMLl1k="},"indexInfo":{"baseKey":"BaABbSqhN61ptLJr8xQ7T0p25304ehxHQYQrA6mOSnF0","baseKeyType":1,"closed":-1,"used":1756158052561,"created":1756158052561,"remoteIdentityKey":"BTc1AxQgF2P0nvsgl1sfTYgl2x52KBDEMV81ryzxlNA9"},"_chains":{"BaElcRoIagf5luw6mGD80+6lkvz9cmyhvLV0DKZZwV0i":{"chainKey":{"counter":5,"key":"tEkWYLKSpe1FBt47EMTjlczRnxfYfJouj3TaTLDhOC0="},"chainType":1,"messageKeys":{}}},"pendingPreKey":{"signedKeyId":7967298,"baseKey":"BaABbSqhN61ptLJr8xQ7T0p25304ehxHQYQrA6mOSnF0","preKeyId":4799}}},"version":"v1"}