{"_sessions":{"BTMRZVX3XpdvY7sD3VMR92IPoDG3S8BJHz7sZCi9JhN+":{"registrationId":91124015,"currentRatchet":{"ephemeralKeyPair":{"pubKey":"BSD3D65+uOPtMxGPwZzi4df0AH8j+w2HHApHPAo+IzpE","privKey":"MNZJ//mjQedLnEZqTmIZ6cqa8YHD+qhMqo3BPnKtsUE="},"lastRemoteEphemeralKey":"BQlRYLftCd2H7auVVhcwGNfh9wd9sXsMqshmrNk2GDNC","previousCounter":0,"rootKey":"DJtDCj3jWeoc/k7y5qMU283uTwzlnhFKGbRorLwZz9o="},"indexInfo":{"baseKey":"BTMRZVX3XpdvY7sD3VMR92IPoDG3S8BJHz7sZCi9JhN+","baseKeyType":1,"closed":-1,"used":1756158052560,"created":1756158052560,"remoteIdentityKey":"BbXLlKuSrdfovNfNqOQfqNotbJQRcdoYHzbCzoOxekMz"},"_chains":{"BSD3D65+uOPtMxGPwZzi4df0AH8j+w2HHApHPAo+IzpE":{"chainKey":{"counter":5,"key":"08I/wqlT7DL8iTyXKOjCCxZ41CBac67oblh6w4L41pQ="},"chainType":1,"messageKeys":{}}},"pendingPreKey":{"signedKeyId":31,"baseKey":"BTMRZVX3XpdvY7sD3VMR92IPoDG3S8BJHz7sZCi9JhN+","preKeyId":668641}}},"version":"v1"}