{"_sessions":{"Bd4gTjnpgGhHXMp7qurh7Q2JluNGorVBf1A5Y4gfgnga":{"registrationId":329794656,"currentRatchet":{"ephemeralKeyPair":{"pubKey":"BUNPnAjJ+08il40hGJD1IvyiDg6ymJ0cDgjgctdAfCNv","privKey":"yLvYj0HQW9BMB3a+M6tp/meziO0sZ0D47DlvWLyC43Q="},"lastRemoteEphemeralKey":"BbFsvO/YELcgo1c6I2yn3ds4QqJvwp9tRlyxQgJm3g4c","previousCounter":0,"rootKey":"zFYj8OVpJYL8XNAqxl2CrN90SpPS272mBhLRa+7+bQo="},"indexInfo":{"baseKey":"Bd4gTjnpgGhHXMp7qurh7Q2JluNGorVBf1A5Y4gfgnga","baseKeyType":1,"closed":-1,"used":1756158052635,"created":1756158052635,"remoteIdentityKey":"Be73q9x/a1js6zwlROVmYB+vXcowG81D5kduLCw9axpA"},"_chains":{"BUNPnAjJ+08il40hGJD1IvyiDg6ymJ0cDgjgctdAfCNv":{"chainKey":{"counter":5,"key":"je2xzwzj66BkEODfvMnN3Rm6abI7tYiu8jI4uoSb1/Y="},"chainType":1,"messageKeys":{}}},"pendingPreKey":{"signedKeyId":13624722,"baseKey":"Bd4gTjnpgGhHXMp7qurh7Q2JluNGorVBf1A5Y4gfgnga","preKeyId":2445}}},"version":"v1"}