{"_sessions":{"BSpawlVYa6llUL5Yk+62znOscJfOwkycpN8cHIvleY57":{"registrationId":1486021792,"currentRatchet":{"ephemeralKeyPair":{"pubKey":"Be9kTAcszY1YWbz5Han8pOmjVBMsXvhlWpqqoemg+YNi","privKey":"2OHlX0VV/Pi464zauFPm7wN9MAfu+H/OiQLxU3V+024="},"lastRemoteEphemeralKey":"BbNbakvaSKT3vL208jgZm3TPTzPAVl4iItzMntehYmJA","previousCounter":0,"rootKey":"YUB2qoS6+60QvtSxAzvb/J6IC0ypTiDwYGfhq2nxuBs="},"indexInfo":{"baseKey":"BSpawlVYa6llUL5Yk+62znOscJfOwkycpN8cHIvleY57","baseKeyType":1,"closed":-1,"used":1756158052675,"created":1756158052675,"remoteIdentityKey":"BfhoQcqj1hRuTmmkgkCrGizKFeXlOuI+HKLlP2Dzw+hX"},"_chains":{"Be9kTAcszY1YWbz5Han8pOmjVBMsXvhlWpqqoemg+YNi":{"chainKey":{"counter":5,"key":"ztaZk8voZdQ2nGxhMszcIqm+/tLuH1Lu7m17/oi6uU4="},"chainType":1,"messageKeys":{}}},"pendingPreKey":{"signedKeyId":0,"baseKey":"BSpawlVYa6llUL5Yk+62znOscJfOwkycpN8cHIvleY57","preKeyId":2179676}}},"version":"v1"}