{"_sessions":{"BQjQ4N70HgFw2+1U2XFS0EfAAnbJ6lJjAomIv+9LSJM/":{"registrationId":10945,"currentRatchet":{"ephemeralKeyPair":{"pubKey":"BciqHp8L1zIBrkG8/EjAEoQqbejD8z++QuKXMqIn8Llq","privKey":"oDN8Ka+CvAWov9CJNZ06aEKBJldD5r+JSeoqXxfBpGM="},"lastRemoteEphemeralKey":"BfPGxqFk41UVrT9VIbakStEHCANnRsu6/LFcdW2KYUs+","previousCounter":0,"rootKey":"QOsUcW5d934hXrg2+FVpF69HXn7ncQ1wX3SB3NE05oo="},"indexInfo":{"baseKey":"BQjQ4N70HgFw2+1U2XFS0EfAAnbJ6lJjAomIv+9LSJM/","baseKeyType":1,"closed":-1,"used":1756158052374,"created":1756158052374,"remoteIdentityKey":"BTHaSaF7QehC14ITU/Zs57zoyLU2+p7hkVEQa8euko5k"},"_chains":{"BciqHp8L1zIBrkG8/EjAEoQqbejD8z++QuKXMqIn8Llq":{"chainKey":{"counter":5,"key":"XRrfBktcLRHxBGCkpXUD48j+MD++bqasS7ovbPKkDc0="},"chainType":1,"messageKeys":{}}},"pendingPreKey":{"signedKeyId":2,"baseKey":"BQjQ4N70HgFw2+1U2XFS0EfAAnbJ6lJjAomIv+9LSJM/","preKeyId":1596}}},"version":"v1"}