{"_sessions":{"BU4pz+JPM9xa1XVz5rDm/KwsV1waHMw5mvDOPkxBL7Q3":{"registrationId":1557086338,"currentRatchet":{"ephemeralKeyPair":{"pubKey":"BRW63pRSTyo2HeJ90YujGUhOsJhx49sW2zYIsVhPN3df","privKey":"8I8kuucI/027SbBc7cj4LrgPWbW6vwr+FeG69ZUChUw="},"lastRemoteEphemeralKey":"BYDoh5P7B5fk/kdiunPS6ynsWJsRP+ourx5x07Vq4bJh","previousCounter":0,"rootKey":"bXUgc9H0O3ooLfEVzVEFtqOqiBIjuLLzXD+35Ngic3Q="},"indexInfo":{"baseKey":"BU4pz+JPM9xa1XVz5rDm/KwsV1waHMw5mvDOPkxBL7Q3","baseKeyType":1,"closed":-1,"used":1756489346725,"created":1756489346725,"remoteIdentityKey":"BQ8rVdjJ16f9KDzdlWfz8gdMsVJk9RG8oagVhG1FXwV4"},"_chains":{"BRW63pRSTyo2HeJ90YujGUhOsJhx49sW2zYIsVhPN3df":{"chainKey":{"counter":1,"key":"tMUC0tYR1H8ZevY5Y8eE1Eopqgs/MIb6Bp/FPDXGrEw="},"chainType":1,"messageKeys":{}}},"pendingPreKey":{"signedKeyId":8861416,"baseKey":"BU4pz+JPM9xa1XVz5rDm/KwsV1waHMw5mvDOPkxBL7Q3","preKeyId":180}}},"version":"v1"}