{"_sessions":{"Ba7qHJOYu2gZ8cEUvIKsgo3qmqYg2qcAq8jpxrX3VrZ6":{"registrationId":855212345,"currentRatchet":{"ephemeralKeyPair":{"pubKey":"BXQBt2jPbBYdEZQDYUDKC3BGlTFs2kaagN2p4P/Tee1H","privKey":"IJvy7uI/9ec5lmaIJHiBJqftqvzE/hEjjJIRyqW9pkY="},"lastRemoteEphemeralKey":"BeW5MOIWPBcRk2zunbIyzHSFxDJporoV2g2wu/SjzmpN","previousCounter":0,"rootKey":"wWcqDqneuO1SS3yjEy9SK0mKs5lkre/IKVVMQFMQnzQ="},"indexInfo":{"baseKey":"Ba7qHJOYu2gZ8cEUvIKsgo3qmqYg2qcAq8jpxrX3VrZ6","baseKeyType":1,"closed":-1,"used":1756158052385,"created":1756158052385,"remoteIdentityKey":"BZ3ayBUALtTGz8YMFfTaZFvASfJB1aMHWDzS+F7E6Fo3"},"_chains":{"BXQBt2jPbBYdEZQDYUDKC3BGlTFs2kaagN2p4P/Tee1H":{"chainKey":{"counter":5,"key":"X0zDdRlHRO4hZB84MyM8KLy+CZ6vDVpBleAxiWTiBvA="},"chainType":1,"messageKeys":{}}},"pendingPreKey":{"signedKeyId":28,"baseKey":"Ba7qHJOYu2gZ8cEUvIKsgo3qmqYg2qcAq8jpxrX3VrZ6","preKeyId":6169}}},"version":"v1"}