{"_sessions":{"BWulgHIVlEv5LyYMMhRhpG1dCfb6ZKbfK8XfBe/OcYtx":{"registrationId":740447616,"currentRatchet":{"ephemeralKeyPair":{"pubKey":"BY9dHyJCas05BXvM+/A3uMU5o0tFLAD1cTTa1tQHYS9k","privKey":"AKrhwjfgupiCtzte0LfAQHNLGwXkeTkouSeru/bAyWc="},"lastRemoteEphemeralKey":"Be+mCIb/8aa3n2qPbYBKvW2GY7gQohB04WHiT8wBEhVq","previousCounter":0,"rootKey":"yqZjSnonSf7YxwGCRAbLZo8Hqt+kUwxZmKSwDGX5qDw="},"indexInfo":{"baseKey":"BWulgHIVlEv5LyYMMhRhpG1dCfb6ZKbfK8XfBe/OcYtx","baseKeyType":1,"closed":-1,"used":1756158052607,"created":1756158052607,"remoteIdentityKey":"BTEBB1hu4UVkt0p51MRYrHotYBxL2FkNlviGbKfp9wM8"},"_chains":{"BY9dHyJCas05BXvM+/A3uMU5o0tFLAD1cTTa1tQHYS9k":{"chainKey":{"counter":5,"key":"PGprJXy3ypQmZcE6Z9BILhx8YTJgWI7RZ5Hk0LETJOc="},"chainType":1,"messageKeys":{}}},"pendingPreKey":{"signedKeyId":25,"baseKey":"BWulgHIVlEv5LyYMMhRhpG1dCfb6ZKbfK8XfBe/OcYtx","preKeyId":11520221}}},"version":"v1"}