{"_sessions":{"BWNhiQ+6sxMonOOAFO2JlPlyh0RsIZYoKf1TONDYHjQi":{"registrationId":762786506,"currentRatchet":{"ephemeralKeyPair":{"pubKey":"BYpChkM/20w4SvT50Q8K270iMSLv98lU5LVg4EsknlER","privKey":"yKtinb/7v8t+yhv7+wxjmiwGPrWysN0QBJn8Wyw/A0k="},"lastRemoteEphemeralKey":"BQGhSmrToI/Z+yHIR471GYy+1AH4lEBotXQHh4f0pbYW","previousCounter":0,"rootKey":"nE8MSmiOnArBsbdDYeFxfZ2IC4Y9QbVVIKYsYRC4roU="},"indexInfo":{"baseKey":"BWNhiQ+6sxMonOOAFO2JlPlyh0RsIZYoKf1TONDYHjQi","baseKeyType":1,"closed":-1,"used":1756158052439,"created":1756158052439,"remoteIdentityKey":"Bc2S47YLa7zHh37gmwQSU1eT8dbdbngkdgIh9bwKrflM"},"_chains":{"BYpChkM/20w4SvT50Q8K270iMSLv98lU5LVg4EsknlER":{"chainKey":{"counter":5,"key":"SGBHKeMxBbbYpYVV6kSIZn5LCIHE3OXHOdOnIshaDjk="},"chainType":1,"messageKeys":{}}},"pendingPreKey":{"signedKeyId":23,"baseKey":"BWNhiQ+6sxMonOOAFO2JlPlyh0RsIZYoKf1TONDYHjQi","preKeyId":1768850}}},"version":"v1"}