{"_sessions":{"Bay8Vih20DsVOxxirAZxEW8CaSZgDj9Fi3OSsU5YQ2Jb":{"registrationId":75307019,"currentRatchet":{"ephemeralKeyPair":{"pubKey":"BdtmYXrxSuhH5+HWTtqHsanF1gQ/JUQMS7eKt0YkMGMi","privKey":"2AGEkoGjSH8FMQGJUZkCMZXN71OPrwxE0akvJHVPclY="},"lastRemoteEphemeralKey":"BSIqDZ3P0o1O31Pn7yPx3cVibxZO8FbQrk3SrQdOIgkw","previousCounter":0,"rootKey":"o/krk2eIGyy+m764eU6/zUxA/LK0WzlYiNNXWQ/CV9A="},"indexInfo":{"baseKey":"Bay8Vih20DsVOxxirAZxEW8CaSZgDj9Fi3OSsU5YQ2Jb","baseKeyType":1,"closed":-1,"used":1756151004525,"created":1756151004525,"remoteIdentityKey":"BcTraj/wQ5BJ8wf4rzTGrGAald+LDV0nC61WNXtqkXEm"},"_chains":{"BdtmYXrxSuhH5+HWTtqHsanF1gQ/JUQMS7eKt0YkMGMi":{"chainKey":{"counter":3,"key":"DfuFh0b0mEshTJg38KHN4AJWclZgD9A/D0PY/VQLWsE="},"chainType":1,"messageKeys":{}}},"pendingPreKey":{"signedKeyId":12,"baseKey":"Bay8Vih20DsVOxxirAZxEW8CaSZgDj9Fi3OSsU5YQ2Jb","preKeyId":10768745}}},"version":"v1"}