{"_sessions":{"BYPOlMF7BLXXpW6JiWGzfsjIemT3KZaljpLjkceJG8Je":{"registrationId":1563739860,"currentRatchet":{"ephemeralKeyPair":{"pubKey":"BfTA4p3il/lCgnWpqdGax5rFyXIh9Gwg7645+SLuDuBD","privKey":"gMXMfL2p3qP8uHnyzc2hmidnc9cns6ZabYOfqApUqnI="},"lastRemoteEphemeralKey":"BbXGDRMJONeM1USxQUDsJ3FYiPHz9IKguqZ3ByXnaWNs","previousCounter":0,"rootKey":"vcTvoAExoT//wXHR9zLlBS/yFi1ytPB4tbvEo5fNRdk="},"indexInfo":{"baseKey":"BYPOlMF7BLXXpW6JiWGzfsjIemT3KZaljpLjkceJG8Je","baseKeyType":1,"closed":-1,"used":1756158052561,"created":1756158052561,"remoteIdentityKey":"BR6DYY96gROzryFL+Io5V+hk4zOc/V4v9nVyMAx0Musn"},"_chains":{"BfTA4p3il/lCgnWpqdGax5rFyXIh9Gwg7645+SLuDuBD":{"chainKey":{"counter":5,"key":"1xRODzQAHzJsKOyDWRLRZj5oNifrKj5q+J64ZUI5htg="},"chainType":1,"messageKeys":{}}},"pendingPreKey":{"signedKeyId":2354850,"baseKey":"BYPOlMF7BLXXpW6JiWGzfsjIemT3KZaljpLjkceJG8Je","preKeyId":866}}},"version":"v1"}