{"_sessions":{"BU6UsijVNeEtIvAEZe7ngkQim9+HzXqkqAPVVT5OjTd4":{"registrationId":1825258066,"currentRatchet":{"ephemeralKeyPair":{"pubKey":"BbipGQ0YlaB2lR67h6FJtdG21fICJh4+vzsaEyXu1LML","privKey":"YG8kdkOEvIn6pw9ZiqPn7QRT1AA9tG5/N0hQfQoDHn0="},"lastRemoteEphemeralKey":"BdQHK2nwuUIOFmp2acr7rOqdo3kkPSDyWxXBeEtFEMpf","previousCounter":0,"rootKey":"hGaMcySS+mwhqPGlPJzA+w8jx3KsSF7CxoQ+ug10+z0="},"indexInfo":{"baseKey":"BU6UsijVNeEtIvAEZe7ngkQim9+HzXqkqAPVVT5OjTd4","baseKeyType":1,"closed":-1,"used":1756158052549,"created":1756158052549,"remoteIdentityKey":"BSLqmEpKBMUtBkCN/D5XkA+o5lPHd2T70sbjlkYE3aA1"},"_chains":{"BbipGQ0YlaB2lR67h6FJtdG21fICJh4+vzsaEyXu1LML":{"chainKey":{"counter":5,"key":"QZrdRiX/ZgeBgv2EMHzL9cLslwwI+g5GIgSY/r0JqQ8="},"chainType":1,"messageKeys":{}}},"pendingPreKey":{"signedKeyId":10487339,"baseKey":"BU6UsijVNeEtIvAEZe7ngkQim9+HzXqkqAPVVT5OjTd4","preKeyId":1679}}},"version":"v1"}