{"_sessions":{"BWC97bQngiw6wxh/qmrdMgozkIYehLl3YlBaE6WSJ8cL":{"registrationId":920500997,"currentRatchet":{"ephemeralKeyPair":{"pubKey":"BUSfoF7HxICw/9E9Z8ovtVk073e+gtZ9wnQi6nihezo5","privKey":"iG1sahQ4/OD2e35haO96KqSAYRsgcix1DzbgshG9UlY="},"lastRemoteEphemeralKey":"BYHzk+XWFDPGm/NOZgVjMhC1pTw10ye3OcwQ1ioHv+Nu","previousCounter":0,"rootKey":"7LKHETH/OBx4YhyYQXUPHlAoP/9k4Ix+Oprii4N6pcA="},"indexInfo":{"baseKey":"BWC97bQngiw6wxh/qmrdMgozkIYehLl3YlBaE6WSJ8cL","baseKeyType":1,"closed":-1,"used":1756158052427,"created":1756158052427,"remoteIdentityKey":"BUGvbj3ypVjjbDvE8UYDWG4eXZPNa5lY39sdTC8VUxlT"},"_chains":{"BUSfoF7HxICw/9E9Z8ovtVk073e+gtZ9wnQi6nihezo5":{"chainKey":{"counter":5,"key":"Ua4aHa4cDfhJn4M87a3T0Y+oog0ge7ia5N/82I61HZw="},"chainType":1,"messageKeys":{}}},"pendingPreKey":{"signedKeyId":36,"baseKey":"BWC97bQngiw6wxh/qmrdMgozkIYehLl3YlBaE6WSJ8cL","preKeyId":4997958}}},"version":"v1"}