{"_sessions":{"BcgDHTVr3+qHb178Nhieb2KBlTQjuZp8qMXAnLQNCXYB":{"registrationId":914,"currentRatchet":{"ephemeralKeyPair":{"pubKey":"BY1DHlkkVZNTyVPP7dHQfFeJeQQexo9J/2Mswd39XBpH","privKey":"ILZ48EdEEg3NK3rG0eEssw8F3Gs3esYa5/n/8WTBp2o="},"lastRemoteEphemeralKey":"Bct3uXpIL1z63/5e5mKz+4wD5s8zPmpErvnVuVR7C7xw","previousCounter":0,"rootKey":"xfZQ8Uo3GUMfDRRzUPKk0jO0Gehxr0d+FRS7bv5YdOM="},"indexInfo":{"baseKey":"BcgDHTVr3+qHb178Nhieb2KBlTQjuZp8qMXAnLQNCXYB","baseKeyType":1,"closed":-1,"used":1756151004523,"created":1756151004523,"remoteIdentityKey":"BQsZ904BP2ZrxxfsSTAbV0AgzaXRI+wt2teV+pTWnFAJ"},"_chains":{"BY1DHlkkVZNTyVPP7dHQfFeJeQQexo9J/2Mswd39XBpH":{"chainKey":{"counter":1,"key":"c2z4CzoeZq82TgJM1CbABzVYbMmuxKlagIsP8x3N/x4="},"chainType":1,"messageKeys":{}}},"pendingPreKey":{"signedKeyId":1,"baseKey":"BcgDHTVr3+qHb178Nhieb2KBlTQjuZp8qMXAnLQNCXYB","preKeyId":4}}},"version":"v1"}