{"_sessions":{"Ba83Rnme0ewMooA1LUqVE4mhGW9Sgl4RUTJyPKdFanYr":{"registrationId":1024455771,"currentRatchet":{"ephemeralKeyPair":{"pubKey":"BTJcZkXW4gAx+9zdaxCD5EhKgX04j8eiOFNHqQWyV2cv","privKey":"2GQ2zYHicl+r2mzNKlOtIimnpEM7wpjq3UXqP93skHI="},"lastRemoteEphemeralKey":"BVjkuQP816R2oTNQjGltM8Zh+ClW+YwY69Us1YRXDR9y","previousCounter":0,"rootKey":"5mwn5XeZXVHOVVIErc/CcSt75rBFtADFybjNYTsnDIM="},"indexInfo":{"baseKey":"Ba83Rnme0ewMooA1LUqVE4mhGW9Sgl4RUTJyPKdFanYr","baseKeyType":1,"closed":-1,"used":1756158052300,"created":1756158052300,"remoteIdentityKey":"BUCvYMVS+cTf9WjsX0wYFumHy3VsjX8utmLpunrixMNK"},"_chains":{"BTJcZkXW4gAx+9zdaxCD5EhKgX04j8eiOFNHqQWyV2cv":{"chainKey":{"counter":5,"key":"k0iwZ0alo6ecsGObwDldVDH+12cEqMYIjFjD84FFBwU="},"chainType":1,"messageKeys":{}}},"pendingPreKey":{"signedKeyId":4,"baseKey":"Ba83Rnme0ewMooA1LUqVE4mhGW9Sgl4RUTJyPKdFanYr","preKeyId":935}}},"version":"v1"}