{"_sessions":{"BduPw+CnCUiSgfmB+Lso4upOXpMOEDHeHNfew4ERZjwm":{"registrationId":1642351943,"currentRatchet":{"ephemeralKeyPair":{"pubKey":"Bc4y4fjTNk2tyarf6PoLSSMI4exStHUdj4WW840mZ9Ra","privKey":"MEF4lhY4cvMYXPm7Nhq6C2MmHSRwMMBpWGwGcl7C8kI="},"lastRemoteEphemeralKey":"BQzPQMjKAZ3nx6D3SbN0qT0Ze4cmtJ2EFSpwjAlTdNJ6","previousCounter":0,"rootKey":"AwiWgDN8/SBYxkehrcKKbsk2M3jiNM22eL25yOm4zYg="},"indexInfo":{"baseKey":"BduPw+CnCUiSgfmB+Lso4upOXpMOEDHeHNfew4ERZjwm","baseKeyType":1,"closed":-1,"used":1756158052590,"created":1756158052590,"remoteIdentityKey":"BV3FVAIdQldCYWmTh0uQeKqO/mvdybr1wwfmaMUSerYB"},"_chains":{"Bc4y4fjTNk2tyarf6PoLSSMI4exStHUdj4WW840mZ9Ra":{"chainKey":{"counter":5,"key":"bTyV29Bi9lKaN9iVlu205BwHeGyYZoEVhLkaz0wrWb0="},"chainType":1,"messageKeys":{}}},"pendingPreKey":{"signedKeyId":2,"baseKey":"BduPw+CnCUiSgfmB+Lso4upOXpMOEDHeHNfew4ERZjwm","preKeyId":11594628}}},"version":"v1"}