{"_sessions":{"BWLQ0ZFeMITkWPvGk9KnullkH6+4acmtMAJ9idSxNzoK":{"registrationId":288011325,"currentRatchet":{"ephemeralKeyPair":{"pubKey":"BUiXD7D9bPkhP9jTKRvH20QQb+mLKaTg5LqPOFDh4fF9","privKey":"UIZ4wWVbY99d05mYVtffa6vTc2MAaOzT5nplQtplTVA="},"lastRemoteEphemeralKey":"BREz31NQZXYCpLwWSdzZWzjHS+HnXH2LUthZpZp8gYdp","previousCounter":0,"rootKey":"n8xfDq2PrRr8I2SiTUu02/2BLRgYLQWrHs8MEFRhKdA="},"indexInfo":{"baseKey":"BWLQ0ZFeMITkWPvGk9KnullkH6+4acmtMAJ9idSxNzoK","baseKeyType":1,"closed":-1,"used":1756158052424,"created":1756158052424,"remoteIdentityKey":"BaQltq7Hj+kjP88iBnV69D4F5xmQo0vbT4YNm7DsQFY6"},"_chains":{"BUiXD7D9bPkhP9jTKRvH20QQb+mLKaTg5LqPOFDh4fF9":{"chainKey":{"counter":5,"key":"jXI9+3lxsGVdOzV5VwQd2OMdw4k3AhsgA966UkTjN3s="},"chainType":1,"messageKeys":{}}},"pendingPreKey":{"signedKeyId":6937467,"baseKey":"BWLQ0ZFeMITkWPvGk9KnullkH6+4acmtMAJ9idSxNzoK","preKeyId":989}}},"version":"v1"}