{"_sessions":{"BR+IpY5gRi8m7VWtmdiuGWohPVca6h/j6AXSrY5mZIoL":{"registrationId":1915720111,"currentRatchet":{"ephemeralKeyPair":{"pubKey":"BRp5mHYWKREVEEbx/XIdQiv3XTQ5+GhpKy0zGBDMgOJE","privKey":"KNlDtP+G7lbwJ8uJpD0andQiBd/Lnw9K7pa0fvtg2UM="},"lastRemoteEphemeralKey":"BWO1nFIieWHF20t/KDuMXZ4P7ypqRzzIBS2Auwauiq0U","previousCounter":0,"rootKey":"Rn32vGZoYClrycfwv8vm56OhCSX2LCBSDO/ooAL+u4I="},"indexInfo":{"baseKey":"BR+IpY5gRi8m7VWtmdiuGWohPVca6h/j6AXSrY5mZIoL","baseKeyType":1,"closed":-1,"used":1756158052272,"created":1756158052272,"remoteIdentityKey":"Bf0HfmMg4EQycQ1yeXEPIWaiKDJZRThIyPrkoMgb00QG"},"_chains":{"BRp5mHYWKREVEEbx/XIdQiv3XTQ5+GhpKy0zGBDMgOJE":{"chainKey":{"counter":5,"key":"gGnDjUqRRsTyUf1HGoWHu4A+mKBUJu501LFY8JdUujs="},"chainType":1,"messageKeys":{}}},"pendingPreKey":{"signedKeyId":1,"baseKey":"BR+IpY5gRi8m7VWtmdiuGWohPVca6h/j6AXSrY5mZIoL","preKeyId":199}}},"version":"v1"}