{"_sessions":{"Be/OE9DFp/vt5v3UYl4D1dqE+H3f6D8aESUwOaLo0OxH":{"registrationId":2041041783,"currentRatchet":{"ephemeralKeyPair":{"pubKey":"BezR4mg7eBj50FwvaCuD7u6Gt8zZH/B+nVUT9dKBFR1/","privKey":"iGveYfqPj+DUsL+rhy/RyuNyIy2oVC784IceakrF0F0="},"lastRemoteEphemeralKey":"BXiDN1GWgUWKuBEJTPbUiC9KBjABwZMdNmvdaMXmgsBW","previousCounter":0,"rootKey":"iNzCsmJxp1YJ13H53gk8KSsELYCQPHZ4enIO8ZcoV30="},"indexInfo":{"baseKey":"Be/OE9DFp/vt5v3UYl4D1dqE+H3f6D8aESUwOaLo0OxH","baseKeyType":1,"closed":1756289241735,"used":1756158052284,"created":1756158052284,"remoteIdentityKey":"BfuZ7knGHOseR/t6WD+6sLGpWA4P8HzFMIWw0VrBhMYP"},"_chains":{"BezR4mg7eBj50FwvaCuD7u6Gt8zZH/B+nVUT9dKBFR1/":{"chainKey":{"counter":1,"key":"HudDSvDipFIEnK6BaL1gLRY6qihJbAR+WDXbHOJwLE4="},"chainType":1,"messageKeys":{}}},"pendingPreKey":{"signedKeyId":1,"baseKey":"Be/OE9DFp/vt5v3UYl4D1dqE+H3f6D8aESUwOaLo0OxH","preKeyId":53}},"BVxx/ZsKRd3l5V0WkJsnJy95D6gFDb1tmAunyBUMsUt9":{"registrationId":2041041783,"currentRatchet":{"ephemeralKeyPair":{"pubKey":"BfFDQrt6gvYpJlcY2+6/9/1w57b1OeJge20uN4aVjuVJ","privKey":"4Mb2G2xr81yyJn57VNfYwP1u+rwsSrubBG9oE7zbAGE="},"lastRemoteEphemeralKey":"BXiDN1GWgUWKuBEJTPbUiC9KBjABwZMdNmvdaMXmgsBW","previousCounter":0,"rootKey":"FclaPF6OEw1qI0ZqJevoAg28ZLI3F++J53yXHOJYrVY="},"indexInfo":{"baseKey":"BVxx/ZsKRd3l5V0WkJsnJy95D6gFDb1tmAunyBUMsUt9","baseKeyType":1,"closed":1756289241898,"used":1756289241734,"created":1756289241734,"remoteIdentityKey":"BfuZ7knGHOseR/t6WD+6sLGpWA4P8HzFMIWw0VrBhMYP"},"_chains":{"BfFDQrt6gvYpJlcY2+6/9/1w57b1OeJge20uN4aVjuVJ":{"chainKey":{"counter":-1,"key":"I/H03sJXcwBUhn+5pdWcO3dqdE8BItQC0Iu3wgBEgXQ="},"chainType":1,"messageKeys":{}}},"pendingPreKey":{"signedKeyId":1,"baseKey":"BVxx/ZsKRd3l5V0WkJsnJy95D6gFDb1tmAunyBUMsUt9","preKeyId":65}},"BfBdXDSwOFcY4qBJK/VaHTYVtEC0Im630vNzJHdghQ5R":{"registrationId":2041041783,"currentRatchet":{"ephemeralKeyPair":{"pubKey":"BQ3dX4fwPnd9dCLh/V6s8FXmvmawR3lRrRgH0pAhXwZg","privKey":"WN3s2AXK2iF97hTaqTK9Qqd1CT86tRjZipLXofIk0Wk="},"lastRemoteEphemeralKey":"BXiDN1GWgUWKuBEJTPbUiC9KBjABwZMdNmvdaMXmgsBW","previousCounter":0,"rootKey":"4G4deM8/ki3TQroKU4oLn2Qwb+RNJEp0DvMmmSFzlc8="},"indexInfo":{"baseKey":"BfBdXDSwOFcY4qBJK/VaHTYVtEC0Im630vNzJHdghQ5R","baseKeyType":1,"closed":-1,"used":1756289241897,"created":1756289241897,"remoteIdentityKey":"BfuZ7knGHOseR/t6WD+6sLGpWA4P8HzFMIWw0VrBhMYP"},"_chains":{"BQ3dX4fwPnd9dCLh/V6s8FXmvmawR3lRrRgH0pAhXwZg":{"chainKey":{"counter":3,"key":"EjrAV2AmWMMVweu0wnhxLcMXqehY/nuStrOpQIlcoiM="},"chainType":1,"messageKeys":{}}},"pendingPreKey":{"signedKeyId":1,"baseKey":"BfBdXDSwOFcY4qBJK/VaHTYVtEC0Im630vNzJHdghQ5R","preKeyId":72}}},"version":"v1"}