{"_sessions":{"BWMfqZ7s12ItyRFCPvajH/ohWKTK/Qo9umPSF9ik1FR2":{"registrationId":957391615,"currentRatchet":{"ephemeralKeyPair":{"pubKey":"BZo9C9YLT6nwPzgXtPqi5hqD8SebRFChiTt6ADwLtts2","privKey":"gHx/4mfgnBQAqev8jDbjUYltfc3IrNGqOd7cl6oFo08="},"lastRemoteEphemeralKey":"BUJZDto1Pq9YAXEdM/cA2biTpm8LTWa51/HaB0E+BoES","previousCounter":0,"rootKey":"xdFb8tjXWnsFDBIqTrksfMZ18szNeXYbCgDcRZyceMc="},"indexInfo":{"baseKey":"BWMfqZ7s12ItyRFCPvajH/ohWKTK/Qo9umPSF9ik1FR2","baseKeyType":1,"closed":-1,"used":1756158052640,"created":1756158052640,"remoteIdentityKey":"BYGZPYMVVgy6ifKmSjGMqOeKDDesjD8GO/9kjPzPfY4B"},"_chains":{"BZo9C9YLT6nwPzgXtPqi5hqD8SebRFChiTt6ADwLtts2":{"chainKey":{"counter":5,"key":"5qHd4mhFhrOWeXNafaj+y5O3ZcUtNwrfAsc+km6fAyc="},"chainType":1,"messageKeys":{}}},"pendingPreKey":{"signedKeyId":4,"baseKey":"BWMfqZ7s12ItyRFCPvajH/ohWKTK/Qo9umPSF9ik1FR2","preKeyId":3998604}}},"version":"v1"}