{"_sessions":{"BSHZrLbi1uzx2lGv0RoTldY72fR16opcDtec2ctAT3Qo":{"registrationId":985672481,"currentRatchet":{"ephemeralKeyPair":{"pubKey":"BfcXRIA5DH1uSMBQ65iD8lo0kRvsRr11ieXM9zT1g7oI","privKey":"sGXnXN9pO3s0Kd1nLSvGm4f5ssnxQ4J2XvkNCnx6wFE="},"lastRemoteEphemeralKey":"BT2jPCm5+d8bNGBtJEX4PGh0w5PtPf5MVmKPbpcLcPMY","previousCounter":0,"rootKey":"IKfAZMnZImi21GQouhKRicn5BkLRbI6NcVIiLq9YN3I="},"indexInfo":{"baseKey":"BSHZrLbi1uzx2lGv0RoTldY72fR16opcDtec2ctAT3Qo","baseKeyType":1,"closed":-1,"used":1756158052433,"created":1756158052433,"remoteIdentityKey":"Bas7au5SL4GWd9eLb6Q9fBV90erJjxdJJCOvmFmKGkkE"},"_chains":{"BfcXRIA5DH1uSMBQ65iD8lo0kRvsRr11ieXM9zT1g7oI":{"chainKey":{"counter":5,"key":"xKO+1+J/bmeebN6/s/wTCdyNQivZ/R4CZNegy5QYC1Q="},"chainType":1,"messageKeys":{}}},"pendingPreKey":{"signedKeyId":2,"baseKey":"BSHZrLbi1uzx2lGv0RoTldY72fR16opcDtec2ctAT3Qo","preKeyId":16435538}}},"version":"v1"}