{"_sessions":{"BRAZTnmd+3De/sHTh5z+D6mAkpk4Aetc32Zm/MCjGkpi":{"registrationId":2122561884,"currentRatchet":{"ephemeralKeyPair":{"pubKey":"BZfxG00POkQxIvj8LbWKtwVML8gJF5vS28MVf6pB3Zl0","privKey":"+G0emGM0J6RapPZy6lCmctYk31WtrJrD0VSQWM6+7lg="},"lastRemoteEphemeralKey":"BSEM/cVcHD96v/sJM5SQGoCLHhu8NNOhwzeJEPY26m8g","previousCounter":0,"rootKey":"u15jeuyNelvJ0pZAI0/bOad45YsEw55wvYvpRLaT/Tc="},"indexInfo":{"baseKey":"BRAZTnmd+3De/sHTh5z+D6mAkpk4Aetc32Zm/MCjGkpi","baseKeyType":1,"closed":-1,"used":1756158052584,"created":1756158052584,"remoteIdentityKey":"BV+L9cPUx48RmTvkmfnBKoEJ+x4RuskFnDDXmTpge+Nd"},"_chains":{"BZfxG00POkQxIvj8LbWKtwVML8gJF5vS28MVf6pB3Zl0":{"chainKey":{"counter":5,"key":"oFjpbBG9wQRSWJwpEgYChhSyVQ4II/XufBC2REHgGqE="},"chainType":1,"messageKeys":{}}},"pendingPreKey":{"signedKeyId":13,"baseKey":"BRAZTnmd+3De/sHTh5z+D6mAkpk4Aetc32Zm/MCjGkpi","preKeyId":16291605}}},"version":"v1"}