{"_sessions":{"BawvZAcmkeSl7mCMrdFBjX8uYQuYxL3hzf65X7eQjOMn":{"registrationId":1380948291,"currentRatchet":{"ephemeralKeyPair":{"pubKey":"BVgROAV8iBOGqfzjE30UPgpmCHAGqIGlpt0MRn7XSLcJ","privKey":"aFUK2pgxTnPUD2KfD9JEfsf9jU2CRgJ0hrgUz1Gmr0Q="},"lastRemoteEphemeralKey":"BUFpy1I0IUyB0QgwKmZc4Q4aaA+8R/m7W3RTiUV+vFBr","previousCounter":0,"rootKey":"Bd8CCsPMgNU7ce4c9voGZB/67p5rekJ2215kyEEc/og="},"indexInfo":{"baseKey":"BawvZAcmkeSl7mCMrdFBjX8uYQuYxL3hzf65X7eQjOMn","baseKeyType":1,"closed":-1,"used":1756158052298,"created":1756158052298,"remoteIdentityKey":"BQ+FNyieZKd9v3RZwCiIxLNfEXSb3xKRWnnUATrM+ntB"},"_chains":{"BVgROAV8iBOGqfzjE30UPgpmCHAGqIGlpt0MRn7XSLcJ":{"chainKey":{"counter":5,"key":"mJrmm/xQY5S1nO+ttv/AASc1MWc/RQJHSx+EEh9SLKI="},"chainType":1,"messageKeys":{}}},"pendingPreKey":{"signedKeyId":1,"baseKey":"BawvZAcmkeSl7mCMrdFBjX8uYQuYxL3hzf65X7eQjOMn","preKeyId":1266}}},"version":"v1"}