{"_sessions":{"BVoHjB/ut5/IMTUtdqbrct+uCBwS1BOCCe9s1X3AS8Iv":{"registrationId":1624394448,"currentRatchet":{"ephemeralKeyPair":{"pubKey":"BXHW2YWn1dJmTx48FPrs4pjXaqroCUXSjTibLKOYX/o9","privKey":"6PaubtF24gRXKOn5KlMfxGg0GWkGdOE7H/Y65k/hW3I="},"lastRemoteEphemeralKey":"BXH+4MnLdNhehb5IdabLfcuYR/Lb1+4k06lFrSX5vqw7","previousCounter":0,"rootKey":"pyQRr4GwMrEZw40W7ehZ21a9/APfH9FbX/76A50zARs="},"indexInfo":{"baseKey":"BVoHjB/ut5/IMTUtdqbrct+uCBwS1BOCCe9s1X3AS8Iv","baseKeyType":1,"closed":-1,"used":1756158052519,"created":1756158052519,"remoteIdentityKey":"BU3XDLH9mqGOM1OmM/o2RxM+vG8hJqmi2NZQyfhshmEY"},"_chains":{"BXHW2YWn1dJmTx48FPrs4pjXaqroCUXSjTibLKOYX/o9":{"chainKey":{"counter":5,"key":"G8vByhrvgux4T+8Gx9JBv3z5cmsP1GAKm1S+kBkGhIk="},"chainType":1,"messageKeys":{}}},"pendingPreKey":{"signedKeyId":13621934,"baseKey":"BVoHjB/ut5/IMTUtdqbrct+uCBwS1BOCCe9s1X3AS8Iv","preKeyId":4142}}},"version":"v1"}