{"_sessions":{"BVHBGJ8yBHpXV5Wqap3OH7r4vtl9lgWHTqKfW2evFQZe":{"registrationId":663871854,"currentRatchet":{"ephemeralKeyPair":{"pubKey":"BVQMQckTno8gjLBG+aF7+jF8IqruNzTg+l9PT82zaaxt","privKey":"+KA9niasp9uxFD6wkZollTaiXCf+4nftuQvhY7p9ZXQ="},"lastRemoteEphemeralKey":"BVemBXqGx6JoGmHvsbjrQXOqMeUeW8f5l/qGAU1fjg1r","previousCounter":0,"rootKey":"OcJ7EnEQyPS5Lf4kV7ii2QfDmZyNp35NlYhGk/MswzY="},"indexInfo":{"baseKey":"BVHBGJ8yBHpXV5Wqap3OH7r4vtl9lgWHTqKfW2evFQZe","baseKeyType":1,"closed":-1,"used":1756158052581,"created":1756158052581,"remoteIdentityKey":"BdDSWPaUGOg3KBCSFpOYIW43rj3JA6JwnSDxU+clTbgw"},"_chains":{"BVQMQckTno8gjLBG+aF7+jF8IqruNzTg+l9PT82zaaxt":{"chainKey":{"counter":5,"key":"O5uer/p3ZBBDQRF35OQ7/OPiS955PrrEflRTDK7F/mo="},"chainType":1,"messageKeys":{}}},"pendingPreKey":{"signedKeyId":30,"baseKey":"BVHBGJ8yBHpXV5Wqap3OH7r4vtl9lgWHTqKfW2evFQZe","preKeyId":10136260}}},"version":"v1"}