{"_sessions":{"BaDOSdjae+DgGmjW/abxsUB7yweiawIVDNqfprW+L9AO":{"registrationId":1931836861,"currentRatchet":{"ephemeralKeyPair":{"pubKey":"BV/+HZqvxkbDh27cp573QPtBhhCE2O1fRu3PLj4dFctl","privKey":"AGM++mb0IJUfYwzigiUzFNCH+dero4Ac4vAuW5dUi1Q="},"lastRemoteEphemeralKey":"BTbDgZ+F047576GIB/2xZnHrpnOtF2aVPs6nacNxookb","previousCounter":0,"rootKey":"XoXEHRt/AZFWTwwOsVccLrcEZaXsn260PgoYoGnNT+o="},"indexInfo":{"baseKey":"BaDOSdjae+DgGmjW/abxsUB7yweiawIVDNqfprW+L9AO","baseKeyType":1,"closed":-1,"used":1756158052453,"created":1756158052453,"remoteIdentityKey":"BeSjAXNXNiEVpc7e9ufYj5E93iTOGKHtp05/SYUdQrVJ"},"_chains":{"BV/+HZqvxkbDh27cp573QPtBhhCE2O1fRu3PLj4dFctl":{"chainKey":{"counter":5,"key":"grsnTrpcdojqDoxl79HAd2paiJbD3vtMI76LRYyBxhU="},"chainType":1,"messageKeys":{}}},"pendingPreKey":{"signedKeyId":33,"baseKey":"BaDOSdjae+DgGmjW/abxsUB7yweiawIVDNqfprW+L9AO","preKeyId":9461498}}},"version":"v1"}