{"_sessions":{"BTdqD5T/OH9ihmbRAQn7CqbPN45YIb0Q4XLv8XAsHCNk":{"registrationId":1352134762,"currentRatchet":{"ephemeralKeyPair":{"pubKey":"Bfhm3f+R9GkjCT5nfKPM+rU/jTb281N3AIXKNDhhFmN+","privKey":"EJwKyPfpmFPlXesAsD75PwIuHLlYuhWZWIGYvhv312I="},"lastRemoteEphemeralKey":"BUcS8cv3ZiK4Vkx9IVDgatSPpQS+Fc1lr5NbxOeKK3do","previousCounter":2,"rootKey":"/9POUK4gpVBMNimD/wrfLUEVDCYNimlGCLSfpgRVlpY="},"indexInfo":{"baseKey":"BTdqD5T/OH9ihmbRAQn7CqbPN45YIb0Q4XLv8XAsHCNk","baseKeyType":1,"closed":-1,"used":1756371149970,"created":1756370704779,"remoteIdentityKey":"BaurzXdMsGsIRHjAFxmEUNQNlw2Rj4mlRg9Au2g1hlYo"},"_chains":{"BUcS8cv3ZiK4Vkx9IVDgatSPpQS+Fc1lr5NbxOeKK3do":{"chainKey":{"counter":1,"key":"M8PsrtAMOw9OheaoHhWsiQ4rTHTkqlgmijAbgDlgY5E="},"chainType":2,"messageKeys":{}},"Bfhm3f+R9GkjCT5nfKPM+rU/jTb281N3AIXKNDhhFmN+":{"chainKey":{"counter":0,"key":"Hvc7m/z17rzrW9UP0FJ67aZE/35ybHOYlhtu4taim8g="},"chainType":1,"messageKeys":{}}}}},"version":"v1"}