{"_sessions":{"BdoXmYg6iWMqbfL0qhFK/uCpN8LTxKYz8TfFwGIqTAlR":{"registrationId":1605096653,"currentRatchet":{"ephemeralKeyPair":{"pubKey":"BXowSdyZjEcn1T3DTi4hBeybp+z93ICaLi7bVweym6h4","privKey":"QJotwv/e70Gdb/r0ddUX2MgAQkz8enLW3C7HEDxgUFA="},"lastRemoteEphemeralKey":"BWqHIvF4TjaEEYCxZ7/r+gIXDJvWuhS1i4qvaAoh2fp5","previousCounter":0,"rootKey":"aC8g4VMP3HMd3MXIG17/StQlTN/QUjEFcMJWx7MLFGc="},"indexInfo":{"baseKey":"BdoXmYg6iWMqbfL0qhFK/uCpN8LTxKYz8TfFwGIqTAlR","baseKeyType":1,"closed":-1,"used":1756158052447,"created":1756158052447,"remoteIdentityKey":"BXIa6ZZSW2X1dHiu/p8GewKEakak41/B+lqX86mAjtJF"},"_chains":{"BXowSdyZjEcn1T3DTi4hBeybp+z93ICaLi7bVweym6h4":{"chainKey":{"counter":5,"key":"YZNWH72FWZROtqG1ie25H0d6lhQ+9oB/RxlUhwERUkw="},"chainType":1,"messageKeys":{}}},"pendingPreKey":{"signedKeyId":8,"baseKey":"BdoXmYg6iWMqbfL0qhFK/uCpN8LTxKYz8TfFwGIqTAlR","preKeyId":1241922}}},"version":"v1"}