{"_sessions":{"BZ7EvkC+guuJEa2eD9e/SPJI8oWdPhTuzF+bnePrO1xG":{"registrationId":1414767049,"currentRatchet":{"ephemeralKeyPair":{"pubKey":"BTc3oz37+rZWv11xaieWNns1AGfZbX7fSjL+tInWGTQA","privKey":"IJpH3DPrgiuYpG9HaDF6BVpciOZRDEkEQfFOqHsMcUM="},"lastRemoteEphemeralKey":"BS7DMzoYmgTPo2LQ3+PnCyYTYCrik2ztU+Z6lKk8Tp88","previousCounter":0,"rootKey":"L9u3ara+5QUfPqHFmkrQgeV/6RVENlUday8dsU2sd94="},"indexInfo":{"baseKey":"BZ7EvkC+guuJEa2eD9e/SPJI8oWdPhTuzF+bnePrO1xG","baseKeyType":1,"closed":-1,"used":1756158052429,"created":1756158052429,"remoteIdentityKey":"BXPODtTBlNhARwg2GHa1ZW6C3t8P4MQkTpj1UTNdpO5B"},"_chains":{"BTc3oz37+rZWv11xaieWNns1AGfZbX7fSjL+tInWGTQA":{"chainKey":{"counter":5,"key":"WG/c8gSRZM8HiZEqCtsGU5/cuO8jz2wSyVDRCbb3wV8="},"chainType":1,"messageKeys":{}}},"pendingPreKey":{"signedKeyId":13,"baseKey":"BZ7EvkC+guuJEa2eD9e/SPJI8oWdPhTuzF+bnePrO1xG","preKeyId":12614542}}},"version":"v1"}