{"_sessions":{"Bfud6VRg38NBXFlsRbH5/pjKrdyrlYytOsf+s5V2WAkL":{"registrationId":13887,"currentRatchet":{"ephemeralKeyPair":{"pubKey":"BZm+xWTyRham7qO6ZP70Yg0WfP0MfdpUlTIAv5aYvnlS","privKey":"iJnFdSXdCtftg2NJxV0vtUDoh3TLY8HIb8acxofjdns="},"lastRemoteEphemeralKey":"BYvmNP5hqvYEnQvM2XFy5PYhpt0p2nANYqSGtpjA7DAF","previousCounter":0,"rootKey":"qpBX4TJpn8uecOg6bAkvKUnf4sz8XsIBxETMACC9J7c="},"indexInfo":{"baseKey":"Bfud6VRg38NBXFlsRbH5/pjKrdyrlYytOsf+s5V2WAkL","baseKeyType":1,"closed":-1,"used":1756244447256,"created":1756244447256,"remoteIdentityKey":"Bbc2ZOe7h5uTUfr9gK8hSNKty0w6Q3lJA1sBvQBlnkJx"},"_chains":{"BZm+xWTyRham7qO6ZP70Yg0WfP0MfdpUlTIAv5aYvnlS":{"chainKey":{"counter":4,"key":"8L02qAjY0LJ4fgJkk/undv0qhXq+AUSSUpMELJ+YFds="},"chainType":1,"messageKeys":{}}},"pendingPreKey":{"signedKeyId":1,"baseKey":"Bfud6VRg38NBXFlsRbH5/pjKrdyrlYytOsf+s5V2WAkL","preKeyId":708}}},"version":"v1"}