{"_sessions":{"BQletreKNrghERS0vg4k3DkGU/Ib08+V3M78nf6KZ+cg":{"registrationId":729627262,"currentRatchet":{"ephemeralKeyPair":{"pubKey":"BVhYKv2nnVDZ/xYnqmBKuAFthUQnZG1jfGN+QuuCk08l","privKey":"cIQXVvc+68TH3pwkFmQ7LO+dnvHwMWtEgz2yQ4hlElU="},"lastRemoteEphemeralKey":"Bdq+KvWQGJaugyKxE6CFr0NX7RGDCsRMemn67mKJ9HIY","previousCounter":0,"rootKey":"GCSXfPXD7EgTysMCtYE2VakobgBGhSjjAXLea5MuLy0="},"indexInfo":{"baseKey":"BQletreKNrghERS0vg4k3DkGU/Ib08+V3M78nf6KZ+cg","baseKeyType":1,"closed":1756299440394,"used":1756158052260,"created":1756158052260,"remoteIdentityKey":"BaxWPiQneLokHrnAX1e3SJPyAwsAicJgScNnN1w2wXln"},"_chains":{"BVhYKv2nnVDZ/xYnqmBKuAFthUQnZG1jfGN+QuuCk08l":{"chainKey":{"counter":2,"key":"Kc1m/yQ/LH5xTzxrBYM/pJur+amKHxWfNMf9Zj7Fc90="},"chainType":1,"messageKeys":{}}},"pendingPreKey":{"signedKeyId":37,"baseKey":"BQletreKNrghERS0vg4k3DkGU/Ib08+V3M78nf6KZ+cg","preKeyId":1624}},"Be1MeUgOus+qV1DIzqFbc11PbgsMloL6UVv4SatHX8l+":{"registrationId":729627262,"currentRatchet":{"ephemeralKeyPair":{"pubKey":"Bb6az+BHpvobYKxcTEtnmyye+Syj1i3ZOQ5BNoH6Q5VS","privKey":"+L6Sakb262eclZ0btRC503h6xTOmQUmCKwkAo3K7kGs="},"lastRemoteEphemeralKey":"Bdq+KvWQGJaugyKxE6CFr0NX7RGDCsRMemn67mKJ9HIY","previousCounter":0,"rootKey":"gawZ+Bh+ajI+VPzPtIJKoTwljzL/bfNt+D/CpGYoO4c="},"indexInfo":{"baseKey":"Be1MeUgOus+qV1DIzqFbc11PbgsMloL6UVv4SatHX8l+","baseKeyType":1,"closed":-1,"used":1756299440389,"created":1756299440389,"remoteIdentityKey":"BaxWPiQneLokHrnAX1e3SJPyAwsAicJgScNnN1w2wXln"},"_chains":{"Bb6az+BHpvobYKxcTEtnmyye+Syj1i3ZOQ5BNoH6Q5VS":{"chainKey":{"counter":2,"key":"zrsn3ro1wDAJWKsUSF6+5LShL7LXWPVMDRB86zobymU="},"chainType":1,"messageKeys":{}}},"pendingPreKey":{"signedKeyId":37,"baseKey":"Be1MeUgOus+qV1DIzqFbc11PbgsMloL6UVv4SatHX8l+","preKeyId":1635}}},"version":"v1"}