{"_sessions":{"BSAPBy0iVPupkTo5iB9jebGk2BWdxBJu9Ih62bVtzYp1":{"registrationId":354779049,"currentRatchet":{"ephemeralKeyPair":{"pubKey":"BeacyI/JyySgdhr+kdEPvQbcWtCyVwDWRo0BteBx4zlo","privKey":"iHTd5WT6oE3nQ+rrs/cfzFoZ4UOvYgFw0l/RRbZiw2Q="},"lastRemoteEphemeralKey":"BS/MleXQemJiYenPJLjuPAeLgt1kwrPsZk5McxocntpB","previousCounter":0,"rootKey":"I0g3kxflfV9/BWt7VH2Si1P13CMmpkH+4GB60qUyPoA="},"indexInfo":{"baseKey":"BSAPBy0iVPupkTo5iB9jebGk2BWdxBJu9Ih62bVtzYp1","baseKeyType":1,"closed":-1,"used":1756158052593,"created":1756158052593,"remoteIdentityKey":"BTUKIcUBWHA9sW1j3zFY9SHh7mmG2r7Ah6REUHJjBb1W"},"_chains":{"BeacyI/JyySgdhr+kdEPvQbcWtCyVwDWRo0BteBx4zlo":{"chainKey":{"counter":5,"key":"i3rhwYMDYq7iRzg0wyrJeJnfw4m/ilz8EapGK4o3Sk8="},"chainType":1,"messageKeys":{}}},"pendingPreKey":{"signedKeyId":20,"baseKey":"BSAPBy0iVPupkTo5iB9jebGk2BWdxBJu9Ih62bVtzYp1","preKeyId":16633612}}},"version":"v1"}