{"_sessions":{"BQbZ6pL+gLn1mWS9p5zAoysqV3uuVSzk62oiwm2ZL/Nb":{"registrationId":59797207,"currentRatchet":{"ephemeralKeyPair":{"pubKey":"BfEXpY7ikLOTrQwLHMxLlhYj66iQOVK3EGHjPSuHA79o","privKey":"GMJMQklhmBuXcPxzq8D0/5E6AcQplTAKsmzVO7BB2mI="},"lastRemoteEphemeralKey":"BeSMiyEjmXeCfA0R8YNEz1LaS5Gs/gAKPb7YSD8MV8sO","previousCounter":0,"rootKey":"hjTgBBa/isYOKDDZFAmiiP8TaolISHnkNj2D8fJkVYw="},"indexInfo":{"baseKey":"BQbZ6pL+gLn1mWS9p5zAoysqV3uuVSzk62oiwm2ZL/Nb","baseKeyType":1,"closed":-1,"used":1756158052603,"created":1756158052603,"remoteIdentityKey":"BS+bWoago5gbczzZz1f6DHigkWCIEEcjnImCErb31Idg"},"_chains":{"BfEXpY7ikLOTrQwLHMxLlhYj66iQOVK3EGHjPSuHA79o":{"chainKey":{"counter":5,"key":"Teu229SKZEH51bpgDgb+6+fTfgdnPo/J0+gMZUzv18s="},"chainType":1,"messageKeys":{}}},"pendingPreKey":{"signedKeyId":32,"baseKey":"BQbZ6pL+gLn1mWS9p5zAoysqV3uuVSzk62oiwm2ZL/Nb","preKeyId":13292127}}},"version":"v1"}