{"_sessions":{"BcV+Sxb2QMo5BRQwDWMnalmRtEETgsIkrtITT71OZFZp":{"registrationId":213129268,"currentRatchet":{"ephemeralKeyPair":{"pubKey":"BczpGuW19TVWDaZHMSO8PgxQpTPcVXVEBJGG0ZTa0/Q+","privKey":"wO/sM2wGu4Q2DRTPPHrWfjywnM3tiVEIYVcY39imknc="},"lastRemoteEphemeralKey":"BaZblwiqiiun63Wvv50CDf9yAmI9XBEpf6YyMmKQUyVh","previousCounter":0,"rootKey":"PpmxgJh3DRQDVgT0qJiwTJuKAtVPI7nAmILKAYi+6Kw="},"indexInfo":{"baseKey":"BcV+Sxb2QMo5BRQwDWMnalmRtEETgsIkrtITT71OZFZp","baseKeyType":1,"closed":-1,"used":1756158052575,"created":1756158052575,"remoteIdentityKey":"Bb4XqUFHXkKxzz6TCp8zZvLwHaKXJPuo4V1rejwhgphu"},"_chains":{"BczpGuW19TVWDaZHMSO8PgxQpTPcVXVEBJGG0ZTa0/Q+":{"chainKey":{"counter":5,"key":"5fJDumZczvQHo5Te1Y3xCoS6aoJQtCNMFalAEC6DVKw="},"chainType":1,"messageKeys":{}}},"pendingPreKey":{"signedKeyId":1522639,"baseKey":"BcV+Sxb2QMo5BRQwDWMnalmRtEETgsIkrtITT71OZFZp","preKeyId":1606}}},"version":"v1"}