{"_sessions":{"BaeQk/d1Dz436uPdFU22L5nMZuF6XozwjReAvzlYhaRG":{"registrationId":187551554,"currentRatchet":{"ephemeralKeyPair":{"pubKey":"Bf1tD3yqUZiJoTNqpuI6UkgQWOXzdqbtZDidn+6r4U9v","privKey":"4BGxrDPrgYWOwNMnScrrvhgGwmQSEYCxt60YgGHfHGI="},"lastRemoteEphemeralKey":"BVv4UQh2NLSTCzFDGZfQRfJh1mIPKLaCs0jsxzAzmn55","previousCounter":0,"rootKey":"L0DtKixQogKwx53Zn2UrxVMfXjzwpSV8Vkngbu2S+vw="},"indexInfo":{"baseKey":"BaeQk/d1Dz436uPdFU22L5nMZuF6XozwjReAvzlYhaRG","baseKeyType":1,"closed":-1,"used":1756158052417,"created":1756158052417,"remoteIdentityKey":"BeXEkCIQ7n3TdMz9K8yFApoF3A/FW2607UvceJXAt/YE"},"_chains":{"Bf1tD3yqUZiJoTNqpuI6UkgQWOXzdqbtZDidn+6r4U9v":{"chainKey":{"counter":5,"key":"A2wIaXxXK1/t1eJd8PjWfWBAlV3SmZSgRo2QpvjcuIA="},"chainType":1,"messageKeys":{}}},"pendingPreKey":{"signedKeyId":1,"baseKey":"BaeQk/d1Dz436uPdFU22L5nMZuF6XozwjReAvzlYhaRG","preKeyId":10367985}}},"version":"v1"}