{"_sessions":{"BZaCJe6zm8S9x2TAtsHx7Wh1ouoP0JW9YE2C4a7yZWJq":{"registrationId":1391507573,"currentRatchet":{"ephemeralKeyPair":{"pubKey":"BTEFI47If2A19Pg7/OuItw4hwNZpXab7OEDeSFKqdN0K","privKey":"6PHm7zvPGnHtSYGPDcxnwqRhaO0INcnIKNBCOc86KVY="},"lastRemoteEphemeralKey":"BcRfMDq3Pa7FEQHIduqa+uu9/aqOcsSQ3lB0JWEZsdl+","previousCounter":0,"rootKey":"mFawf7hReHGniTcaLphZpxKP44GYXruiInIzqf4Gqtk="},"indexInfo":{"baseKey":"BZaCJe6zm8S9x2TAtsHx7Wh1ouoP0JW9YE2C4a7yZWJq","baseKeyType":1,"closed":-1,"used":1756158052597,"created":1756158052597,"remoteIdentityKey":"Be+Vg2cS4HjWgi7th1VA7yDAEfLe/TFcXBRhE7oBvG1P"},"_chains":{"BTEFI47If2A19Pg7/OuItw4hwNZpXab7OEDeSFKqdN0K":{"chainKey":{"counter":5,"key":"naph71C5Ezoq/kSnvhCzeWFLdVyTjspE6vzEh9U5rbc="},"chainType":1,"messageKeys":{}}},"pendingPreKey":{"signedKeyId":12992754,"baseKey":"BZaCJe6zm8S9x2TAtsHx7Wh1ouoP0JW9YE2C4a7yZWJq","preKeyId":3353}}},"version":"v1"}