{"_sessions":{"BdZYcYPt45/hUK/9nz2kNHXUVA+9t0a5CaPCGKg9zL9n":{"registrationId":113427747,"currentRatchet":{"ephemeralKeyPair":{"pubKey":"BYNndpyplyV1GMLoWIhpw/ac4OCwrgH2zBy7K6Rigz53","privKey":"AMF+xvoqEiJOBNvho3FrUlX9DrM/EyJIElWhy100s10="},"lastRemoteEphemeralKey":"BaFJMLHWUYuflnwUguI7an01h/Th2lE0BVQTVk6Q1wsz","previousCounter":0,"rootKey":"HqdGcrZIWqLgo6YJ0+3IpRUsIA0inp0rJ13YJhBP/k4="},"indexInfo":{"baseKey":"BdZYcYPt45/hUK/9nz2kNHXUVA+9t0a5CaPCGKg9zL9n","baseKeyType":1,"closed":-1,"used":1756158052688,"created":1756158052688,"remoteIdentityKey":"BRGvVVmUoPO/Mqu0HW+MRxZocfNgMafD608Sl9J5S29d"},"_chains":{"BYNndpyplyV1GMLoWIhpw/ac4OCwrgH2zBy7K6Rigz53":{"chainKey":{"counter":5,"key":"oTPHIJ958K1Yh2/Jv1aC2JC0xixiJwthYzYVSu/3Q2U="},"chainType":1,"messageKeys":{}}},"pendingPreKey":{"signedKeyId":14141838,"baseKey":"BdZYcYPt45/hUK/9nz2kNHXUVA+9t0a5CaPCGKg9zL9n","preKeyId":21505}}},"version":"v1"}