{"_sessions":{"BXSg1l2BYxmm/+7qh25nX7HoGt1kpIYJxeeV3JMalkYW":{"registrationId":252148642,"currentRatchet":{"ephemeralKeyPair":{"pubKey":"BSMXbuxBRyYphyAPZ+SP8x53liFip4SCnmr96FRxSRtb","privKey":"0LIgzcEfiuiHAMmqauttUJRfqpd/9iD9AJ9O04JX0ng="},"lastRemoteEphemeralKey":"BS+8J4IJcAi5iJ7lw2zheQkBFlN9tBjSsDVNTR0R4OIy","previousCounter":0,"rootKey":"zSG1lKxD8ZabGPXOps97MSxG7avRvDj5In/gsbMO3a4="},"indexInfo":{"baseKey":"BXSg1l2BYxmm/+7qh25nX7HoGt1kpIYJxeeV3JMalkYW","baseKeyType":1,"closed":-1,"used":1756158052431,"created":1756158052431,"remoteIdentityKey":"BVbwO4QFLfMH9H4yWDfrEJMGadDH/AR9IESVQX30DgkB"},"_chains":{"BSMXbuxBRyYphyAPZ+SP8x53liFip4SCnmr96FRxSRtb":{"chainKey":{"counter":5,"key":"7S7Xcp6u8KF7E6GcaWBWeOsbTdcpuwUJZikki5T8X8Y="},"chainType":1,"messageKeys":{}}},"pendingPreKey":{"signedKeyId":8307832,"baseKey":"BXSg1l2BYxmm/+7qh25nX7HoGt1kpIYJxeeV3JMalkYW","preKeyId":876}}},"version":"v1"}