{"_sessions":{"BbluskyJt2rXLynZZSjQw6rMdKtgDa8U0NMHxgM4n8lE":{"registrationId":2112481254,"currentRatchet":{"ephemeralKeyPair":{"pubKey":"BRDZjNGouBPUhBtsuQYvUF1FLeVVrebATkzabJgTSA8q","privKey":"yPpYDpbCD1m44yUI1YEwQEAPFYVG69qG39SK/xTDbmQ="},"lastRemoteEphemeralKey":"BYplzTusktJIqYJL91q7yxRT/EP+8GKmKkMXe7jIf7wp","previousCounter":0,"rootKey":"W1hsqc5AG0rBARYmDPXnDCykB62UNfPO2mbV2dWjAPI="},"indexInfo":{"baseKey":"BbluskyJt2rXLynZZSjQw6rMdKtgDa8U0NMHxgM4n8lE","baseKeyType":1,"closed":-1,"used":1756158052595,"created":1756158052595,"remoteIdentityKey":"BUlZgQOvvYZj0aTFoEbOHaQTB4WVPllJ5eo9Yi2JC9B+"},"_chains":{"BRDZjNGouBPUhBtsuQYvUF1FLeVVrebATkzabJgTSA8q":{"chainKey":{"counter":5,"key":"K3vFr9RvYU3Fu3caY4wtiq0Uje7+W9y5JF0+XoxnQP8="},"chainType":1,"messageKeys":{}}},"pendingPreKey":{"signedKeyId":3,"baseKey":"BbluskyJt2rXLynZZSjQw6rMdKtgDa8U0NMHxgM4n8lE","preKeyId":16774324}}},"version":"v1"}