{"_sessions":{"BQ+0TtXU5VWowRJZhmdgNkuO+2kkJrH8GnqW02lZKIQB":{"registrationId":2088251492,"currentRatchet":{"ephemeralKeyPair":{"pubKey":"Bdvse01s6VZ0odjHuWoVozlpHPC9nps/p+9ktodIul9J","privKey":"+NWWgycpfnkkXXKb9gK6s1XHScFBsG5qyHiW/wcydGQ="},"lastRemoteEphemeralKey":"BYFTRLKA31fQXVWz2TyXUZSjzruahAzlCDRu6n0ZaaMs","previousCounter":0,"rootKey":"hTobAu0f2h88IwHVejgVh48Z3uBkdCd0FfizBnWzVo4="},"indexInfo":{"baseKey":"BQ+0TtXU5VWowRJZhmdgNkuO+2kkJrH8GnqW02lZKIQB","baseKeyType":1,"closed":-1,"used":1756158052632,"created":1756158052632,"remoteIdentityKey":"BXO3kuepFEJ8ERP/0iUm2qRTzlOvE7SbX39ySQYqnGQ+"},"_chains":{"Bdvse01s6VZ0odjHuWoVozlpHPC9nps/p+9ktodIul9J":{"chainKey":{"counter":5,"key":"z4KHKBT8TgqQm0t+LrGNDKdd4B5gsllbDxe5tDcIGms="},"chainType":1,"messageKeys":{}}},"pendingPreKey":{"signedKeyId":40,"baseKey":"BQ+0TtXU5VWowRJZhmdgNkuO+2kkJrH8GnqW02lZKIQB","preKeyId":1469832}}},"version":"v1"}