{"_sessions":{"BeQV3306Wv0fmMRjncr6scoOj+zh0GeBVL3lmQYU9g8a":{"registrationId":1593631407,"currentRatchet":{"ephemeralKeyPair":{"pubKey":"Bfb0gAD0M5SkfQkXUQwh0YZnCN+7hVPxwzhMqSPHKg9n","privKey":"MIqXJAgVOOYpw8LxEFMJk+ZVeE/g0r7VSn1lxdq/dlc="},"lastRemoteEphemeralKey":"Bbhi6GZPZDgEOYg8EYs2uAjNFSlThv5oram6DnEf69c/","previousCounter":0,"rootKey":"HsXqJw7r/gLlOkZfrWH5jYZz/xHx1mv12ZrQegHGr0s="},"indexInfo":{"baseKey":"BeQV3306Wv0fmMRjncr6scoOj+zh0GeBVL3lmQYU9g8a","baseKeyType":1,"closed":1756309730209,"used":1756158052283,"created":1756158052283,"remoteIdentityKey":"Bci2xyTiI9OjyC8k5zw8SlEYH9+18LMJ3l20fTErk1Fm"},"_chains":{"Bfb0gAD0M5SkfQkXUQwh0YZnCN+7hVPxwzhMqSPHKg9n":{"chainKey":{"counter":3,"key":"hA93XltT0YUIOQahmHp/MTPXGbxdfC03F4r2IkE2P74="},"chainType":1,"messageKeys":{}}},"pendingPreKey":{"signedKeyId":50,"baseKey":"BeQV3306Wv0fmMRjncr6scoOj+zh0GeBVL3lmQYU9g8a","preKeyId":1511}},"BWvtmKD+fL5jh2DmNDpa7qJsi/eXOETqjndVE5+1R784":{"registrationId":1593631407,"currentRatchet":{"ephemeralKeyPair":{"pubKey":"BX19kTUmg6FVA47upBd4hmRvxntzLERBFQlIgkqZX/Rw","privKey":"IFMBpZFMkJ9wUmATi02g+9JFSvi70MnPljx3kAYmf2s="},"lastRemoteEphemeralKey":"Bbhi6GZPZDgEOYg8EYs2uAjNFSlThv5oram6DnEf69c/","previousCounter":0,"rootKey":"eryFDltcZg6KvI8XWGL1Gny04eEH69KsF5kJm2euhGM="},"indexInfo":{"baseKey":"BWvtmKD+fL5jh2DmNDpa7qJsi/eXOETqjndVE5+1R784","baseKeyType":1,"closed":1756309730328,"used":1756309730205,"created":1756309730205,"remoteIdentityKey":"Bci2xyTiI9OjyC8k5zw8SlEYH9+18LMJ3l20fTErk1Fm"},"_chains":{"BX19kTUmg6FVA47upBd4hmRvxntzLERBFQlIgkqZX/Rw":{"chainKey":{"counter":-1,"key":"58mSLLOVnx2qtbD73dhEh6fxP9WoYwWaEGv8G5ckKf8="},"chainType":1,"messageKeys":{}}},"pendingPreKey":{"signedKeyId":50,"baseKey":"BWvtmKD+fL5jh2DmNDpa7qJsi/eXOETqjndVE5+1R784","preKeyId":1573}},"BdKHAyJv6JY1/eAO7XyjTKhyzLYnxcI9W5YZH9YJJKdO":{"registrationId":1593631407,"currentRatchet":{"ephemeralKeyPair":{"pubKey":"BT8ueOaHpkYTmwlxq7J4y8kx2CWsc28bOn4uKzrqMFYV","privKey":"eDyjqEMnqGpE+hVyUHSet2dpeaADihVjp/x1Rg44g0g="},"lastRemoteEphemeralKey":"Bbhi6GZPZDgEOYg8EYs2uAjNFSlThv5oram6DnEf69c/","previousCounter":0,"rootKey":"NRveiHklgHNr43BZGgbsSGwzWpEtAo24aN4ep5exx8o="},"indexInfo":{"baseKey":"BdKHAyJv6JY1/eAO7XyjTKhyzLYnxcI9W5YZH9YJJKdO","baseKeyType":1,"closed":1756309730477,"used":1756309730325,"created":1756309730325,"remoteIdentityKey":"Bci2xyTiI9OjyC8k5zw8SlEYH9+18LMJ3l20fTErk1Fm"},"_chains":{"BT8ueOaHpkYTmwlxq7J4y8kx2CWsc28bOn4uKzrqMFYV":{"chainKey":{"counter":-1,"key":"/S0iTgCZ6oEExrfJUtZ546zZzifuTtr4HU35P2xdQUA="},"chainType":1,"messageKeys":{}}},"pendingPreKey":{"signedKeyId":50,"baseKey":"BdKHAyJv6JY1/eAO7XyjTKhyzLYnxcI9W5YZH9YJJKdO","preKeyId":1060}},"BV8LaoMsMMdV38xrK91SA5YWWhEuAaI2R/7dog5bbdgS":{"registrationId":1593631407,"currentRatchet":{"ephemeralKeyPair":{"pubKey":"BUVHqQrDltCfHJcLjlAlzN0Kxvza3OMP67CkpNcberoU","privKey":"0BXy71T9nCivNZ3PdgLzeL+Ag9cEXqBsLmsN+h+C4nE="},"lastRemoteEphemeralKey":"Bbhi6GZPZDgEOYg8EYs2uAjNFSlThv5oram6DnEf69c/","previousCounter":0,"rootKey":"sM275i+6q24em0vR3ECf5pZKVNCoh4GxfL4bKMfqpz0="},"indexInfo":{"baseKey":"BV8LaoMsMMdV38xrK91SA5YWWhEuAaI2R/7dog5bbdgS","baseKeyType":1,"closed":1756309730576,"used":1756309730475,"created":1756309730475,"remoteIdentityKey":"Bci2xyTiI9OjyC8k5zw8SlEYH9+18LMJ3l20fTErk1Fm"},"_chains":{"BUVHqQrDltCfHJcLjlAlzN0Kxvza3OMP67CkpNcberoU":{"chainKey":{"counter":-1,"key":"F2hW1RiXOebMFvNhNySxUaDOjbs5nJpEW9Ur3ueD+14="},"chainType":1,"messageKeys":{}}},"pendingPreKey":{"signedKeyId":50,"baseKey":"BV8LaoMsMMdV38xrK91SA5YWWhEuAaI2R/7dog5bbdgS","preKeyId":1630}},"BQFuI+WvPIlH+Go+bUtotwH+cf+0Kg1Fh/1anKsxDAl/":{"registrationId":1593631407,"currentRatchet":{"ephemeralKeyPair":{"pubKey":"BcHaJkvF8UH1Ql2Wb9L2kN8RHo0MjGtL4wiBxSKKf3lr","privKey":"uJPi6aHVnMhqo/sOaupDi8aAx4q1kl1Hyer5G2aAX0w="},"lastRemoteEphemeralKey":"Bbhi6GZPZDgEOYg8EYs2uAjNFSlThv5oram6DnEf69c/","previousCounter":0,"rootKey":"8fvYde1MX8o4uoUZJVQDvDomQqguiN1cvEVJsa/toso="},"indexInfo":{"baseKey":"BQFuI+WvPIlH+Go+bUtotwH+cf+0Kg1Fh/1anKsxDAl/","baseKeyType":1,"closed":-1,"used":1756309730575,"created":1756309730575,"remoteIdentityKey":"Bci2xyTiI9OjyC8k5zw8SlEYH9+18LMJ3l20fTErk1Fm"},"_chains":{"BcHaJkvF8UH1Ql2Wb9L2kN8RHo0MjGtL4wiBxSKKf3lr":{"chainKey":{"counter":1,"key":"4wpozldNV+sXhU2ABpkI24/azafYpG8RKgFGbZifTrI="},"chainType":1,"messageKeys":{}}},"pendingPreKey":{"signedKeyId":50,"baseKey":"BQFuI+WvPIlH+Go+bUtotwH+cf+0Kg1Fh/1anKsxDAl/","preKeyId":1054}}},"version":"v1"}