{"_sessions":{"BTvfl9dM1cV3JufOi+ff2Upw78cHJxAtT2AGkaUHsWdh":{"registrationId":1552595882,"currentRatchet":{"ephemeralKeyPair":{"pubKey":"BcN8EgeEVK+kQAMJlpgZ2bbr45sMNik2Kxo84UHfepck","privKey":"+E0rMv7D+yPRZ06DuWK58IIbQxQq7Ug9+usila7NAHw="},"lastRemoteEphemeralKey":"BbDynoPA7sHBdJDlWFUfX9xfqPjrCKVBgDI8gVH5fa4v","previousCounter":0,"rootKey":"uj6O7gj6vQtxt6WztE6193rTviAWkNG40RmmLsiPIxo="},"indexInfo":{"baseKey":"BTvfl9dM1cV3JufOi+ff2Upw78cHJxAtT2AGkaUHsWdh","baseKeyType":1,"closed":-1,"used":1756158052440,"created":1756158052440,"remoteIdentityKey":"BSBpzrTMXP8wecFHSoZSNhM5dnwrZFNCvf3Bvex7TZg3"},"_chains":{"BcN8EgeEVK+kQAMJlpgZ2bbr45sMNik2Kxo84UHfepck":{"chainKey":{"counter":5,"key":"GnOIBtrjA2ZL6ldN8l4d73EhF0DhzDLvblwLRh9viaw="},"chainType":1,"messageKeys":{}}},"pendingPreKey":{"signedKeyId":9570710,"baseKey":"BTvfl9dM1cV3JufOi+ff2Upw78cHJxAtT2AGkaUHsWdh","preKeyId":567}}},"version":"v1"}