{"_sessions":{"BQ8G7ffwEJDQrn4jO4nP5luHQRBvVSemT0Pe7T6pGUAP":{"registrationId":134715622,"currentRatchet":{"ephemeralKeyPair":{"pubKey":"BVl6QAPrfj9Z2j4WpAJArqHzNWkAvx2wxqYF76/srxwx","privKey":"uPFOMg3mATP8uRavj0q9FN9KjeQ36QxW73gwx9TXCmg="},"lastRemoteEphemeralKey":"BUNsTrxHdICGDmmBuzODbKTfvBwIWc69uxLmzRM5fqpO","previousCounter":0,"rootKey":"Jd60RnyYnbVYS8iLNWH+wfzjrTVukpfxwSxC7KhM3Iw="},"indexInfo":{"baseKey":"BQ8G7ffwEJDQrn4jO4nP5luHQRBvVSemT0Pe7T6pGUAP","baseKeyType":1,"closed":-1,"used":1756158052413,"created":1756158052413,"remoteIdentityKey":"BaVdQA5Pfr+qmbZT32mwBffrdbodhIxLboS4IpSIS3Zv"},"_chains":{"BVl6QAPrfj9Z2j4WpAJArqHzNWkAvx2wxqYF76/srxwx":{"chainKey":{"counter":5,"key":"0zGidKXUQzmUfQlXG8E0DtJFD8j7ysGL1YS6tlI0db8="},"chainType":1,"messageKeys":{}}},"pendingPreKey":{"signedKeyId":14,"baseKey":"BQ8G7ffwEJDQrn4jO4nP5luHQRBvVSemT0Pe7T6pGUAP","preKeyId":7761946}}},"version":"v1"}