{"_sessions":{"BW8uObBjveVhhGomlHqbQZG8CKX5AZ40yk162XpHM7J0":{"registrationId":1536848495,"currentRatchet":{"ephemeralKeyPair":{"pubKey":"BVM4Xf6OgdzNshZhuDqiYLaW1ca8eyWW+pUZrjlYFFoE","privKey":"CFzuwmAhgzHW/JqeEUz1vNx9/8s3UGXrUOG21Ze7cmY="},"lastRemoteEphemeralKey":"BRxyoGLb6d2ifPKK9ry8jjYmJ4VmtEIXGpSL7PftNLdy","previousCounter":0,"rootKey":"ds0fb7pykg4IFN3KTstmXR+ubvMCujzj30GAuYhZmBI="},"indexInfo":{"baseKey":"BW8uObBjveVhhGomlHqbQZG8CKX5AZ40yk162XpHM7J0","baseKeyType":1,"closed":-1,"used":1756158052605,"created":1756158052605,"remoteIdentityKey":"BbBbyf8PyLzD3rmlFLZQIYvBtvesa+1zarq8OdQIl3R9"},"_chains":{"BVM4Xf6OgdzNshZhuDqiYLaW1ca8eyWW+pUZrjlYFFoE":{"chainKey":{"counter":5,"key":"Dwu5iG2OjBXFB1r18TW03NdhBnZBJsok0SZb4YcIqyA="},"chainType":1,"messageKeys":{}}},"pendingPreKey":{"signedKeyId":6505980,"baseKey":"BW8uObBjveVhhGomlHqbQZG8CKX5AZ40yk162XpHM7J0","preKeyId":4019}}},"version":"v1"}