{"_sessions":{"BQ18SdwDStlPqRlAZPDESoZpPVm76qOYxbG/7tvfcnUr":{"registrationId":1753212739,"currentRatchet":{"ephemeralKeyPair":{"pubKey":"BQeBe/YkyBwmd7HoB7OTYOkc5arc/I+Fu7/VXx0Za4lT","privKey":"wKxG9nTkP+ixT9A3MXPSPcbV5xnHNLltS1A7GmLuUlw="},"lastRemoteEphemeralKey":"BVQrqfJHrXQTa3nvLCnOce1Fw556qBxw/CxSo3WQxQ8M","previousCounter":0,"rootKey":"io0MjBadlqqXF1IjTGuQL2c71HnsP/9+OVybWdXY784="},"indexInfo":{"baseKey":"BQ18SdwDStlPqRlAZPDESoZpPVm76qOYxbG/7tvfcnUr","baseKeyType":1,"closed":-1,"used":1756158052630,"created":1756158052630,"remoteIdentityKey":"BVQGPydQNpvQokRrS9RaIINwKdA2LEs+lojEuaPy5uB8"},"_chains":{"BQeBe/YkyBwmd7HoB7OTYOkc5arc/I+Fu7/VXx0Za4lT":{"chainKey":{"counter":5,"key":"GVCpyykqL+AYlb97hB66f/opNXtrsisPstPdbGqtgAs="},"chainType":1,"messageKeys":{}}},"pendingPreKey":{"signedKeyId":30,"baseKey":"BQ18SdwDStlPqRlAZPDESoZpPVm76qOYxbG/7tvfcnUr","preKeyId":12254550}}},"version":"v1"}