{"_sessions":{"BYvJOWAGJGw09nDQj/oKadtTYSf9+VP3hVLvHu73L7hS":{"registrationId":1415268842,"currentRatchet":{"ephemeralKeyPair":{"pubKey":"BapEH/DesGlGxRYePd3gI8mxAKnIpbxlMJ3xfP2MqNgl","privKey":"ADX92rp6P2UgeVFO0sVRY5StW8bVYDnessO5+WG0CEI="},"lastRemoteEphemeralKey":"BR6lbtbUvxceDTPmQmr/rt4oYLAH+v639qyboRtU2Y8Q","previousCounter":0,"rootKey":"SXcqwTORWnOSx83Q82wY9ZfD+SZcxa7p36VKUOwLIps="},"indexInfo":{"baseKey":"BYvJOWAGJGw09nDQj/oKadtTYSf9+VP3hVLvHu73L7hS","baseKeyType":2,"closed":1756489348701,"used":1756231546773,"created":1756158050984,"remoteIdentityKey":"BVMVphujbMblV+CFKKf6Ur4TKBim3ojIJ3zVIoL3dBwA"},"_chains":{"BcXAOOreYi9Q8oSg94CARQwVq2bacCo+jdMnsmaTSa4d":{"chainKey":{"counter":0},"chainType":2,"messageKeys":{}},"BR6lbtbUvxceDTPmQmr/rt4oYLAH+v639qyboRtU2Y8Q":{"chainKey":{"counter":0,"key":"ellxoThzv3ad0Yn3D6MelMNFEaPZnvWRey3PiRq70PY="},"chainType":2,"messageKeys":{}},"BapEH/DesGlGxRYePd3gI8mxAKnIpbxlMJ3xfP2MqNgl":{"chainKey":{"counter":3,"key":"W3Fd3qhUXJZBug9OBKr9EYOcx25c2IS/GdlBM1QxpsQ="},"chainType":1,"messageKeys":{}}}},"BSUmFZuk+jBkecxqRZJuFHxTLXbhdOcK5gCaZo8rZKJ5":{"registrationId":1208496728,"currentRatchet":{"ephemeralKeyPair":{"pubKey":"BSLv+UxwOLM4p5U5ywgtRGD8AoFe3tUuAjZ+5nzy/BoQ","privKey":"8Gyqfcxc4/ZTpy2y7aVGVcOdagXlraGnMQAm7Holjm4="},"lastRemoteEphemeralKey":"BZVyR8zNMlM2G7nWlR32nea3UZdHmNNEPwHWm9z2sis8","previousCounter":0,"rootKey":"N8gDPO8iIUIFRxlu/Dz3Dyt8LXdhMo7ymF+qG99k3OM="},"indexInfo":{"baseKey":"BSUmFZuk+jBkecxqRZJuFHxTLXbhdOcK5gCaZo8rZKJ5","baseKeyType":1,"closed":-1,"used":1756489348699,"created":1756489348699,"remoteIdentityKey":"BSWxbM7Mboey4xDVRxU4eIMOYSBcl0wYh2asfsPG3jo7"},"_chains":{"BSLv+UxwOLM4p5U5ywgtRGD8AoFe3tUuAjZ+5nzy/BoQ":{"chainKey":{"counter":0,"key":"Bk2HoFRbAeCTWPCFzcQaEhDWHRuydt4vSPUiz0SuLcU="},"chainType":1,"messageKeys":{}}},"pendingPreKey":{"signedKeyId":0,"baseKey":"BSUmFZuk+jBkecxqRZJuFHxTLXbhdOcK5gCaZo8rZKJ5","preKeyId":10276794}}},"version":"v1"}