{"_sessions":{"Bc4QxYGxwooB8Wa6UjRSt/r2I0t0a/1CpevFwIzcSU8q":{"registrationId":1295260627,"currentRatchet":{"ephemeralKeyPair":{"pubKey":"BQxZii6xlLM56WEYk7vn3pc51krfXGgMYcaaA4j2N4hL","privKey":"6HAUrIzOBi+pImjxQ2MwWciFGyJ+JgQq+cGspk9OF3Y="},"lastRemoteEphemeralKey":"BXsyh7zXXS97HPj69c87/Co25yKf8izlQXFhifqaxWIP","previousCounter":2,"rootKey":"k9RdD0IMPQmROwUDFuAltZFkh4m/vXFFJ+Raj1m3Oik="},"indexInfo":{"baseKey":"Bc4QxYGxwooB8Wa6UjRSt/r2I0t0a/1CpevFwIzcSU8q","baseKeyType":2,"closed":-1,"used":1756496236813,"created":1756153018953,"remoteIdentityKey":"BbLhCl9HVPk1o6deFwYggiz7T/rlUgs2fZuTQabQcIh2"},"_chains":{"BUwVeS8tvKaM1XkgQlB/AqCWKbQRwp09TuPYuJuctHAz":{"chainKey":{"counter":0},"chainType":2,"messageKeys":{}},"BYjWUKgmTm+G1BgYtPmLm26NUQwj3ds07+xhtvHKatoE":{"chainKey":{"counter":0},"chainType":2,"messageKeys":{}},"BcDPkj10P848bSZ0l5LU+t5xD6SdPNP1D0tLx7Tg44ok":{"chainKey":{"counter":0},"chainType":2,"messageKeys":{}},"BXsyh7zXXS97HPj69c87/Co25yKf8izlQXFhifqaxWIP":{"chainKey":{"counter":0,"key":"QLnzCaOupmeAePT/YKXlIj6GgwV1JgoMw/nW9ervBIQ="},"chainType":2,"messageKeys":{}},"BQxZii6xlLM56WEYk7vn3pc51krfXGgMYcaaA4j2N4hL":{"chainKey":{"counter":0,"key":"6CK55rvCJxtydS74t2jCZ0KioKR9RHGmHRWe9xvbyMM="},"chainType":1,"messageKeys":{}}}}},"version":"v1"}