{"_sessions":{"BUdDfxH0phTDgBTgR3qtWBIhIjt7D0iRECgErbIyKSBb":{"registrationId":900337022,"currentRatchet":{"ephemeralKeyPair":{"pubKey":"BXOo45lQOyMiiqwx83c9W/nfweT6a8rvV6lX/7PUNK4b","privKey":"6DrCU9a6pES2GwaZIe8/m8v/laFaq4zDX2A9+xlQ4lo="},"lastRemoteEphemeralKey":"BfZRE/0Pz5DhAcCbq8cZ0lattetYEnUXEvP/fs3tjRx7","previousCounter":0,"rootKey":"grZ5+nbrRyOwOAy3Jb8B5L6/yqY+CcVRBZzOTv2cock="},"indexInfo":{"baseKey":"BUdDfxH0phTDgBTgR3qtWBIhIjt7D0iRECgErbIyKSBb","baseKeyType":1,"closed":-1,"used":1756158052563,"created":1756158052563,"remoteIdentityKey":"BQu3+t9AhVg9MouxQAxoNWk/JnUt6BLDxIXWpNSiI6Ns"},"_chains":{"BXOo45lQOyMiiqwx83c9W/nfweT6a8rvV6lX/7PUNK4b":{"chainKey":{"counter":5,"key":"De73jj1EKM1jIV7kQgXsW2UUS0SGvsKKSDLvfB5A59s="},"chainType":1,"messageKeys":{}}},"pendingPreKey":{"signedKeyId":11615877,"baseKey":"BUdDfxH0phTDgBTgR3qtWBIhIjt7D0iRECgErbIyKSBb","preKeyId":3886}}},"version":"v1"}