{"_sessions":{"BerhreOsp6yBlzTEKbE6E5AdiRIYCWG0V5TNEGcw2PMz":{"registrationId":536461677,"currentRatchet":{"ephemeralKeyPair":{"pubKey":"BfzBPUEmTVFdU0T/rN/r3viUnrbmirXTuni+HbYOGz4I","privKey":"WGLQfJ7K0qaAKT/59ipYHbC9laBO+dLciT0zOh88x0Y="},"lastRemoteEphemeralKey":"BXzoW5HI7aM5i73TxTCbelru48CIrZK0stsSHhI7xd92","previousCounter":0,"rootKey":"HwHFsEfKfJC0Iv/azEKgDGWUYW5lJ/N91w0gvvS25oQ="},"indexInfo":{"baseKey":"BerhreOsp6yBlzTEKbE6E5AdiRIYCWG0V5TNEGcw2PMz","baseKeyType":1,"closed":-1,"used":1756158052591,"created":1756158052591,"remoteIdentityKey":"BWbk3TxuUCWMEgtKnmhIfUwkaYFnbLW+J7QdInezDEh/"},"_chains":{"BfzBPUEmTVFdU0T/rN/r3viUnrbmirXTuni+HbYOGz4I":{"chainKey":{"counter":5,"key":"EwQRDc8OJINLPCk9/2BzlZGqpCTbR8tSge4ZDYW9ll0="},"chainType":1,"messageKeys":{}}},"pendingPreKey":{"signedKeyId":6,"baseKey":"BerhreOsp6yBlzTEKbE6E5AdiRIYCWG0V5TNEGcw2PMz","preKeyId":7735686}}},"version":"v1"}