{"_sessions":{"BdiPh35mmHmbUDzn/nHYq+B8GnlcGvR9dyDTIs7ta4g6":{"registrationId":653775169,"currentRatchet":{"ephemeralKeyPair":{"pubKey":"BRDsDLjsMiK3yvxsqkF6M6jykVmA0KwHGZRktGHLQYth","privKey":"yEGk9zEpNXd8dAai/8+WHC0zy0f96qBL1wM8RJ+AZn0="},"lastRemoteEphemeralKey":"BdFYYmsFxRihYzCfP4ODjXodb/hnD06RTKSzGGREg4lr","previousCounter":1,"rootKey":"Tw5LewCW1EhtRD11dW94aBcIqHK0n0BduObdCsNXB5o="},"indexInfo":{"baseKey":"BdiPh35mmHmbUDzn/nHYq+B8GnlcGvR9dyDTIs7ta4g6","baseKeyType":1,"closed":-1,"used":1756231546498,"created":1756160728403,"remoteIdentityKey":"BQTOhDy3HufvBVy2YEEpZb+2QkInsvZ3oZWBL+UV/vZS"},"_chains":{"BdFYYmsFxRihYzCfP4ODjXodb/hnD06RTKSzGGREg4lr":{"chainKey":{"counter":0,"key":"/UYoms7KkiuHA8AOFAiPBkWeqYhSGBe/x7aDoOp+Eag="},"chainType":2,"messageKeys":{}},"BRDsDLjsMiK3yvxsqkF6M6jykVmA0KwHGZRktGHLQYth":{"chainKey":{"counter":4,"key":"pvGBVX1d2zifwrAr3wyFltQsBZotfB6FrYfK7jr9FFg="},"chainType":1,"messageKeys":{}}}}},"version":"v1"}