{"_sessions":{"BWG3V6h0iF7A0PjQrDZp5mxWevlWb0cgY6BH8DUX5oR8":{"registrationId":1204448812,"currentRatchet":{"ephemeralKeyPair":{"pubKey":"BQHGyGz+ihsOA/pZ1GhcYnp/+HH+oH0UK+EBeEVYS88q","privKey":"aEiq/++LJy2wk8rnkkqUhsEs1o1ZThqi7ykPwaqHO3c="},"lastRemoteEphemeralKey":"BbY75tvFVT9DEslyCim7dC5680R2ki8Ln/h+57uA1ucC","previousCounter":0,"rootKey":"Smjtm32Ni3CeSnqRasNR44Prq3UW1Og0zXtqEj/Z98o="},"indexInfo":{"baseKey":"BWG3V6h0iF7A0PjQrDZp5mxWevlWb0cgY6BH8DUX5oR8","baseKeyType":1,"closed":-1,"used":1756231546439,"created":1756158052443,"remoteIdentityKey":"BS2pKfuMW8J4qBjDHmSvQlfVgLsFMg12y3tv9t/Vf8hv"},"_chains":{"BbY75tvFVT9DEslyCim7dC5680R2ki8Ln/h+57uA1ucC":{"chainKey":{"counter":0,"key":"jZ8leontgqrI50TmMrGIvn5T6W8qNip7eNlYHh16TRM="},"chainType":2,"messageKeys":{}},"BQHGyGz+ihsOA/pZ1GhcYnp/+HH+oH0UK+EBeEVYS88q":{"chainKey":{"counter":4,"key":"RWuI8PNtv81WUHqUllxMS6Caq0g/YitUz9YSu34d0sk="},"chainType":1,"messageKeys":{}}}}},"version":"v1"}