{"_sessions":{"BVDmMU0JPBAhnU/nAxqVTG2XUljcZ/34akS6S7Zgv2Ix":{"registrationId":1082498483,"currentRatchet":{"ephemeralKeyPair":{"pubKey":"BRADOJzg5ipKLfKGb+tdmEorO89SNu0sUwG81XYN+NQi","privKey":"aNcMipYmcTr+Vv7XzmbIEOzkqH8gOAjmtHmYDlDFFXo="},"lastRemoteEphemeralKey":"BWb3xyu/j87LBVWxWLBdj1hETE8f1Le+qvhj/JN0AMtR","previousCounter":0,"rootKey":"kgpHEjIvfo9SmdQ6MaWFmi72PNWUed81iXyaxVrvaPU="},"indexInfo":{"baseKey":"BVDmMU0JPBAhnU/nAxqVTG2XUljcZ/34akS6S7Zgv2Ix","baseKeyType":1,"closed":-1,"used":1756158052404,"created":1756158052404,"remoteIdentityKey":"BXwMFh6LHNBXGmUQsG2gpfvgkwCcEpMBFGVL+B4+rKFi"},"_chains":{"BRADOJzg5ipKLfKGb+tdmEorO89SNu0sUwG81XYN+NQi":{"chainKey":{"counter":5,"key":"knLmbZIiaN1FGJ1xjPxHglHkt3QdA5Sigc2w9p2errU="},"chainType":1,"messageKeys":{}}},"pendingPreKey":{"signedKeyId":15,"baseKey":"BVDmMU0JPBAhnU/nAxqVTG2XUljcZ/34akS6S7Zgv2Ix","preKeyId":913131}}},"version":"v1"}