{"_sessions":{"Bc26FI138QvxxctnnL+vJSEDPG2Ux1SIwoLnV+lR/lxJ":{"registrationId":1271739561,"currentRatchet":{"ephemeralKeyPair":{"pubKey":"BRHhunwEaE5fi1pmX7d6txUfkXUaiaQpKtc/nNMiOPA6","privKey":"6Aawv9vkwiKKv0IRHKgS3mGhpyLSdD8f8eBoS16Rj1I="},"lastRemoteEphemeralKey":"BSmG4XB79f7ag30iJK5hfE650inGMkUnqpAOXC7EDlwe","previousCounter":0,"rootKey":"Tjt2DoHv/h0Pxg7Efmxj2WzypnnlclS8Syu5mxo5p+g="},"indexInfo":{"baseKey":"Bc26FI138QvxxctnnL+vJSEDPG2Ux1SIwoLnV+lR/lxJ","baseKeyType":1,"closed":-1,"used":1756158052455,"created":1756158052455,"remoteIdentityKey":"BRt/G5YFoniaAOwd7OZTjNyIzmC3Jv/2OTm7LxNKi7oi"},"_chains":{"BRHhunwEaE5fi1pmX7d6txUfkXUaiaQpKtc/nNMiOPA6":{"chainKey":{"counter":5,"key":"K+30tbLAnR1kpoxx/0Nmygs56n67gnqvx5P60z8Hs4A="},"chainType":1,"messageKeys":{}}},"pendingPreKey":{"signedKeyId":3241239,"baseKey":"Bc26FI138QvxxctnnL+vJSEDPG2Ux1SIwoLnV+lR/lxJ","preKeyId":34782}}},"version":"v1"}