{"_sessions":{"BaIAQT7W/a7pa50F4BHInVJtt4EoYad6QRiVxjVuhq9o":{"registrationId":410980287,"currentRatchet":{"ephemeralKeyPair":{"pubKey":"BUBbg4jYwZWdrguuNmYxDWmy8ZsNmlNTECtfPSyXooZ7","privKey":"uM/esoa3jaEmmj+Azery/I7oV/W4UWLWbR7HREUnPGQ="},"lastRemoteEphemeralKey":"BWe+NRAYvgdMEJQECI0HxL5cINOJ0GqFSdgkVBPTcrdI","previousCounter":0,"rootKey":"6qr+RxyYhL3sjtazMozHvZANc3jfXx0q65kpXTS2c3M="},"indexInfo":{"baseKey":"BaIAQT7W/a7pa50F4BHInVJtt4EoYad6QRiVxjVuhq9o","baseKeyType":2,"closed":-1,"used":1756158051357,"created":1756158051357,"remoteIdentityKey":"BfA1LwRaAhienn3Xnll1SUIaLUETcCXIkKZjfyxtjRJ1"},"_chains":{"BWe+NRAYvgdMEJQECI0HxL5cINOJ0GqFSdgkVBPTcrdI":{"chainKey":{"counter":0,"key":"esOkmfDO6X9bTG/jC8sDK5yJV5GiITM4Qcr48h8g1ko="},"chainType":2,"messageKeys":{}},"BUBbg4jYwZWdrguuNmYxDWmy8ZsNmlNTECtfPSyXooZ7":{"chainKey":{"counter":5,"key":"WQt5WYuj1bTBVYotJtDmvt+l4dkk+sZ9TuZU9VSL1A4="},"chainType":1,"messageKeys":{}}}}},"version":"v1"}