{"_sessions":{"BfQ0uLePHDyEOxJdSgFHNYkmtq/inGaz8eb5QSCBNb1q":{"registrationId":92207876,"currentRatchet":{"ephemeralKeyPair":{"pubKey":"BZc09kYbal2TbgIl1q2BAnl0peM/o1h2iSo5ccAVkvQ3","privKey":"8OeKPxsZqvcfi24kZjGN6X2E5vWy8vD501mQCLa0VmU="},"lastRemoteEphemeralKey":"Bf5X24X3x5gZ2CH/TDXCcfiohwDh+CbD98Tu6OOV4nNU","previousCounter":0,"rootKey":"ZMW4Hu3BOO5QwlADSrejAaqSdm7T/myHY3BtdHlZjEk="},"indexInfo":{"baseKey":"BfQ0uLePHDyEOxJdSgFHNYkmtq/inGaz8eb5QSCBNb1q","baseKeyType":1,"closed":-1,"used":1756158052588,"created":1756158052588,"remoteIdentityKey":"BRk3m2/48OL5q41T0bVjRGVCRwFhCM2/Y61OAZp6BnYe"},"_chains":{"BZc09kYbal2TbgIl1q2BAnl0peM/o1h2iSo5ccAVkvQ3":{"chainKey":{"counter":5,"key":"kV9+BwrQZtfJwLc2lo33N5Gs9px5j3XvcPpG8efux8Y="},"chainType":1,"messageKeys":{}}},"pendingPreKey":{"signedKeyId":38,"baseKey":"BfQ0uLePHDyEOxJdSgFHNYkmtq/inGaz8eb5QSCBNb1q","preKeyId":10369008}}},"version":"v1"}