{"_sessions":{"BUTolq6JX3/l8ZXfco6CCPMvBb0BbirdzYAyIiXvOvAT":{"registrationId":1359031530,"currentRatchet":{"ephemeralKeyPair":{"pubKey":"BdEoRkemUR6cI/QxFBNtHrU2hLz5rVUp/0MgFlTB0CUe","privKey":"UCaDiubEVrZpeMaRaTUYowJD6oOjmSW6KonJavgiRVs="},"lastRemoteEphemeralKey":"BYPtDoFuG4HhhTx4nB0EnW4VSHELN/qHg/fF/kpkJVpW","previousCounter":0,"rootKey":"espyeo1ZMrdMxNMLzaHEXsYieQKpe6z/uUS3S9BhrDo="},"indexInfo":{"baseKey":"BUTolq6JX3/l8ZXfco6CCPMvBb0BbirdzYAyIiXvOvAT","baseKeyType":1,"closed":-1,"used":1756158052403,"created":1756158052403,"remoteIdentityKey":"BbbXM3WF4wHAWPsI4w3YhUzsPNsjGny8D5JwMVuYyuRd"},"_chains":{"BdEoRkemUR6cI/QxFBNtHrU2hLz5rVUp/0MgFlTB0CUe":{"chainKey":{"counter":5,"key":"SLATXNieIgrOR0RJMVz/PPvYuRvN0ln3qMeCAl/diyY="},"chainType":1,"messageKeys":{}}},"pendingPreKey":{"signedKeyId":5,"baseKey":"BUTolq6JX3/l8ZXfco6CCPMvBb0BbirdzYAyIiXvOvAT","preKeyId":5604136}}},"version":"v1"}