{"_sessions":{"BaFuIUfY1WQV0Jjnzc7EP6VTo+kVh3pJ+Y2WM9BzAuhK":{"registrationId":581149822,"currentRatchet":{"ephemeralKeyPair":{"pubKey":"BT7LK1GDbbl/KJobUPGtyZl1fmSmn67X/5IaAZsKOIEJ","privKey":"KCQoJ7mOLlld04uec4c4plOR7kOsQQm3fBqwnshtuGI="},"lastRemoteEphemeralKey":"BRQ0fAfVmnP6wlL+BBliO/JZa62BiT2hbJ4rOCh+E9wq","previousCounter":0,"rootKey":"xSJJ6Y1o+H/Zt6Yg8+WyLhbXUVe5yR3k/QPdoW1zOE0="},"indexInfo":{"baseKey":"BaFuIUfY1WQV0Jjnzc7EP6VTo+kVh3pJ+Y2WM9BzAuhK","baseKeyType":1,"closed":-1,"used":1756158052420,"created":1756158052420,"remoteIdentityKey":"BdeHyajR/BOu1FFIfbMTRW7EG7VmuQWmpZJxEWGGlqtY"},"_chains":{"BT7LK1GDbbl/KJobUPGtyZl1fmSmn67X/5IaAZsKOIEJ":{"chainKey":{"counter":5,"key":"D8kjr/4FRUQ0MlfFjUcqCqGOfRrEfS+Sls/QiwFa2a8="},"chainType":1,"messageKeys":{}}},"pendingPreKey":{"signedKeyId":8,"baseKey":"BaFuIUfY1WQV0Jjnzc7EP6VTo+kVh3pJ+Y2WM9BzAuhK","preKeyId":9886614}}},"version":"v1"}