{"_sessions":{"BVGHk5ElA8Szz9xhfXYArNVQda1GKKSx7D7AE3AvHvpX":{"registrationId":9363,"currentRatchet":{"ephemeralKeyPair":{"pubKey":"BQckWpnzKy4EKZzIDqSEX4dyCgesoUcErG6wQaYS+CAm","privKey":"oEXKlAYKKcbfOl1PQ5RPWG5+4SoDvujMdh8cwNGiUEU="},"lastRemoteEphemeralKey":"BWxRXuGjcx3yUfW9db5qfdG8Dd84+K7/2jYozjlQ7KFo","previousCounter":0,"rootKey":"foVm3OgE+P8lc33jmCxYdQLUi2945h+qTaD930vVjaI="},"indexInfo":{"baseKey":"BVGHk5ElA8Szz9xhfXYArNVQda1GKKSx7D7AE3AvHvpX","baseKeyType":1,"closed":-1,"used":1756158052267,"created":1756158052267,"remoteIdentityKey":"BbB6uPM+aYU9dl+N2tFksEx4UJBOieDRCE194aYEpLc9"},"_chains":{"BQckWpnzKy4EKZzIDqSEX4dyCgesoUcErG6wQaYS+CAm":{"chainKey":{"counter":5,"key":"NdIqqzalJq9cl0RJZnBN9CaA66ozg07woTQ8FDQFd28="},"chainType":1,"messageKeys":{}}},"pendingPreKey":{"signedKeyId":117,"baseKey":"BVGHk5ElA8Szz9xhfXYArNVQda1GKKSx7D7AE3AvHvpX","preKeyId":5315}}},"version":"v1"}