{"_sessions":{"BdSXpYp58jAQwnjtQIAPJL0wht5YaTuY3z0xuNLgYy5z":{"registrationId":1731613574,"currentRatchet":{"ephemeralKeyPair":{"pubKey":"BT+NtWd6jxCNvHP4auoYcgZdczgPI5OygWNdC4xbnYBO","privKey":"6CRFz4kmasacvxcb0bnQBVQtwIwKH2pbhrSWESwdKX0="},"lastRemoteEphemeralKey":"BXWjxzdjTnnRLHvxoYxjijnYyF6B00egwcbagY4ZQvwI","previousCounter":0,"rootKey":"h/8tqBOwWaGyi6Wm5yMl3mfIXjTklWByqWtukPw+T18="},"indexInfo":{"baseKey":"BdSXpYp58jAQwnjtQIAPJL0wht5YaTuY3z0xuNLgYy5z","baseKeyType":1,"closed":-1,"used":1756158052536,"created":1756158052536,"remoteIdentityKey":"BeEjCXdBBjMazZGL1bcsoCWqIpfSIUuvm/Rf8NhFrOdw"},"_chains":{"BT+NtWd6jxCNvHP4auoYcgZdczgPI5OygWNdC4xbnYBO":{"chainKey":{"counter":5,"key":"D4qjhFeO7aMcaa777LroVZRHX4ZPXm7OZVKrHixo+jw="},"chainType":1,"messageKeys":{}}},"pendingPreKey":{"signedKeyId":10160559,"baseKey":"BdSXpYp58jAQwnjtQIAPJL0wht5YaTuY3z0xuNLgYy5z","preKeyId":3323}}},"version":"v1"}