{"_sessions":{"Bf9WDFVURSQPURyhjuGRc8gsqxn0WPxGBbCt8X5fQNw5":{"registrationId":796485159,"currentRatchet":{"ephemeralKeyPair":{"pubKey":"BUt5DqglplnGz+pVa+DMm4BPa6s/fKrHgvkD2CLiCFxC","privKey":"QInqzb3AvTxN+iqbWz4Ww2kDuXnhSlG+O6r/8wvRsVA="},"lastRemoteEphemeralKey":"BYXoFFd5irD58KdzaML1oTEIo4Qr7cLvYJHIVjVKuKEA","previousCounter":0,"rootKey":"lj4th/hpaeLIpmgpTELBEW8ITOp7Z39mpPSVm8QiPXk="},"indexInfo":{"baseKey":"Bf9WDFVURSQPURyhjuGRc8gsqxn0WPxGBbCt8X5fQNw5","baseKeyType":2,"closed":-1,"used":1756470205760,"created":1756470205760,"remoteIdentityKey":"BbBubw5tHFPYqXvxKVE0RGtFVa26llMGAQlbFaux3pYv"},"_chains":{"BYXoFFd5irD58KdzaML1oTEIo4Qr7cLvYJHIVjVKuKEA":{"chainKey":{"counter":4,"key":"3/UGlPwBaIaBSKd6YKsR6Se8XqnghDV32ppXgyPh8Fg="},"chainType":2,"messageKeys":{}},"BUt5DqglplnGz+pVa+DMm4BPa6s/fKrHgvkD2CLiCFxC":{"chainKey":{"counter":-1,"key":"EHlA/2rnsP12XoFmUnbCWbNHiQuOHsCmt3iCIpsZYns="},"chainType":1,"messageKeys":{}}}}},"version":"v1"}