{"_sessions":{"BdcH4mGuvWSLUyqBwCzCEiyrESoSLCL/wDsowJ20zloi":{"registrationId":12218,"currentRatchet":{"ephemeralKeyPair":{"pubKey":"BW9HZb1FEt8KoZDsjRBUmtltc3FlQqXLL6F7e8DnVYJi","privKey":"iHEwo+JGBCUlCL5f1kaU1+UTD87oBdymg6SYghfqkVk="},"lastRemoteEphemeralKey":"BR6JUelF5lz08Cms5Im+6baHO5M7Iznirfklckhs1a9C","previousCounter":0,"rootKey":"KK0+uu9asTTsoexf1TYs+DmCjRDuHloppbLB4r7amEM="},"indexInfo":{"baseKey":"BdcH4mGuvWSLUyqBwCzCEiyrESoSLCL/wDsowJ20zloi","baseKeyType":1,"closed":-1,"used":1756370704778,"created":1756370704778,"remoteIdentityKey":"BSB0BqDMDRVCVjr4SvtEmdWrllWeEs4nK6BT6ynMlypW"},"_chains":{"BW9HZb1FEt8KoZDsjRBUmtltc3FlQqXLL6F7e8DnVYJi":{"chainKey":{"counter":1,"key":"8ey1kWXBxwMs9EYzPJpo5efpt5rvl8svCwQnDvnkmXc="},"chainType":1,"messageKeys":{}}},"pendingPreKey":{"signedKeyId":1,"baseKey":"BdcH4mGuvWSLUyqBwCzCEiyrESoSLCL/wDsowJ20zloi","preKeyId":1597}}},"version":"v1"}