{"_sessions":{"BYm0ggdAJUBiEAIjxym8wN8CCyOXwLJ8aHJ4I8CprEkH":{"registrationId":2081492906,"currentRatchet":{"ephemeralKeyPair":{"pubKey":"BdK9lW0mlNCp7TzFfO3KPo8Vc14SA6jhZ3PoY4S+9RM6","privKey":"mCZfqVxwLFuGqUxrUicbe3+w867M3dhRuvsyRehyyEo="},"lastRemoteEphemeralKey":"BTFpVS/ZJJ1hC9HXony0pbxUZmMYsOYFc0McQwo/8mNa","previousCounter":0,"rootKey":"BNYSlinolHWHcXUWuLvSTWHPaVHb9bjJ67IvIHw/51Y="},"indexInfo":{"baseKey":"BYm0ggdAJUBiEAIjxym8wN8CCyOXwLJ8aHJ4I8CprEkH","baseKeyType":1,"closed":-1,"used":1756158052460,"created":1756158052460,"remoteIdentityKey":"BYopq4kJ739MqPhd1aHeqawMRlxh7YRF6ZCx+UJ/D4xf"},"_chains":{"BdK9lW0mlNCp7TzFfO3KPo8Vc14SA6jhZ3PoY4S+9RM6":{"chainKey":{"counter":5,"key":"ggbPUMSOqsis06wFKckqyI1fuO16ZNii5VcENkqDvrQ="},"chainType":1,"messageKeys":{}}},"pendingPreKey":{"signedKeyId":14558786,"baseKey":"BYm0ggdAJUBiEAIjxym8wN8CCyOXwLJ8aHJ4I8CprEkH","preKeyId":409}}},"version":"v1"}