{"_sessions":{"Bfzwjvoe/gNjMns+m1b/uOblSI3aZ5G+kk9H+vOznXpV":{"registrationId":1540075160,"currentRatchet":{"ephemeralKeyPair":{"pubKey":"BffCsXakAoOjWDq286xOPZD7KwhAmjqKknOMUxKWwoET","privKey":"aBON6g5B2c1V7XenSzV7LwNF9D6s+STkTORZf6cp5n0="},"lastRemoteEphemeralKey":"Ba9EfIMXj1sSibxeYVzAMoZ43GA0UYHT/SHyohwFMlcO","previousCounter":0,"rootKey":"y0+r2QG8P95q9PHmfrGzwMCipMS1F0WxLrAT4psueT8="},"indexInfo":{"baseKey":"Bfzwjvoe/gNjMns+m1b/uOblSI3aZ5G+kk9H+vOznXpV","baseKeyType":1,"closed":-1,"used":1756158052426,"created":1756158052426,"remoteIdentityKey":"BTY0AGUVHXIFqOdTajbhEXdOtncDcsla8Q2jSuCoH+RK"},"_chains":{"BffCsXakAoOjWDq286xOPZD7KwhAmjqKknOMUxKWwoET":{"chainKey":{"counter":5,"key":"9MQIUwm5JlbbdUWSE0wbaBEVhu7NYIQX2VT0H6p5X28="},"chainType":1,"messageKeys":{}}},"pendingPreKey":{"signedKeyId":11,"baseKey":"Bfzwjvoe/gNjMns+m1b/uOblSI3aZ5G+kk9H+vOznXpV","preKeyId":5955185}}},"version":"v1"}