{"_sessions":{"BXA0UY/pUWBwlyZqQtoFCNzoJLTMs6KgtCB2vx70INEM":{"registrationId":219147859,"currentRatchet":{"ephemeralKeyPair":{"pubKey":"BUvjhAXHjmq8QvjQ/29UNrYEohUeu1jy8WUqjeAJW2cS","privKey":"+DuDt1g9CHHGtjI5R8JqynSF71OEuB4OdB8/eU0VGmw="},"lastRemoteEphemeralKey":"BZHkFG6ZcnSKUH6GBwYS+pCzpGn9fB7cfst80cBhW3EA","previousCounter":0,"rootKey":"gA9T+KFOv/RimmgvxO4xtOMgQn9p4OSihPuZefz+2iU="},"indexInfo":{"baseKey":"BXA0UY/pUWBwlyZqQtoFCNzoJLTMs6KgtCB2vx70INEM","baseKeyType":1,"closed":-1,"used":1756158052638,"created":1756158052638,"remoteIdentityKey":"BQuHX0e9PjIhj/qMCEG9JvGrgFtV1KeH6VWK8c8PgKAJ"},"_chains":{"BUvjhAXHjmq8QvjQ/29UNrYEohUeu1jy8WUqjeAJW2cS":{"chainKey":{"counter":5,"key":"eJ7FaBsKEmpc5lmqXxd7BRhVVOp6AE70WDi8DdUvG6A="},"chainType":1,"messageKeys":{}}},"pendingPreKey":{"signedKeyId":35,"baseKey":"BXA0UY/pUWBwlyZqQtoFCNzoJLTMs6KgtCB2vx70INEM","preKeyId":3253284}}},"version":"v1"}