{"_sessions":{"BZ/00+yPgbGlPVq96lVAWOGX8kt4ySeepEN0DvcIudhi":{"registrationId":1664780765,"currentRatchet":{"ephemeralKeyPair":{"pubKey":"BUqDPqNiVyP3pkwB+XptsgzQlw4pIfThB86VPds3qpNN","privKey":"IBDUoZ84mttaaCX69znncURze3nmGZFp+aDg/7SWcVM="},"lastRemoteEphemeralKey":"BV5kQ6k4FVqFRLWOHF8X0G5kSYsMUmKUaYC3R12W+/sK","previousCounter":0,"rootKey":"ZQWopsQCrGS+2BXy6hLuQO84JSYJw2ECtR2QwS2ll+M="},"indexInfo":{"baseKey":"BZ/00+yPgbGlPVq96lVAWOGX8kt4ySeepEN0DvcIudhi","baseKeyType":1,"closed":-1,"used":1756158052295,"created":1756158052295,"remoteIdentityKey":"BbdKqNKg5gleumlq9GkRPfDADXSPlFgTOKjqcGgH9qs5"},"_chains":{"BUqDPqNiVyP3pkwB+XptsgzQlw4pIfThB86VPds3qpNN":{"chainKey":{"counter":5,"key":"WuJ4EKxZIFQN/F9yYiCNc/GSZKp3MguY+0SFQNgPDtI="},"chainType":1,"messageKeys":{}}},"pendingPreKey":{"signedKeyId":8195388,"baseKey":"BZ/00+yPgbGlPVq96lVAWOGX8kt4ySeepEN0DvcIudhi","preKeyId":857}}},"version":"v1"}