{"_sessions":{"BTgxrqZ1BT7E1cA0DvufGI2Ux585s53F8zZfaB6wq8Bu":{"registrationId":1736,"currentRatchet":{"ephemeralKeyPair":{"pubKey":"BcGQwnEV2Lh6Px+RCfmFIs5q8hvpUIuQDgdtY8a3Re0h","privKey":"wP2q7cJ/AdquEsROvnwBnSd5BjprqNWAqMrGtwkq+0c="},"lastRemoteEphemeralKey":"BVnZ8N0VXCkAuzsuqkbSV09+gUK0NPL70+fFsSZRlUsO","previousCounter":0,"rootKey":"RxhcPdvkh2eJJU//qzAmihTFa/QWiNISlFEPZkEcP7Q="},"indexInfo":{"baseKey":"BTgxrqZ1BT7E1cA0DvufGI2Ux585s53F8zZfaB6wq8Bu","baseKeyType":1,"closed":-1,"used":1756158052338,"created":1756158052338,"remoteIdentityKey":"BU4es/8BK1SbhS82pJjDtg3hpy7liFKiU67zcg6PvDZh"},"_chains":{"BcGQwnEV2Lh6Px+RCfmFIs5q8hvpUIuQDgdtY8a3Re0h":{"chainKey":{"counter":5,"key":"xKYIy2oMjCWgHAhoqgUtt3ccz+PkCfr+QBN+4T9AtZg="},"chainType":1,"messageKeys":{}}},"pendingPreKey":{"signedKeyId":3,"baseKey":"BTgxrqZ1BT7E1cA0DvufGI2Ux585s53F8zZfaB6wq8Bu","preKeyId":243}}},"version":"v1"}