{"_sessions":{"BeV2ggT4k823cZJs+MDKWg0kGb+WuslEY5Vic8UufgcW":{"registrationId":2019496055,"currentRatchet":{"ephemeralKeyPair":{"pubKey":"BYWI3n2es0+ajo0ajD6gK3Tj7eS6B7w1JtYjV9Gopahm","privKey":"qLMPps+E6uHqzQeRB8DnSQdCCsR4f5TAhAykhAaqVVY="},"lastRemoteEphemeralKey":"BU2iqan45dDm4pRii/dbs4KvDUmusP3j6IWyjZNpwWEZ","previousCounter":0,"rootKey":"D3zUzYw9nAMGX7hIxnG1VtC2wI7FJXKAI9Kl5cTDr+k="},"indexInfo":{"baseKey":"BeV2ggT4k823cZJs+MDKWg0kGb+WuslEY5Vic8UufgcW","baseKeyType":1,"closed":-1,"used":1756158052634,"created":1756158052634,"remoteIdentityKey":"BZK6ovsDM5O8rrnF8eyR6XIjfIvRL/swFKRWwlfyVwZj"},"_chains":{"BYWI3n2es0+ajo0ajD6gK3Tj7eS6B7w1JtYjV9Gopahm":{"chainKey":{"counter":5,"key":"lDEqKn39KxWUKv46ep1uZ0hZvmGF2j4FzvGbgW9ztyc="},"chainType":1,"messageKeys":{}}},"pendingPreKey":{"signedKeyId":0,"baseKey":"BeV2ggT4k823cZJs+MDKWg0kGb+WuslEY5Vic8UufgcW","preKeyId":16176869}}},"version":"v1"}