{"_sessions":{"BWiOUXuVjztbnlL9NCA614HWQcEkyP5rfdGM7GNPgShA":{"registrationId":7129564,"currentRatchet":{"ephemeralKeyPair":{"pubKey":"BWqoxegZtDwKIwrrjqTSKqwmWR9ahpjAoIAGksW7of4w","privKey":"UKbWME4FLJk499VI2ss7U0eYvBNfXdCXHpbOniwJ004="},"lastRemoteEphemeralKey":"BVHoDWOnP5O2NFuzHFxDBGOeuS4bsJhWsY57Km4BdloF","previousCounter":0,"rootKey":"/tRJWszPNYlso7Ik4s5Hst641LrHeyZ8mW6Qcm+cxZg="},"indexInfo":{"baseKey":"BWiOUXuVjztbnlL9NCA614HWQcEkyP5rfdGM7GNPgShA","baseKeyType":1,"closed":-1,"used":1756158052266,"created":1756158052266,"remoteIdentityKey":"BXgInN8YHQPK+Mk6W/3ePS2gvvXSIFGuNiKMSEh9L/YY"},"_chains":{"BWqoxegZtDwKIwrrjqTSKqwmWR9ahpjAoIAGksW7of4w":{"chainKey":{"counter":5,"key":"t7fakOXEK7QG//8o5FfK0ntsNYkfcLaeMHxq1tcdHd0="},"chainType":1,"messageKeys":{}}},"pendingPreKey":{"signedKeyId":38,"baseKey":"BWiOUXuVjztbnlL9NCA614HWQcEkyP5rfdGM7GNPgShA","preKeyId":3432}}},"version":"v1"}