{"_sessions":{"BTRNp3Cfvfkd4O1hknUc3Hv/xAkj+qjEMl0AydruWhMs":{"registrationId":1765034662,"currentRatchet":{"ephemeralKeyPair":{"pubKey":"Be8c8vm0wU39tQz2DMfYWcX48hOewCyTh54TYbnyrhps","privKey":"QNrFjGtw00qZo4M9dyToLGOBDDNbKNxbI3pfbI8qLms="},"lastRemoteEphemeralKey":"BQ+KABwMWv3zRtQfZLH8yaqXreSl6QPCjiA6dafK08ct","previousCounter":0,"rootKey":"YAeNRvCr0v9wvwUqfTuRgYgZKLuej0RoA42D5vaaI6M="},"indexInfo":{"baseKey":"BTRNp3Cfvfkd4O1hknUc3Hv/xAkj+qjEMl0AydruWhMs","baseKeyType":1,"closed":-1,"used":1756158052450,"created":1756158052450,"remoteIdentityKey":"BUasewsAp1R6FfRb5Q52hRkEu6/MWKOsW08f6zLm3O5M"},"_chains":{"Be8c8vm0wU39tQz2DMfYWcX48hOewCyTh54TYbnyrhps":{"chainKey":{"counter":5,"key":"f0Ya6TxL2xiQQpMTq0/iWCWWYM2gejm5aLvpg7XN1AM="},"chainType":1,"messageKeys":{}}},"pendingPreKey":{"signedKeyId":14,"baseKey":"BTRNp3Cfvfkd4O1hknUc3Hv/xAkj+qjEMl0AydruWhMs","preKeyId":16202945}}},"version":"v1"}