{"_sessions":{"BRBeRgWnuJO4BxGWbhrcXtGlOuPaUbz8AC/jZhux2RFf":{"registrationId":14115,"currentRatchet":{"ephemeralKeyPair":{"pubKey":"Bc1KprCdSXa6ap7tDL7ZrUwYeNiPp99xej7+O0RF98VP","privKey":"UObxWpEnYpnXKluWIn6X8hmQP0E1SjLdE8UTDqtLxGE="},"lastRemoteEphemeralKey":"BbwGM3cKwLufoNm9AOFMmdKPwQ4j2tgy7SVNkzMwtaB0","previousCounter":0,"rootKey":"lJ05VFhKr4LZTPMaRBn96tZqLvlYAtOcaH+tN4e2Z90="},"indexInfo":{"baseKey":"BRBeRgWnuJO4BxGWbhrcXtGlOuPaUbz8AC/jZhux2RFf","baseKeyType":1,"closed":-1,"used":1756158052279,"created":1756158052279,"remoteIdentityKey":"BbPNMbfl+lXcfE1s+DaULzMBkBZGjl/DXb2jjrn0kpxA"},"_chains":{"Bc1KprCdSXa6ap7tDL7ZrUwYeNiPp99xej7+O0RF98VP":{"chainKey":{"counter":5,"key":"kz26VRHqpVdI5rRXXsad9T+QbW68/WFWTlvdp55vo8g="},"chainType":1,"messageKeys":{}}},"pendingPreKey":{"signedKeyId":1,"baseKey":"BRBeRgWnuJO4BxGWbhrcXtGlOuPaUbz8AC/jZhux2RFf","preKeyId":223}}},"version":"v1"}