{"_sessions":{"BakA/dX+GNnu54qM1YIa1YxVrcPtOCbKYnNyshK33YcI":{"registrationId":1623100996,"currentRatchet":{"ephemeralKeyPair":{"pubKey":"Be6iyH+6gjr9mnRxs/WIiQ6NQh1zBp8STvdWIL0vO5ox","privKey":"GNLBcccrdrnibH18XDtR2ToMOW92ypDQkUq1711hglc="},"lastRemoteEphemeralKey":"BYPfHF1/AHc9hwYzfKY6P9+KAxuuwNEky/n1IL07W3Je","previousCounter":0,"rootKey":"ANWe/4OhGlhyC3w0YQ+QVT9LNPza+UAh9bezn+KsT1I="},"indexInfo":{"baseKey":"BakA/dX+GNnu54qM1YIa1YxVrcPtOCbKYnNyshK33YcI","baseKeyType":1,"closed":-1,"used":1756158052552,"created":1756158052552,"remoteIdentityKey":"BdjFXWOgt2+SYVJeXFOTU4Heh1FsLnE+wjZTd/wwmQAJ"},"_chains":{"Be6iyH+6gjr9mnRxs/WIiQ6NQh1zBp8STvdWIL0vO5ox":{"chainKey":{"counter":5,"key":"A4ZrywC5jPYVW8gcuwJDF8rNDTiUIl+NgEBufdlhhbg="},"chainType":1,"messageKeys":{}}},"pendingPreKey":{"signedKeyId":9380831,"baseKey":"BakA/dX+GNnu54qM1YIa1YxVrcPtOCbKYnNyshK33YcI","preKeyId":1868}}},"version":"v1"}