{"_sessions":{"BWcH18dfUBbiJ/bLs/W1mGallUbg7aljn7ugkluWeYt7":{"registrationId":1433928036,"currentRatchet":{"ephemeralKeyPair":{"pubKey":"BUH8c1rrMFuoKnlI5FvEcEfhbSPEw5JOCMPG7n2p8q94","privKey":"ANVxW8rXFQQ8WnWsruT+mxFw7MUnlG+kbwxlo2mUeHc="},"lastRemoteEphemeralKey":"BURrnmqx2wJ5JRlnbIDhkFtNWmmLAoE6+0jpWtCtFNcy","previousCounter":0,"rootKey":"INpW9vAat+jmscmF+LtyQ2GnKbwyTkmNtmZgwqAQAWA="},"indexInfo":{"baseKey":"BWcH18dfUBbiJ/bLs/W1mGallUbg7aljn7ugkluWeYt7","baseKeyType":1,"closed":-1,"used":1756158052573,"created":1756158052573,"remoteIdentityKey":"BWQwSkVV2zrycl4XfzN75GErcE+Sa65zgMM44StWvehQ"},"_chains":{"BUH8c1rrMFuoKnlI5FvEcEfhbSPEw5JOCMPG7n2p8q94":{"chainKey":{"counter":5,"key":"mjXtZz9DKuWOIhQBaVGUFLSmDQUSb6CPZFFDlP0Jsps="},"chainType":1,"messageKeys":{}}},"pendingPreKey":{"signedKeyId":28,"baseKey":"BWcH18dfUBbiJ/bLs/W1mGallUbg7aljn7ugkluWeYt7","preKeyId":2348645}}},"version":"v1"}