{"_sessions":{"BbH6jrCh0InWjcQIgtHoyvLlWdvvboRS0g+IUdiShYV2":{"registrationId":1203345498,"currentRatchet":{"ephemeralKeyPair":{"pubKey":"BTr+YNXemtUaZZj8FUS4sZWwUfXu4koLWe7NQQEvV/N8","privKey":"ANykjxhsYDIrMRwiEpfMlJ2Y5MQUgIlFYfMzLC1gdGM="},"lastRemoteEphemeralKey":"BXKC5Wa/yVC4E42+VteCBe+KBnDf2vKWHdBu9RR6AB1J","previousCounter":1,"rootKey":"+gWx0j0BuAUppwQRWDJ/0ATAZ1nP0VNYG/Bjmf9SMbg="},"indexInfo":{"baseKey":"BbH6jrCh0InWjcQIgtHoyvLlWdvvboRS0g+IUdiShYV2","baseKeyType":1,"closed":-1,"used":1756289239663,"created":1756158052415,"remoteIdentityKey":"BR7TzjHxVYbLNREOIz6UeZ0ym1H+xGuaBKI7Hbf7rIIJ"},"_chains":{"BXKC5Wa/yVC4E42+VteCBe+KBnDf2vKWHdBu9RR6AB1J":{"chainKey":{"counter":0,"key":"4UV5KDyjec0jfH2RSIWz78wcN5moJYZrl3ZtSShVwys="},"chainType":2,"messageKeys":{}},"BTr+YNXemtUaZZj8FUS4sZWwUfXu4koLWe7NQQEvV/N8":{"chainKey":{"counter":3,"key":"ITMXlMf9SWnKKIkMUwtI7bAgdrcPH4ZwNIRJ/8lZ6Bk="},"chainType":1,"messageKeys":{}}}}},"version":"v1"}