{"_sessions":{"BXEeVxTippsoe3WqlUHtEkjHJW38kaCdjgc1Lv7E+b5c":{"registrationId":189070929,"currentRatchet":{"ephemeralKeyPair":{"pubKey":"BUC2P6UnGB329DH2AJbEvI0yKfrt603+Dg8+Jkq9hDQy","privKey":"QLdS9X9XeVYH3jZtxBgq83qdZnyYKsYbLM0jQMf6hnA="},"lastRemoteEphemeralKey":"BczIIVMKz0lFEdDoiQP2/77JFDNLMvycowZj07x160QS","previousCounter":0,"rootKey":"3341zpgEwBc4hUavCBKrJFpaoCzNNUgPsLGOm3Wbxco="},"indexInfo":{"baseKey":"BXEeVxTippsoe3WqlUHtEkjHJW38kaCdjgc1Lv7E+b5c","baseKeyType":1,"closed":-1,"used":1756158052409,"created":1756158052409,"remoteIdentityKey":"BeT5oPqU1IRKPpozI7EZPnlsob4iq0fMXLzHAibpR3gR"},"_chains":{"BUC2P6UnGB329DH2AJbEvI0yKfrt603+Dg8+Jkq9hDQy":{"chainKey":{"counter":5,"key":"a9jcDqN0VCTE5xZFXJCInlSl2DrPL0B4ZlKPUnSoFy4="},"chainType":1,"messageKeys":{}}},"pendingPreKey":{"signedKeyId":14133668,"baseKey":"BXEeVxTippsoe3WqlUHtEkjHJW38kaCdjgc1Lv7E+b5c","preKeyId":3310}}},"version":"v1"}