{"_sessions":{"BQhzRwBaNVoYThShXuyc6NlizeTX1b6pSJZFjp5dOvRF":{"registrationId":1909449867,"currentRatchet":{"ephemeralKeyPair":{"pubKey":"BcJBU/5WMVKLPDW0epB7CO4QlahMKM6stH2CZpzVXd8M","privKey":"cDNRTD9uI6zpGAN4DGQTbPmNAIc+4JbuGiAJzkKTt0U="},"lastRemoteEphemeralKey":"BVpPIiKhk4CZfWuKqu5REzhPpjbomA7ft8a77jj1x+lm","previousCounter":0,"rootKey":"bmlBxcsgO7qD1o+WuN+QtycfOVyAXtxr0W4SANu+ibU="},"indexInfo":{"baseKey":"BQhzRwBaNVoYThShXuyc6NlizeTX1b6pSJZFjp5dOvRF","baseKeyType":1,"closed":-1,"used":1756158052678,"created":1756158052678,"remoteIdentityKey":"BbOmmI6CUS+rFCMd5aUDrGnB2pnfCX2za24T+ZPj63tr"},"_chains":{"BcJBU/5WMVKLPDW0epB7CO4QlahMKM6stH2CZpzVXd8M":{"chainKey":{"counter":5,"key":"1eC61E4+etXRDBlwoH7OovrOO+qDewVe4a34HoiMUsA="},"chainType":1,"messageKeys":{}}},"pendingPreKey":{"signedKeyId":2610008,"baseKey":"BQhzRwBaNVoYThShXuyc6NlizeTX1b6pSJZFjp5dOvRF","preKeyId":1277}}},"version":"v1"}