{"_sessions":{"BaJgayGrGiQGvbpgGl9abiUeM4pGX4CXk0gpZyV0NUg3":{"registrationId":902203587,"currentRatchet":{"ephemeralKeyPair":{"pubKey":"BTWKQ7cTvkqqbbjPdWZ406eQSv/YXn7VfOWxHaoDt+xV","privKey":"MKq9P6QUqG1iDCMImyOOVtlAR1YoxHOU6lXY7u9OI2Q="},"lastRemoteEphemeralKey":"BXjWsBRTFZ8zJFoO5zbP56sstfMPP11ILy/1m3svtpsn","previousCounter":0,"rootKey":"lQ44Y3OvtHS161mhPWIvr45aOX/1vDZ6fwLokGTYipc="},"indexInfo":{"baseKey":"BaJgayGrGiQGvbpgGl9abiUeM4pGX4CXk0gpZyV0NUg3","baseKeyType":1,"closed":-1,"used":1756158052526,"created":1756158052526,"remoteIdentityKey":"BSJupRov7sibN4qP6Mu1SL5SelersVTgbZvN+rM1BMQy"},"_chains":{"BTWKQ7cTvkqqbbjPdWZ406eQSv/YXn7VfOWxHaoDt+xV":{"chainKey":{"counter":5,"key":"vAJz8TFoU5kfnV2SJMsaLknFbI4MseGLsl264w1Z204="},"chainType":1,"messageKeys":{}}},"pendingPreKey":{"signedKeyId":25,"baseKey":"BaJgayGrGiQGvbpgGl9abiUeM4pGX4CXk0gpZyV0NUg3","preKeyId":15914303}}},"version":"v1"}