{"_sessions":{"BZ8gMkNcX1INs4L7aT+8UaisDcGl5uWwRIzILN7UxDxL":{"registrationId":1820406802,"currentRatchet":{"ephemeralKeyPair":{"pubKey":"BbpikBEilZqhnVmjQ1N1WHNacXt25DCxtUKjE5TRceZD","privKey":"mEdcew3V63FHLguk20qOLCdL94iigJs8zJIzeZnpil0="},"lastRemoteEphemeralKey":"BVhYH4KtgmlsEAXyd11uvMSac1sufc5F9w7+1PX9Uo59","previousCounter":0,"rootKey":"80EhzGzi23Kv5JZGrdfhHz0qTdZY550AF3OaTNi0Lh0="},"indexInfo":{"baseKey":"BZ8gMkNcX1INs4L7aT+8UaisDcGl5uWwRIzILN7UxDxL","baseKeyType":1,"closed":-1,"used":1756158052416,"created":1756158052416,"remoteIdentityKey":"BeXvjlIl4hgNnyVLxZZLqDgjBrgmRbPjph471j5tXlYB"},"_chains":{"BbpikBEilZqhnVmjQ1N1WHNacXt25DCxtUKjE5TRceZD":{"chainKey":{"counter":5,"key":"xWxl0ImQOcSGFbO1NLKkOmXug+sBd02DCQtP+lYe10U="},"chainType":1,"messageKeys":{}}},"pendingPreKey":{"signedKeyId":7514530,"baseKey":"BZ8gMkNcX1INs4L7aT+8UaisDcGl5uWwRIzILN7UxDxL","preKeyId":1597}}},"version":"v1"}