{"_sessions":{"BV175i+qsPiwgeOo0je2L5rkM7+6WVBP5b4oDPI6De93":{"registrationId":1322496875,"currentRatchet":{"ephemeralKeyPair":{"pubKey":"BTa02IBVOTjCUtLvIO/2H3vAMheHod7Vle3x96xTNHwv","privKey":"qPcw2ibR69+cDCWTKTeTxnhKR+PTquqpB4fQJ8N0GHs="},"lastRemoteEphemeralKey":"BVmdhnYMXOJ63nmXGlOp4tAtTfCVFEK8saqsG6NCd7cM","previousCounter":1,"rootKey":"zGwMpySRt7pVzadlLeIuXOjSz9zQ6FTJP573efr0cBM="},"indexInfo":{"baseKey":"BV175i+qsPiwgeOo0je2L5rkM7+6WVBP5b4oDPI6De93","baseKeyType":1,"closed":-1,"used":1756289238298,"created":1756158052464,"remoteIdentityKey":"BXwY5ifn6Kv46fN10aCIlJCEP09S17NWtRdJDmG7D1Y2"},"_chains":{"BVmdhnYMXOJ63nmXGlOp4tAtTfCVFEK8saqsG6NCd7cM":{"chainKey":{"counter":0,"key":"m9l/S72/8uXskCWHi9b6589q1nZsbCVfClQbZY5fzm4="},"chainType":2,"messageKeys":{}},"BTa02IBVOTjCUtLvIO/2H3vAMheHod7Vle3x96xTNHwv":{"chainKey":{"counter":3,"key":"x4Ujst1UB3LnF+KsJjGgXItP7n/I9pjxdrVoGsczFYo="},"chainType":1,"messageKeys":{}}}}},"version":"v1"}