{"_sessions":{"BSoQ3nMnmOqMk+GGWk7nWXViGKG0ijHdJvH/LuzZnNtX":{"registrationId":1921866108,"currentRatchet":{"ephemeralKeyPair":{"pubKey":"BTTxgmwiRu8wo+/N7mw9HZwdxEL3rxrGmTS7nqVzCYp0","privKey":"QLEv/2wuZAa/6uy3026Xx9Dfl/vTlLx+jxoZCTmWnl0="},"lastRemoteEphemeralKey":"BX/k7u4Vfp2YCI6rwlWNOXwd6Wf0Cw17p8XP3qeLxARl","previousCounter":0,"rootKey":"h1pYWwenz9HfRabVF4bQqdzViAl0ml90LP9CBDV7ZBI="},"indexInfo":{"baseKey":"BSoQ3nMnmOqMk+GGWk7nWXViGKG0ijHdJvH/LuzZnNtX","baseKeyType":1,"closed":-1,"used":1756158052314,"created":1756158052314,"remoteIdentityKey":"Bajq0agJppRJW/KIs+jnrr/cmKt7+XnlKX500BsZTKZe"},"_chains":{"BTTxgmwiRu8wo+/N7mw9HZwdxEL3rxrGmTS7nqVzCYp0":{"chainKey":{"counter":5,"key":"tyX58nbFYEdpzdNK5+bOqimdI479JUbWeY7N+WJzKpw="},"chainType":1,"messageKeys":{}}},"pendingPreKey":{"signedKeyId":12523884,"baseKey":"BSoQ3nMnmOqMk+GGWk7nWXViGKG0ijHdJvH/LuzZnNtX","preKeyId":2610}}},"version":"v1"}