{"_sessions":{"BUHTSawjVHQZAgFWkcNr/YWoAV5hbJqRkL3NV+9//48X":{"registrationId":253072703,"currentRatchet":{"ephemeralKeyPair":{"pubKey":"BYqHiuhvwilHvuqQVOIN3atPMPXvW5EDWLquUqrUJF43","privKey":"cNjAkc/l7YaRHU9trT29g3l0n7iDpUOvKZmGSdunf30="},"lastRemoteEphemeralKey":"BSxT5+7MmOMwCnrehPABTMyRUhggOgYP9eqCCJEvVHAp","previousCounter":0,"rootKey":"rgB/dsc+lpuzQMcpXVFEpPjambTwYsThDZWpN30LC68="},"indexInfo":{"baseKey":"BUHTSawjVHQZAgFWkcNr/YWoAV5hbJqRkL3NV+9//48X","baseKeyType":1,"closed":-1,"used":1756158052567,"created":1756158052567,"remoteIdentityKey":"BfQrS3ZpGCabDGcUkZN5/XBUZBYyemfRyfQ0axwsHpoM"},"_chains":{"BYqHiuhvwilHvuqQVOIN3atPMPXvW5EDWLquUqrUJF43":{"chainKey":{"counter":0,"key":"92rUswzjTWOjg3X14SUWd554h6/v0pbU5yUVpnU/8y8="},"chainType":1,"messageKeys":{}}},"pendingPreKey":{"signedKeyId":34,"baseKey":"BUHTSawjVHQZAgFWkcNr/YWoAV5hbJqRkL3NV+9//48X","preKeyId":9526763}}},"version":"v1"}