{"_sessions":{"BcPlI557MxCh30d13ZzALO+si2XpXkPodFqSBdB2Chs/":{"registrationId":426655807,"currentRatchet":{"ephemeralKeyPair":{"pubKey":"BeCG0Q4zXWDd17z2t3SLDFpMVJdmOg8CG/ID1BNctGQx","privKey":"6JvY9+vv3GoABZN6F/z058amAgqSR6r1phD0AtQIsGA="},"lastRemoteEphemeralKey":"BXmHwZI6xpIQYOexEgERmbwNcyNJ8R+j++b0ELsKfthW","previousCounter":0,"rootKey":"bMrQuid6M47eq/8OgFWM3x0ISfJKJIk53P8lO2e542M="},"indexInfo":{"baseKey":"BcPlI557MxCh30d13ZzALO+si2XpXkPodFqSBdB2Chs/","baseKeyType":1,"closed":-1,"used":1756158052594,"created":1756158052594,"remoteIdentityKey":"BfZRYuMfE2fISN2WZiAAJBzvTEuv5C8cMpO7JMmbrMQu"},"_chains":{"BeCG0Q4zXWDd17z2t3SLDFpMVJdmOg8CG/ID1BNctGQx":{"chainKey":{"counter":5,"key":"VNUdTsrnY67caMI5qA/DyjWoo5fsNd05jxMMmQD5Gbs="},"chainType":1,"messageKeys":{}}},"pendingPreKey":{"signedKeyId":33,"baseKey":"BcPlI557MxCh30d13ZzALO+si2XpXkPodFqSBdB2Chs/","preKeyId":16024755}}},"version":"v1"}