{"_sessions":{"BeJYGBDRQhKjN9MwPnUa2/8lvWXe3iAibZdKtFq9j0hD":{"registrationId":367377896,"currentRatchet":{"ephemeralKeyPair":{"pubKey":"BW8CdVVLsmUUxj5Fklqq9jS6R4pE/0oNvbBMQRYNh0su","privKey":"+LRkE69y7y0hGBg9OuGcd6REq13WQnJ4cUPOcqfAsWs="},"lastRemoteEphemeralKey":"BRlN59GwprA2GSqGHhTDdtFZQSW9MO1Pq72Y6DBQdpgd","previousCounter":0,"rootKey":"wLoMNvKBPl6TAGR0sJ6lt6EF2oD/XnURRP96PGpFUbY="},"indexInfo":{"baseKey":"BeJYGBDRQhKjN9MwPnUa2/8lvWXe3iAibZdKtFq9j0hD","baseKeyType":1,"closed":-1,"used":1756158052566,"created":1756158052566,"remoteIdentityKey":"BW3Gi3C+ZapCdURTHYY7hoFn8vI0JYtuz1Qt2oJUK9R/"},"_chains":{"BW8CdVVLsmUUxj5Fklqq9jS6R4pE/0oNvbBMQRYNh0su":{"chainKey":{"counter":5,"key":"HtFb453C5e3NudSnkcuPJdAfivJwci27/yJXWBw+k3g="},"chainType":1,"messageKeys":{}}},"pendingPreKey":{"signedKeyId":10,"baseKey":"BeJYGBDRQhKjN9MwPnUa2/8lvWXe3iAibZdKtFq9j0hD","preKeyId":1936265}}},"version":"v1"}