{"_sessions":{"BZDH77geSCPyN6mowxjXyPZBszS7vjvEJ9F0A4yCLBYJ":{"registrationId":1110388478,"currentRatchet":{"ephemeralKeyPair":{"pubKey":"BZC3Npyg4SLJnLUTyCCwJrvx0DwpW9mMWt9B0JD9AItQ","privKey":"qLbA3Zmt6+rS50ln2Cq4LMXWEqqx+qc6s8V8VmWDK3I="},"lastRemoteEphemeralKey":"BekMSUbyloVogzIlaXoFG2XBD+LKPo4CwXVy6lFCCRlY","previousCounter":0,"rootKey":"SeV3WseUWInbEvt1MyOQgvqgO6lMvZXK1IqGSu+Gdsk="},"indexInfo":{"baseKey":"BZDH77geSCPyN6mowxjXyPZBszS7vjvEJ9F0A4yCLBYJ","baseKeyType":1,"closed":-1,"used":1756158052544,"created":1756158052544,"remoteIdentityKey":"BdUfy7PO6NbmmVD+PZTCbFCJJipKQGc5XPskiDmpjmsJ"},"_chains":{"BZC3Npyg4SLJnLUTyCCwJrvx0DwpW9mMWt9B0JD9AItQ":{"chainKey":{"counter":5,"key":"bJSVwhcEh6n61PPfiTDaxJAZxYL/YJpaXWtJdIJfwCE="},"chainType":1,"messageKeys":{}}},"pendingPreKey":{"signedKeyId":4,"baseKey":"BZDH77geSCPyN6mowxjXyPZBszS7vjvEJ9F0A4yCLBYJ","preKeyId":16502303}}},"version":"v1"}