{"_sessions":{"Bb2QSzwN7Y1qOYDD38iUiIgVmg8jDMe4gSENckfuc1EC":{"registrationId":1438721690,"currentRatchet":{"ephemeralKeyPair":{"pubKey":"BQ2rUxk6qPRYK7Vof4dPsTRtdakNr1z9gJrxWqVojcEH","privKey":"+HIwvReCrIWISGlzdngLCfEvKRmWlAjcGQ220CO3yEA="},"lastRemoteEphemeralKey":"BSiS15Jn/QWb0AfD2LG+BGUb5tDGymdVtXSfcUsZaVMb","previousCounter":0,"rootKey":"7KmSfRgyaJXu3FAuz4eRfZwYM2UyHvscwVt06XJuvlY="},"indexInfo":{"baseKey":"Bb2QSzwN7Y1qOYDD38iUiIgVmg8jDMe4gSENckfuc1EC","baseKeyType":1,"closed":-1,"used":1756158052396,"created":1756158052396,"remoteIdentityKey":"BY3HYlIx7b+8QU4JciuIFDfoZuYjiEddnoaU/t5SoDdg"},"_chains":{"BQ2rUxk6qPRYK7Vof4dPsTRtdakNr1z9gJrxWqVojcEH":{"chainKey":{"counter":5,"key":"ss949MlrSg3fIczQ/8U8+aAA5d9wLQVzEU+FF4ebzL4="},"chainType":1,"messageKeys":{}}},"pendingPreKey":{"signedKeyId":18,"baseKey":"Bb2QSzwN7Y1qOYDD38iUiIgVmg8jDMe4gSENckfuc1EC","preKeyId":2264449}}},"version":"v1"}