{"_sessions":{"BZ/+q8jGs3DdZrXN7LDHxAzve5fgS/pF33CTU+NbA906":{"registrationId":1347509572,"currentRatchet":{"ephemeralKeyPair":{"pubKey":"BXXM9oq2AvjSfx8DZC33HIzgcQ8todPejM0k/Pdp5tMz","privKey":"yPzb72btm8XIOlVqsLXBNgYnr71fLXYu61chifQ5sl0="},"lastRemoteEphemeralKey":"BaVLH6fBq2JyY0paTq45CxEqfqzIgvmM1TDy3L27879J","previousCounter":0,"rootKey":"jbqynmAipKHxYdZ2CUh7ut7R8oC2CQTwGWNXu+k1RYs="},"indexInfo":{"baseKey":"BZ/+q8jGs3DdZrXN7LDHxAzve5fgS/pF33CTU+NbA906","baseKeyType":1,"closed":-1,"used":1756158052606,"created":1756158052606,"remoteIdentityKey":"BXOVgwo5QCzBAm9Q7kawWZhBSb/I0nA+ocWWxFAY+mw7"},"_chains":{"BXXM9oq2AvjSfx8DZC33HIzgcQ8todPejM0k/Pdp5tMz":{"chainKey":{"counter":5,"key":"Mc3kcTpnVD74cLvwcotVediAIoi0rjsgwf5r/RHeiQ4="},"chainType":1,"messageKeys":{}}},"pendingPreKey":{"signedKeyId":5159798,"baseKey":"BZ/+q8jGs3DdZrXN7LDHxAzve5fgS/pF33CTU+NbA906","preKeyId":575}}},"version":"v1"}