{"_sessions":{"BXHOZCkdk1/qQ4Xy4j8pmOa4V1VyQKojBjKTFow6anUS":{"registrationId":12080,"currentRatchet":{"ephemeralKeyPair":{"pubKey":"BYiee5DtFXkTWfawYR8SVT2ul5JY5KtupN1oyZxr6twG","privKey":"ANX3LQRqS1FJqqzbykZcqkHymmgWR4eAQ5x9ksXaTkc="},"lastRemoteEphemeralKey":"BfTVIFY/DT7cDtppVm9p2thMMBqlyr8k6ocaggm3/2gw","previousCounter":0,"rootKey":"z17qkNrV6pse4qe3xu6V34NIofmBmPaS9NOdKpD6df4="},"indexInfo":{"baseKey":"BXHOZCkdk1/qQ4Xy4j8pmOa4V1VyQKojBjKTFow6anUS","baseKeyType":1,"closed":-1,"used":1756158052294,"created":1756158052294,"remoteIdentityKey":"Bd3OOHmfSgLbuSaK8VEVK9l3fn/KkDalEHhqmhxsbSBI"},"_chains":{"BYiee5DtFXkTWfawYR8SVT2ul5JY5KtupN1oyZxr6twG":{"chainKey":{"counter":5,"key":"ZKej0PkXdaiepeRhe4fKOAoMLjzYfc8FK0xky1UIjJ0="},"chainType":1,"messageKeys":{}}},"pendingPreKey":{"signedKeyId":2,"baseKey":"BXHOZCkdk1/qQ4Xy4j8pmOa4V1VyQKojBjKTFow6anUS","preKeyId":353}}},"version":"v1"}