{"_sessions":{"BSlsSpz3P3vSVfx6pUywRqe0of8SEhzAhxAkQ7EBFUga":{"registrationId":1983378431,"currentRatchet":{"ephemeralKeyPair":{"pubKey":"Bb7yDRm02xe9d/BmMHdQt+ADL1L5L8QbaC/dXAurI+JA","privKey":"sCIEv1wL8rWNsVdy9muEMFOiBwhhnD7Q5v4SfrNeKWo="},"lastRemoteEphemeralKey":"BQLcJGT0R/HnnY/JVjbzg40lqi7nMEdW+uwWhDjo3rBt","previousCounter":0,"rootKey":"WMXG1lQ1c2rdKRurB0wDmCBh3LCqfBIVaHVF6xWf6uI="},"indexInfo":{"baseKey":"BSlsSpz3P3vSVfx6pUywRqe0of8SEhzAhxAkQ7EBFUga","baseKeyType":1,"closed":1756289238114,"used":1756158052289,"created":1756158052289,"remoteIdentityKey":"Be7AG5o5phAvijrefo0Un8FPMCgxNhEwgRn8rbjoGMlt"},"_chains":{"Bb7yDRm02xe9d/BmMHdQt+ADL1L5L8QbaC/dXAurI+JA":{"chainKey":{"counter":1,"key":"7Fylkb+XBXUERpjcArypz4YIvUX1vVS3/t3ZSnuSCjE="},"chainType":1,"messageKeys":{}}},"pendingPreKey":{"signedKeyId":118,"baseKey":"BSlsSpz3P3vSVfx6pUywRqe0of8SEhzAhxAkQ7EBFUga","preKeyId":2604}},"Bfjs93V7mYLfYAGJZakKeZqRMNCS9tBVCQVl67g2mN1Z":{"registrationId":1983378431,"currentRatchet":{"ephemeralKeyPair":{"pubKey":"BSBGtD4EfIE4V06paVcnOoG5qJ2KZqhEvTXnZzNvhFtg","privKey":"mIxLXduTHIfC1n7AQc+Nd8j7Ajt8OUr8wIOFpHgFoHU="},"lastRemoteEphemeralKey":"BQLcJGT0R/HnnY/JVjbzg40lqi7nMEdW+uwWhDjo3rBt","previousCounter":0,"rootKey":"PdxnN23SOs+JPyASdoEgJyr2UIYxDjPmztKBHiwKE4s="},"indexInfo":{"baseKey":"Bfjs93V7mYLfYAGJZakKeZqRMNCS9tBVCQVl67g2mN1Z","baseKeyType":1,"closed":1756289238225,"used":1756289238110,"created":1756289238110,"remoteIdentityKey":"Be7AG5o5phAvijrefo0Un8FPMCgxNhEwgRn8rbjoGMlt"},"_chains":{"BSBGtD4EfIE4V06paVcnOoG5qJ2KZqhEvTXnZzNvhFtg":{"chainKey":{"counter":-1,"key":"LhW7cHswK/rgVrQ0aW6KmL67vke7Cq2eFUsv9kPt9Go="},"chainType":1,"messageKeys":{}}},"pendingPreKey":{"signedKeyId":118,"baseKey":"Bfjs93V7mYLfYAGJZakKeZqRMNCS9tBVCQVl67g2mN1Z","preKeyId":2636}},"BQUn3YEXM7KQlmo0Zm+qpDGb+OidgOpUa6Lu5oaA+fY7":{"registrationId":1983378431,"currentRatchet":{"ephemeralKeyPair":{"pubKey":"BY4FZaUBpOBZGP6fP88lO2f8hw6a8P3JSvLSjJxocmgU","privKey":"AE+U3iIN0sSjsEA+ptbaab28lOhDeqJqgINAb8oGvFc="},"lastRemoteEphemeralKey":"BQLcJGT0R/HnnY/JVjbzg40lqi7nMEdW+uwWhDjo3rBt","previousCounter":0,"rootKey":"jtJGLyeMlUui5wS80FB0EKu12QUprm88GR7xEzffXMg="},"indexInfo":{"baseKey":"BQUn3YEXM7KQlmo0Zm+qpDGb+OidgOpUa6Lu5oaA+fY7","baseKeyType":1,"closed":-1,"used":1756289238223,"created":1756289238223,"remoteIdentityKey":"Be7AG5o5phAvijrefo0Un8FPMCgxNhEwgRn8rbjoGMlt"},"_chains":{"BY4FZaUBpOBZGP6fP88lO2f8hw6a8P3JSvLSjJxocmgU":{"chainKey":{"counter":3,"key":"ekfDIBueZGGfHDEWA4qe1UYgObR3se7qnts1pdFVwm4="},"chainType":1,"messageKeys":{}}},"pendingPreKey":{"signedKeyId":118,"baseKey":"BQUn3YEXM7KQlmo0Zm+qpDGb+OidgOpUa6Lu5oaA+fY7","preKeyId":2628}}},"version":"v1"}