{"_sessions":{"BQcuwlABthdAGV0BbHGHbgEF+Y5IEzmUXwMWHwjmwuBz":{"registrationId":660542434,"currentRatchet":{"ephemeralKeyPair":{"pubKey":"BY9RqofICgx00BLj3GxS6Q4VfXSAyeBjxuPAv5YCYylY","privKey":"QLQ5UmXGXETw0mFSfFaiqj42e9mExyG63HSi+XorNX0="},"lastRemoteEphemeralKey":"Bf4RQuix1uJ2wuyOTPVGFSGJbS8hHu1ubfWHlB3TI7hY","previousCounter":0,"rootKey":"fZk6WKYT+rwEMhjbmRwDVi5tSTiCd1La5iwzWNif2Vg="},"indexInfo":{"baseKey":"BQcuwlABthdAGV0BbHGHbgEF+Y5IEzmUXwMWHwjmwuBz","baseKeyType":1,"closed":-1,"used":1756158052448,"created":1756158052448,"remoteIdentityKey":"BRRzHgSlVrdStG1oWEyxVSuIpS1PstnW3saC0OG6/PFh"},"_chains":{"BY9RqofICgx00BLj3GxS6Q4VfXSAyeBjxuPAv5YCYylY":{"chainKey":{"counter":5,"key":"rdxOf/jAZc6gsAiMt7nCKwRHbOq90gwDItpftozjQkk="},"chainType":1,"messageKeys":{}}},"pendingPreKey":{"signedKeyId":15053598,"baseKey":"BQcuwlABthdAGV0BbHGHbgEF+Y5IEzmUXwMWHwjmwuBz","preKeyId":2479}}},"version":"v1"}