{"_sessions":{"BQstaEwg2RzGrOXS+9AfD41Z+V1dKv7sO1v5Tjt7alRM":{"registrationId":640555758,"currentRatchet":{"ephemeralKeyPair":{"pubKey":"BVrsNCH0mm7vqAfJ7NnmOIHQw5j6QKWUAsyOUp0+pVJa","privKey":"sNmXZtzPZv973UbKNu2Q047VG9XczUHv1sncdAsxY18="},"lastRemoteEphemeralKey":"BXN9UirR3g2YdAk8+gPq5/V/ypg7sLHNNOn5pLYNOY9K","previousCounter":0,"rootKey":"bbdl3hDs2ExuHKyc3c74qF4V55MplR7m8fUT8Blpxsk="},"indexInfo":{"baseKey":"BQstaEwg2RzGrOXS+9AfD41Z+V1dKv7sO1v5Tjt7alRM","baseKeyType":1,"closed":-1,"used":1756347483755,"created":1756158052599,"remoteIdentityKey":"BU9ZCJ6oxT3MMusQwCyhIkhYNw0Jn6hd35OQHF+4ObAi"},"_chains":{"BWm79gdl+73Wjq9qwYzfPDk3J0wTBy/HxGVmwkzscl9S":{"chainKey":{"counter":0},"chainType":2,"messageKeys":{}},"Bf1ypEbQQecBU25tH6fIZtTj7CZf8tzsPH/m2jAjYKA2":{"chainKey":{"counter":1},"chainType":2,"messageKeys":{}},"BXN9UirR3g2YdAk8+gPq5/V/ypg7sLHNNOn5pLYNOY9K":{"chainKey":{"counter":0,"key":"O+GGCuTbLkDXqDnlmx5zsmxevsNI06nTmFJEObJv4m8="},"chainType":2,"messageKeys":{}},"BVrsNCH0mm7vqAfJ7NnmOIHQw5j6QKWUAsyOUp0+pVJa":{"chainKey":{"counter":0,"key":"i23RydIuXKw5mZt7nM1veC3qx4Gek4Iuk+PlknnvIHs="},"chainType":1,"messageKeys":{}}}}},"version":"v1"}