{"_sessions":{"BQ0aY5MMMtBe2wK3/HWGODJGiYyaapoCdctYpil5yygR":{"registrationId":684577460,"currentRatchet":{"ephemeralKeyPair":{"pubKey":"BQCqaD9co7g1g2kLyUR91VzK/e02cTMe+x3AMpPlWY0j","privKey":"oLr4bVetchaXRoRTL/KWMYcj6Ho2FCmLutz+oxH9YFQ="},"lastRemoteEphemeralKey":"Bc6wlPDEEu//U3MIt64yUX1je93fe6pFMN4vyEXjmbwA","previousCounter":0,"rootKey":"kusKpuolszKWmDM4OiNLNOHAzLVAqzBlPHSF89Dyq8s="},"indexInfo":{"baseKey":"BQ0aY5MMMtBe2wK3/HWGODJGiYyaapoCdctYpil5yygR","baseKeyType":1,"closed":-1,"used":1756158052422,"created":1756158052422,"remoteIdentityKey":"BXU12olqQZSm+DGbWMEmj/axV8H36pa8xEy7sOVq7XNe"},"_chains":{"BQCqaD9co7g1g2kLyUR91VzK/e02cTMe+x3AMpPlWY0j":{"chainKey":{"counter":5,"key":"47vGLNFPOAVna7P79nWdDueMsTfPzDEHxmYOcH5zp7g="},"chainType":1,"messageKeys":{}}},"pendingPreKey":{"signedKeyId":57,"baseKey":"BQ0aY5MMMtBe2wK3/HWGODJGiYyaapoCdctYpil5yygR","preKeyId":11380616}}},"version":"v1"}