{"_sessions":{"BboOMAnaqlrEF/j1C+mVHE27E2eyEKrMUm5vuzYv3AZc":{"registrationId":490951915,"currentRatchet":{"ephemeralKeyPair":{"pubKey":"BXRfLOMAIOzuNSeesuhO+0Xs8+TSTA15TZPTmWK+zu8I","privKey":"wKKpMbE2D6xwW07+be2wmjA3jd0qoc0x6YFcA2i65ko="},"lastRemoteEphemeralKey":"BSn0e54AF+20cTkiGlXv7h5HvluV07Mxi6rgAmY+abJB","previousCounter":0,"rootKey":"50rC8BvlyFAIx3aKmbk6sXbDo68LVD5yQ9iH0XUBTuU="},"indexInfo":{"baseKey":"BboOMAnaqlrEF/j1C+mVHE27E2eyEKrMUm5vuzYv3AZc","baseKeyType":1,"closed":-1,"used":1756158052319,"created":1756158052319,"remoteIdentityKey":"Bc4VGuIpaoVpButrL2ZdMvalezuRVXcTbDEpQE4qi155"},"_chains":{"BXRfLOMAIOzuNSeesuhO+0Xs8+TSTA15TZPTmWK+zu8I":{"chainKey":{"counter":5,"key":"9oPWtljG0Xg4Hd9MsFtyMp7jnUol3RYaTwJ9rNqCb5E="},"chainType":1,"messageKeys":{}}},"pendingPreKey":{"signedKeyId":11994091,"baseKey":"BboOMAnaqlrEF/j1C+mVHE27E2eyEKrMUm5vuzYv3AZc","preKeyId":2605}}},"version":"v1"}