{"_sessions":{"BTCnBm2xgyPhcf9A32QsGm9FMdN/nRDvK4ITC6iG7ZFM":{"registrationId":1475008301,"currentRatchet":{"ephemeralKeyPair":{"pubKey":"BWn17PNG8Xw20Of9qSfBsiSkGGAPsD/2wFaaLPOcIuJI","privKey":"uBCqTCreMcVzDjn6yOwiUNIHLfUASRaVcAMXjEDx9mY="},"lastRemoteEphemeralKey":"BafeBnYYUm2W9+YjC/BgZUZ2IvnTMqtaBmIY5IThfE1/","previousCounter":0,"rootKey":"GhpBhruGQay5yYiDECQkM57DVtrfP8mw5mJyyaa5oCk="},"indexInfo":{"baseKey":"BTCnBm2xgyPhcf9A32QsGm9FMdN/nRDvK4ITC6iG7ZFM","baseKeyType":1,"closed":-1,"used":1756158052302,"created":1756158052302,"remoteIdentityKey":"BddpxDiFDsGPz3tM20YhhQ0oqOEbsUfy5SQy/0a13FJ6"},"_chains":{"BWn17PNG8Xw20Of9qSfBsiSkGGAPsD/2wFaaLPOcIuJI":{"chainKey":{"counter":5,"key":"3HgCr0iIJri+OUCRk6I4chXgaTU8fneEV9aC0wfP3yI="},"chainType":1,"messageKeys":{}}},"pendingPreKey":{"signedKeyId":1,"baseKey":"BTCnBm2xgyPhcf9A32QsGm9FMdN/nRDvK4ITC6iG7ZFM","preKeyId":253}}},"version":"v1"}