{"_sessions":{"Bai8UCsHNRBgkxz54QMIz8vNTksc3zYteOxaHx6BHtlG":{"registrationId":151313155,"currentRatchet":{"ephemeralKeyPair":{"pubKey":"BW7oAj2as5VM9ODjf39wU8SQUDKa5oUq08fx6UnJtkJ1","privKey":"GJyc06RNg6V/PqHb1g08iRxwJqAFssSHD9+VbWUMd2g="},"lastRemoteEphemeralKey":"BX4+4101QzMK3qcUh1vBiLrMW7zK9u62ANwmhFs4Qt9Z","previousCounter":0,"rootKey":"O6GwQaDDhyCQjBXN7UNatcgvgE9Z6+/mPzcZDm9jCr4="},"indexInfo":{"baseKey":"Bai8UCsHNRBgkxz54QMIz8vNTksc3zYteOxaHx6BHtlG","baseKeyType":1,"closed":-1,"used":1756507755131,"created":1756158052578,"remoteIdentityKey":"BXFYLQZx3nAXbmZONP2/rHXlLotQWtTjTXin2sfF5/xQ"},"_chains":{"BfJl6XuJapEZYwoMJZINocENseIyhnGQHy6EVF8F3RVT":{"chainKey":{"counter":1},"chainType":2,"messageKeys":{}},"BWOTZz3GXnMS86A4VrHI1q3VOupHnnDl7YgXg9cM+ugY":{"chainKey":{"counter":1},"chainType":2,"messageKeys":{}},"BX4+4101QzMK3qcUh1vBiLrMW7zK9u62ANwmhFs4Qt9Z":{"chainKey":{"counter":0,"key":"MT0oht8KvqItQR1Mq78gO8bTtTTmY7AqZGHakjg0O0A="},"chainType":2,"messageKeys":{}},"BW7oAj2as5VM9ODjf39wU8SQUDKa5oUq08fx6UnJtkJ1":{"chainKey":{"counter":-1,"key":"6MA5wwbqUACxL4w4EUEa3mpJsySBLrfVS8W1VDqcE8w="},"chainType":1,"messageKeys":{}}}}},"version":"v1"}