{"_sessions":{"Bf5Ylqxjf7KwbPG2hy9RfRx2QE4lmCdKfJRDg7I7jct0":{"registrationId":2719,"currentRatchet":{"ephemeralKeyPair":{"pubKey":"BeW7zlRfVY0pbdnvWcbcn6UU4lmJLrnpOo7evo3r48YU","privKey":"8EKHM7X7SorPhICXhExhOzMmhMEaCoybe/Phg37cY0k="},"lastRemoteEphemeralKey":"BT/UIaJmUPjwBngSm0yxKeuUwq8NN86vVgpFwrgAlLVW","previousCounter":0,"rootKey":"65NsJJo+5skth30lV7AKm/NcFfmfKVdbN2iuvtdmQ0g="},"indexInfo":{"baseKey":"Bf5Ylqxjf7KwbPG2hy9RfRx2QE4lmCdKfJRDg7I7jct0","baseKeyType":1,"closed":-1,"used":1756158052323,"created":1756158052323,"remoteIdentityKey":"BckJp4debILdBqYm4tUrpZ1q1fW6rBjsgDIq/lFLLjwy"},"_chains":{"BeW7zlRfVY0pbdnvWcbcn6UU4lmJLrnpOo7evo3r48YU":{"chainKey":{"counter":5,"key":"ztkQipUBq5JYKFyEnvTw7SNgwnlyiHEdfe6HqKCdvrU="},"chainType":1,"messageKeys":{}}},"pendingPreKey":{"signedKeyId":1,"baseKey":"Bf5Ylqxjf7KwbPG2hy9RfRx2QE4lmCdKfJRDg7I7jct0","preKeyId":162}}},"version":"v1"}