{"_sessions":{"BckRx66wPITchiBtIR13TYrym6c1nuOBVsE3FdVzT1Rj":{"registrationId":759480219,"currentRatchet":{"ephemeralKeyPair":{"pubKey":"BeumUPB+AzDa8crIVQKWJrbF1QbapOGj2NMqfimCOQlp","privKey":"cPxI/7akQnARpy6Nmb9t/benQN0NdA8yU9XregFPRWs="},"lastRemoteEphemeralKey":"BaooMAZ4E3Zyy58iz6CPVmTId+IBg7XWYeYrseel96J0","previousCounter":0,"rootKey":"xzbaqshk41hQkXf2SYnDvlHvtvp53N4jQtH7k68rq1o="},"indexInfo":{"baseKey":"BckRx66wPITchiBtIR13TYrym6c1nuOBVsE3FdVzT1Rj","baseKeyType":1,"closed":-1,"used":1756158052629,"created":1756158052629,"remoteIdentityKey":"BWat21KdGS9E0RJAc71hOK/PrZklGqERVfPu+/oIZBNZ"},"_chains":{"BeumUPB+AzDa8crIVQKWJrbF1QbapOGj2NMqfimCOQlp":{"chainKey":{"counter":5,"key":"4eU0JzIMwFR0g2sjFvi4YDg3a4EAhts0G3qEjSqCBUw="},"chainType":1,"messageKeys":{}}},"pendingPreKey":{"signedKeyId":11,"baseKey":"BckRx66wPITchiBtIR13TYrym6c1nuOBVsE3FdVzT1Rj","preKeyId":3133935}}},"version":"v1"}