{"_sessions":{"BVgkewJ8cvN9+zog1uyY9RTQJxHyB9CLgKmbqvUhjgdx":{"registrationId":929850703,"currentRatchet":{"ephemeralKeyPair":{"pubKey":"BYqQgq6hwMYGj+PhmwhzGs1DRRzb5EIuQP3idlxRaiAO","privKey":"oPMzXtmqdJ72qjaDquIVLmnt1c2gZsSLawxEOuUiSmU="},"lastRemoteEphemeralKey":"BdVTNYuyx2BvTmLf7ByJGtBs9iS5gEM1Q9lVcET24IxB","previousCounter":0,"rootKey":"21oxvYfKR8Uwx2885Lm5T71LrLDUs18zi2eJkcem51g="},"indexInfo":{"baseKey":"BVgkewJ8cvN9+zog1uyY9RTQJxHyB9CLgKmbqvUhjgdx","baseKeyType":1,"closed":-1,"used":1756289237961,"created":1756244447257,"remoteIdentityKey":"BdqyO5IKBZHZH6QTvFhNeLjVYiP1PCa+LvbA2tyoHkJ3"},"_chains":{"BY4hyS+8cNXeV1XhKvnj6WhzuR3kyykoaD2whdaSlPwI":{"chainKey":{"counter":0},"chainType":2,"messageKeys":{}},"BdVTNYuyx2BvTmLf7ByJGtBs9iS5gEM1Q9lVcET24IxB":{"chainKey":{"counter":0,"key":"uWKtrSbGpfxBy0mFPhdO2dc2XBXYh69KFRtIFnT/x20="},"chainType":2,"messageKeys":{}},"BYqQgq6hwMYGj+PhmwhzGs1DRRzb5EIuQP3idlxRaiAO":{"chainKey":{"counter":3,"key":"dMcJ76VP1EUrTi0TbyQ9sBNBREYJ2E46xeGTO+hGkEs="},"chainType":1,"messageKeys":{}}}}},"version":"v1"}