{"_sessions":{"BfYsj6Oc0+tnkTzNPFek9EeMVPxMaNHOhB3JlauODGdd":{"registrationId":949082026,"currentRatchet":{"ephemeralKeyPair":{"pubKey":"BTQ583/3AJxXGTpZn1j237jixN1vFbm51DQSDrdtC9NZ","privKey":"2B13uVadZAQwMD3por2TowAO+m6UiSWE8ac9Zg/pWUs="},"lastRemoteEphemeralKey":"BTV8QW8PB8yVYdfHdV8k5zd1dBYtsDjZjl3TrPDy3ZB4","previousCounter":0,"rootKey":"dR+Gd5PO8vpv56coOhUCc8Jo3g96i03urlyoZNJbIR0="},"indexInfo":{"baseKey":"BfYsj6Oc0+tnkTzNPFek9EeMVPxMaNHOhB3JlauODGdd","baseKeyType":1,"closed":-1,"used":1756158052399,"created":1756158052399,"remoteIdentityKey":"BUTYdoiY2Mo2qQjWNzQkUJMfImpvUG3iAlQai3WE9U0c"},"_chains":{"BTQ583/3AJxXGTpZn1j237jixN1vFbm51DQSDrdtC9NZ":{"chainKey":{"counter":5,"key":"YP5uKDcYleAhrGZI9gTYjp1ts9s5Ve/BQ5JqB+YljAg="},"chainType":1,"messageKeys":{}}},"pendingPreKey":{"signedKeyId":27,"baseKey":"BfYsj6Oc0+tnkTzNPFek9EeMVPxMaNHOhB3JlauODGdd","preKeyId":8851281}}},"version":"v1"}