{"_sessions":{"BdY0uS+89WbYF68lpQId2QeofXK31gTDzYOrCBv0sxRL":{"registrationId":848605074,"currentRatchet":{"ephemeralKeyPair":{"pubKey":"BeiT7jfBR+ybxoMy57kHH+L2b4HF+5vQTFZAztC6xzQQ","privKey":"8EMMrquWwhtEE2IlTaQTy+NuWPvlfOR3WkEvojQay2Q="},"lastRemoteEphemeralKey":"BYIVy7exxyNx06cLWeabIBD8aRQpjEGJyVqSDg4Fq5I/","previousCounter":0,"rootKey":"JNuNnx+PV6hBlplILlKW9oabstmHtvGivWWQbOa+980="},"indexInfo":{"baseKey":"BdY0uS+89WbYF68lpQId2QeofXK31gTDzYOrCBv0sxRL","baseKeyType":1,"closed":-1,"used":1756158052529,"created":1756158052529,"remoteIdentityKey":"BaC/WQN9P9ydEIyTvH+kmfIarpYdqtWiQ29eQnuzX68p"},"_chains":{"BeiT7jfBR+ybxoMy57kHH+L2b4HF+5vQTFZAztC6xzQQ":{"chainKey":{"counter":5,"key":"7992IL0YlOnjS1m3dWxPzh20IQTbAJekWALWBkxBsxc="},"chainType":1,"messageKeys":{}}},"pendingPreKey":{"signedKeyId":11350237,"baseKey":"BdY0uS+89WbYF68lpQId2QeofXK31gTDzYOrCBv0sxRL","preKeyId":387}}},"version":"v1"}