{"_sessions":{"BQyFxXRudDC2P7TxMOtZTLuh2BSQlt9O1xk93xrDUgAu":{"registrationId":497006077,"currentRatchet":{"ephemeralKeyPair":{"pubKey":"Ba+D3txnNSvnhCPnYjRCdBFk/95xcQZLzQiEbAoPvyke","privKey":"cAscDt806BUZvo5xe1YwyORvYcwwPo0lOJmgEgvzNGc="},"lastRemoteEphemeralKey":"BcADqBb7XKux0CyBRlCkVvHgtxMO1h1+bTE5b6DG8K11","previousCounter":0,"rootKey":"+cEeWE87WlcolK+mN1P5Fh3qnpEDgx3B3qZS4i/THMY="},"indexInfo":{"baseKey":"BQyFxXRudDC2P7TxMOtZTLuh2BSQlt9O1xk93xrDUgAu","baseKeyType":1,"closed":-1,"used":1756241679886,"created":1756158052430,"remoteIdentityKey":"BTjR3EhXLd0Sdfb9eLAC0BaE/iRGopEAZVE/TnzmC5s9"},"_chains":{"BcADqBb7XKux0CyBRlCkVvHgtxMO1h1+bTE5b6DG8K11":{"chainKey":{"counter":3,"key":"hUcFNidOPdtNy1XG4sxKlMPanADr0o4+p3fnXktWz1Q="},"chainType":2,"messageKeys":{"1":"kPfFQ4bQ65Dh6d3ls9vw32ryunMMfY3FGaMCqEouLvE="}},"Ba+D3txnNSvnhCPnYjRCdBFk/95xcQZLzQiEbAoPvyke":{"chainKey":{"counter":4,"key":"+wXENNz0OiLZR3TA/h33CSpvRaBl9mNqkh9ItJNnltc="},"chainType":1,"messageKeys":{}}}}},"version":"v1"}