{"_sessions":{"Bcdi8fDZof/IOjcNXmvpvNyOVUPa7fFiD0JJcrphx8B+":{"registrationId":7913,"currentRatchet":{"ephemeralKeyPair":{"pubKey":"BcmOU7kfrWTOrxfOaqxDRHNHJAOB3p03OaCZxuvP1sNW","privKey":"YBf1T9Rtjr1YSmQ5S8Hct8YkVfDrn3rmQCD05VsJrls="},"lastRemoteEphemeralKey":"BWU9u/xOhhuSgCHexUbVAhUSxA4ytUdlCPLAYyG/K/Ja","previousCounter":0,"rootKey":"ArqjLZw1kH8OzfRToU1dHWEdrPIu2bYHvClR7yjGdrM="},"indexInfo":{"baseKey":"Bcdi8fDZof/IOjcNXmvpvNyOVUPa7fFiD0JJcrphx8B+","baseKeyType":1,"closed":-1,"used":1756158052334,"created":1756158052334,"remoteIdentityKey":"BRq8QexTr8IFcsc2Jt85kfMkGjNiNp/g+XJNcEE9rUY/"},"_chains":{"BcmOU7kfrWTOrxfOaqxDRHNHJAOB3p03OaCZxuvP1sNW":{"chainKey":{"counter":5,"key":"cJqRYljmZD4oNtW37+O0PPOBG57HJvO7GOw2zm3j0jM="},"chainType":1,"messageKeys":{}}},"pendingPreKey":{"signedKeyId":2,"baseKey":"Bcdi8fDZof/IOjcNXmvpvNyOVUPa7fFiD0JJcrphx8B+","preKeyId":768}}},"version":"v1"}