{"_sessions":{"BZS+DAWRUbfhDXLU6Up/AMWavIXRqe8p0uqtzgkNP49w":{"registrationId":1317888736,"currentRatchet":{"ephemeralKeyPair":{"pubKey":"BfLiIEh1a5WlnAAOxbzanOeLcGUFv7/f9TURXvdNLnhT","privKey":"uF+XsmawE2SCGCcxIUxly8aYstSjpJ/fAGb8GQMwxWI="},"lastRemoteEphemeralKey":"BYnsL3mBu+D2tLQKhxo0nhbGIP3/DeyWJddsnR7FT1UX","previousCounter":0,"rootKey":"ID1RW3PjZO05xBcjUHN6eVVlupO3mo4PEegqLmPYua0="},"indexInfo":{"baseKey":"BZS+DAWRUbfhDXLU6Up/AMWavIXRqe8p0uqtzgkNP49w","baseKeyType":1,"closed":-1,"used":1756158052594,"created":1756158052594,"remoteIdentityKey":"BXvstMn7Cq/uqeJVGrzVjBwm8TkVif42shFQzrKNpIIA"},"_chains":{"BfLiIEh1a5WlnAAOxbzanOeLcGUFv7/f9TURXvdNLnhT":{"chainKey":{"counter":5,"key":"/quuMrVmHXImWd/qC+TWmZOiNS371ozke7JeMqJVe88="},"chainType":1,"messageKeys":{}}},"pendingPreKey":{"signedKeyId":13,"baseKey":"BZS+DAWRUbfhDXLU6Up/AMWavIXRqe8p0uqtzgkNP49w","preKeyId":15611184}}},"version":"v1"}