{"_sessions":{"BRFBlpgr0KYLXKhPmylQS+0vTN58VwEZ428sQ79dZ+4r":{"registrationId":2115707890,"currentRatchet":{"ephemeralKeyPair":{"pubKey":"BZ2fMTtr4laImbUi/g9jbdwuq9eTj/94/GOzhyvmv9Za","privKey":"iBYHSHMfc+HjaBXDy1hvCuJjyc/eM9koUIAb1f2g0k8="},"lastRemoteEphemeralKey":"BRlNClLA7vtr3slfmkv8zRGe404Q36L394HvwpN5OVwH","previousCounter":0,"rootKey":"DYjO8UMf+55Drrfd2E700hllbxbyju9KvHB6KX2BCqM="},"indexInfo":{"baseKey":"BRFBlpgr0KYLXKhPmylQS+0vTN58VwEZ428sQ79dZ+4r","baseKeyType":1,"closed":-1,"used":1756158052272,"created":1756158052272,"remoteIdentityKey":"BU8wt2hvDLELBs4I5qoxBLkRHkc6pmS7V4zYBKyHTTxY"},"_chains":{"BZ2fMTtr4laImbUi/g9jbdwuq9eTj/94/GOzhyvmv9Za":{"chainKey":{"counter":5,"key":"nzlyv6yt//cpeSu64vWc+wlWHmvxUizRuiVc1URA7ZA="},"chainType":1,"messageKeys":{}}},"pendingPreKey":{"signedKeyId":1,"baseKey":"BRFBlpgr0KYLXKhPmylQS+0vTN58VwEZ428sQ79dZ+4r","preKeyId":100}}},"version":"v1"}