{"_sessions":{"BapjCw0RWFRD7FQAgHTVKA9HJqA3vmFBV2ORi3GDiMsP":{"registrationId":974178693,"currentRatchet":{"ephemeralKeyPair":{"pubKey":"BW4PVJGUkRa675EcwOpvW6DKzbSyY749TN9YWTE3TN4F","privKey":"OI2wWyIuDbp4aq+WoRXBrJygTKo0CEBuDO6UJLRDOkc="},"lastRemoteEphemeralKey":"BZwG1rP8vPfTcOGlV2I8sEfr6TYh1bNsxUSNFAlRpZd3","previousCounter":0,"rootKey":"2Dm7IyOC56TERoTQp19o0BATdOL2AfChFAdrjAvTnlY="},"indexInfo":{"baseKey":"BapjCw0RWFRD7FQAgHTVKA9HJqA3vmFBV2ORi3GDiMsP","baseKeyType":1,"closed":-1,"used":1756158052315,"created":1756158052315,"remoteIdentityKey":"BVnBcxGq+L8nmywmgVjvwe8O8fVPuV2CerFTJR0osCoX"},"_chains":{"BW4PVJGUkRa675EcwOpvW6DKzbSyY749TN9YWTE3TN4F":{"chainKey":{"counter":5,"key":"YXDYEAtkH6Upl3HT1xBLs/lSsfBsk7n2dSuiKosX498="},"chainType":1,"messageKeys":{}}},"pendingPreKey":{"signedKeyId":1,"baseKey":"BapjCw0RWFRD7FQAgHTVKA9HJqA3vmFBV2ORi3GDiMsP"}}},"version":"v1"}