{"_sessions":{"Bf37PU9o2j1uNq2IvzbP+QddqdvAe+pBc4OnMwwHBIUm":{"registrationId":1825399276,"currentRatchet":{"ephemeralKeyPair":{"pubKey":"BURE6/k6BVm/tOvpFbF3rOTZPPYmXINcJq7WgYIqOdl+","privKey":"GDoyfbkrpsAcm0FMPOZ7oGTtxLkliBmYNdCtV78v6F4="},"lastRemoteEphemeralKey":"BdK0M9NWCeaJrkBl+8NtPceFk7KASVtDIGeKkYmwHA9w","previousCounter":0,"rootKey":"08ENPdGDZOIqEKO+336A3CpwN/VLfLSS8hHeIdEgg80="},"indexInfo":{"baseKey":"Bf37PU9o2j1uNq2IvzbP+QddqdvAe+pBc4OnMwwHBIUm","baseKeyType":1,"closed":-1,"used":1756158052309,"created":1756158052309,"remoteIdentityKey":"BVzHEGYby0YOW9DOKFxl/NGhdRZcA9ZxgCLlYGnfZmMT"},"_chains":{"BURE6/k6BVm/tOvpFbF3rOTZPPYmXINcJq7WgYIqOdl+":{"chainKey":{"counter":5,"key":"PN36VnTYH66KCctxOFBPspy76FCZi+0lgKZ0tVBzYHM="},"chainType":1,"messageKeys":{}}},"pendingPreKey":{"signedKeyId":9380145,"baseKey":"Bf37PU9o2j1uNq2IvzbP+QddqdvAe+pBc4OnMwwHBIUm","preKeyId":910}}},"version":"v1"}