{"_sessions":{"BR0dP/qRpDX2/vVGT67BY8MOYS7YhDuFh2a8MTZlX90r":{"registrationId":9334,"currentRatchet":{"ephemeralKeyPair":{"pubKey":"BYell6yJaoyirGj66D7Zm4APZ4iNUduPuigV819BEK5M","privKey":"IILf3hjaboYxzWKj82We+7V5DKHdqThd2FaIn6Ub/nc="},"lastRemoteEphemeralKey":"BXAhSuqB0o0ICqA6Z4GrjuO5PRMtnPohPMWqo6hp43gW","previousCounter":0,"rootKey":"oukjg5PF9CfvrCVzOcgZ8dDfgnRepy4agRSySo5Fugg="},"indexInfo":{"baseKey":"BR0dP/qRpDX2/vVGT67BY8MOYS7YhDuFh2a8MTZlX90r","baseKeyType":1,"closed":-1,"used":1756158052335,"created":1756158052335,"remoteIdentityKey":"BQmOqKb7KlpQ5VsfWTmAyjc03tF/dDVG8IjNz95bWGlG"},"_chains":{"BYell6yJaoyirGj66D7Zm4APZ4iNUduPuigV819BEK5M":{"chainKey":{"counter":5,"key":"gylGa1l1b97o6ypZ2aLtgKpjvDGnmNbOAymZfFuAqps="},"chainType":1,"messageKeys":{}}},"pendingPreKey":{"signedKeyId":1,"baseKey":"BR0dP/qRpDX2/vVGT67BY8MOYS7YhDuFh2a8MTZlX90r","preKeyId":1628}}},"version":"v1"}