{"_sessions":{"BXY71mvAAXNlcCAaeafA2FTWjC/YIwG/LJ2rxIt69/Nq":{"registrationId":9477,"currentRatchet":{"ephemeralKeyPair":{"pubKey":"BdSMS0UhRdoJXCcz03tXMHyJOKoDU0bzOU7txh3yE8xQ","privKey":"gO8+1bop+2igmhJSY8d37+hqTfjFQyA979sCBDB8pEA="},"lastRemoteEphemeralKey":"BTgDaRemEAk7LWVt4WOL0rb/q+4RoB9qSCHNkttmwi9k","previousCounter":0,"rootKey":"HqCZljXxlkthMhcD6emm7cVIfbdmSABzjB6QGryE43g="},"indexInfo":{"baseKey":"BXY71mvAAXNlcCAaeafA2FTWjC/YIwG/LJ2rxIt69/Nq","baseKeyType":1,"closed":-1,"used":1756158052381,"created":1756158052381,"remoteIdentityKey":"BVqxtW3kDyEBDwsLKRkHstqRr3g/VWaNyVzQQMHG7rku"},"_chains":{"BdSMS0UhRdoJXCcz03tXMHyJOKoDU0bzOU7txh3yE8xQ":{"chainKey":{"counter":5,"key":"DOYM+ac+ozp1vzGjI+6OEjLsEJJTJhSiuShqCf2xzzs="},"chainType":1,"messageKeys":{}}},"pendingPreKey":{"signedKeyId":1,"baseKey":"BXY71mvAAXNlcCAaeafA2FTWjC/YIwG/LJ2rxIt69/Nq","preKeyId":650}}},"version":"v1"}