{"_sessions":{"BXAzivKqgMwzth59RXErv37MTMomL5wzcLMs01zqdrYw":{"registrationId":1496816536,"currentRatchet":{"ephemeralKeyPair":{"pubKey":"BfXBEBITge3oo3hpaI0uRS5KB29HA+dYyGauXN67GX9Y","privKey":"UJtjiWdatsy+YW9vjRQxf1/GmnrkeA242dOpx6RIAn8="},"lastRemoteEphemeralKey":"BT/gpiFLaG1/c9oCma07xUbxxYuN3k+cXl8rwhEaMnJZ","previousCounter":0,"rootKey":"I7BQ8meN+6T6Yxm+OiuWwIcdx5WQprn0iVzFjJ64AMs="},"indexInfo":{"baseKey":"BXAzivKqgMwzth59RXErv37MTMomL5wzcLMs01zqdrYw","baseKeyType":1,"closed":-1,"used":1756158052598,"created":1756158052598,"remoteIdentityKey":"BZC+0qEBfI/dTI62ec5U+puFayyX/iCcl33mlNRl3hcz"},"_chains":{"BfXBEBITge3oo3hpaI0uRS5KB29HA+dYyGauXN67GX9Y":{"chainKey":{"counter":5,"key":"FpI1RYdwk0noYAzCuahKnDJ40DGUdcVNrnyspn1JosE="},"chainType":1,"messageKeys":{}}},"pendingPreKey":{"signedKeyId":370208,"baseKey":"BXAzivKqgMwzth59RXErv37MTMomL5wzcLMs01zqdrYw","preKeyId":877}}},"version":"v1"}