{"_sessions":{"BaiV9ATaolhKfDZGa4bZ31IP6bb1QtJAjH1GGwm+X8tn":{"registrationId":1607424156,"currentRatchet":{"ephemeralKeyPair":{"pubKey":"BS65sR8vFWyJpMeaLWK2TKCJxXrKaM3cEa76vdp/ucYC","privKey":"MPzZsvlwN+hK6/BQFKGiNbYtJZFEFZNtoPbopK/c838="},"lastRemoteEphemeralKey":"BQLREZr4aKuM3GClUo77l555HhnUBxeOzA3NykeTqoxf","previousCounter":0,"rootKey":"ZGoqG74oGvM0CmurDPWkpzNuZIT0ZiTLzZTJ3LjFxm4="},"indexInfo":{"baseKey":"BaiV9ATaolhKfDZGa4bZ31IP6bb1QtJAjH1GGwm+X8tn","baseKeyType":1,"closed":-1,"used":1756158052540,"created":1756158052540,"remoteIdentityKey":"BS4hiUSG2ba8Aq+EdL9lb/hQpkhxG37VukIJ/ETR0WFY"},"_chains":{"BS65sR8vFWyJpMeaLWK2TKCJxXrKaM3cEa76vdp/ucYC":{"chainKey":{"counter":5,"key":"2DExBvR0GrzSfndkotKI2HFz38cnmw/YRSscfljR5CY="},"chainType":1,"messageKeys":{}}},"pendingPreKey":{"signedKeyId":6136274,"baseKey":"BaiV9ATaolhKfDZGa4bZ31IP6bb1QtJAjH1GGwm+X8tn","preKeyId":822}}},"version":"v1"}