{"_sessions":{"BRtXGFSE4xqFqBpIgH8SLrk0H9oS1t9aVl2cmYP1S1EM":{"registrationId":1204724442,"currentRatchet":{"ephemeralKeyPair":{"pubKey":"BSFOdBb4C/ZQcgL4NypmbzyANDRp9XMkiZ6auLN9qcgM","privKey":"eN6BSeHDIKdgFy+VRYFqaxiH1JWfE6rnum4Kzdv2MF0="},"lastRemoteEphemeralKey":"BRq/JP2vF9EhGe8Y9clIq6m5D7lbY86GHuEzNoe0VKsp","previousCounter":0,"rootKey":"OzwD3tGjldTyQtuzl8rvmWe6Ox3TIKsnmuvFqmV1hZI="},"indexInfo":{"baseKey":"BRtXGFSE4xqFqBpIgH8SLrk0H9oS1t9aVl2cmYP1S1EM","baseKeyType":1,"closed":-1,"used":1756158052438,"created":1756158052438,"remoteIdentityKey":"BVGyWNLWbtEP2Lzn+vWkdHTpAJUuJcGeboh/QyzA4HID"},"_chains":{"BSFOdBb4C/ZQcgL4NypmbzyANDRp9XMkiZ6auLN9qcgM":{"chainKey":{"counter":5,"key":"BmbBLpZFKlLo+mBEz6zfxzf1UJ/VO1KKquhYtrdMbBc="},"chainType":1,"messageKeys":{}}},"pendingPreKey":{"signedKeyId":0,"baseKey":"BRtXGFSE4xqFqBpIgH8SLrk0H9oS1t9aVl2cmYP1S1EM","preKeyId":3068311}}},"version":"v1"}