{"_sessions":{"BWmNa6GVUKt9PRKR0ATO/CQwtWhxXwH/wPDH3bx0XnwS":{"registrationId":1233006507,"currentRatchet":{"ephemeralKeyPair":{"pubKey":"BY2zbV4b2xnevYYVRcCP9aLjEM9lUjv3TKiLj6MWEG8q","privKey":"GAvkZkzi9dWhb4DIZicH8mRTGaMRMIh9fyeSfCpsdUI="},"lastRemoteEphemeralKey":"BQKyUPyG0AJ497LXeNeqg7ZTSejbOmCuLyQYXbmoCEwj","previousCounter":0,"rootKey":"4K/Wod5mMjev+wSaKoVxPfWK0KFKZFNPtf8Rs33gOJ8="},"indexInfo":{"baseKey":"BWmNa6GVUKt9PRKR0ATO/CQwtWhxXwH/wPDH3bx0XnwS","baseKeyType":1,"closed":-1,"used":1756158052527,"created":1756158052527,"remoteIdentityKey":"BZt6MRyJ+W5YlAWBizaF95jod33mMr1+3T9jCr6G9OxJ"},"_chains":{"BY2zbV4b2xnevYYVRcCP9aLjEM9lUjv3TKiLj6MWEG8q":{"chainKey":{"counter":5,"key":"7J/Av1xVnUrTKexFY2xrvCCJ4VVnY8R/+SS1uNbjyCc="},"chainType":1,"messageKeys":{}}},"pendingPreKey":{"signedKeyId":11,"baseKey":"BWmNa6GVUKt9PRKR0ATO/CQwtWhxXwH/wPDH3bx0XnwS","preKeyId":4695463}}},"version":"v1"}