{"_sessions":{"BaVo2grvC2PCAwMeQJMJjPwBhrUz6GiLkNgLJzLIYwx7":{"registrationId":1474434707,"currentRatchet":{"ephemeralKeyPair":{"pubKey":"Ba7qFY2YHzZGtH1ZzDtykGlq2fgGo/L/Vdtjy4FyO6I0","privKey":"EBk0KvRfJCubsfsTpZO8iLfCc6cKi5nJ9Q+UP4Zq/3c="},"lastRemoteEphemeralKey":"BTXXwhybezYB33ANzMHh8EYLa9ssUA6wtUdAEX57yepy","previousCounter":0,"rootKey":"Fjd92nvwsr487dWMtbrFJ4UwSd4gquUnw50ozLMkTdE="},"indexInfo":{"baseKey":"BaVo2grvC2PCAwMeQJMJjPwBhrUz6GiLkNgLJzLIYwx7","baseKeyType":1,"closed":-1,"used":1756158052474,"created":1756158052474,"remoteIdentityKey":"BWoQlgOb3VMcTkkE9/C9IXPrGobltYBLw3og6gr5zKsX"},"_chains":{"Ba7qFY2YHzZGtH1ZzDtykGlq2fgGo/L/Vdtjy4FyO6I0":{"chainKey":{"counter":5,"key":"F16QUevFBs2HRuzGCSFJQydxTFw8bQVzzx4wLkRUCTY="},"chainType":1,"messageKeys":{}}},"pendingPreKey":{"signedKeyId":19,"baseKey":"BaVo2grvC2PCAwMeQJMJjPwBhrUz6GiLkNgLJzLIYwx7","preKeyId":366621}}},"version":"v1"}