{"_sessions":{"BQJobEMkQefRX2MK7LleL83/ZB+5Nil00r53NrSsc9xI":{"registrationId":56954980,"currentRatchet":{"ephemeralKeyPair":{"pubKey":"BXB/JJIQd/N8ycF+DOkiX3zUD7vT0QMozPMZHMyEAEh+","privKey":"cMJkviEu9/MT5gFo3pLChmRgl9QoZDHh8xAWutZ9l0k="},"lastRemoteEphemeralKey":"BW3GP5/4PeCR5GqicPQ20q3ZaH06fMSHyd8rnNAbhcdM","previousCounter":0,"rootKey":"66l+P0egY7B/anwjcwX5lqogNPim3EyKjaUTGOKijEQ="},"indexInfo":{"baseKey":"BQJobEMkQefRX2MK7LleL83/ZB+5Nil00r53NrSsc9xI","baseKeyType":1,"closed":-1,"used":1756158052434,"created":1756158052434,"remoteIdentityKey":"BRbdhi1OeZgZRDl+IPrDTHwL+N/i7hDexioQStIQUgE4"},"_chains":{"BXB/JJIQd/N8ycF+DOkiX3zUD7vT0QMozPMZHMyEAEh+":{"chainKey":{"counter":5,"key":"TQKDEpLixSKPQibob97SLWEVlUo+I9RpgfDA3kbtiT4="},"chainType":1,"messageKeys":{}}},"pendingPreKey":{"signedKeyId":2730579,"baseKey":"BQJobEMkQefRX2MK7LleL83/ZB+5Nil00r53NrSsc9xI","preKeyId":4959}}},"version":"v1"}