{"_sessions":{"BQr12aiwc4fnCuCo9s5ACNAQzy+iTAM2cnqIhJAzwz58":{"registrationId":948904103,"currentRatchet":{"ephemeralKeyPair":{"pubKey":"BXI2UTqZi2i01QK4wNYTbxwmGkGPDbrrGr/g0lmX0kox","privKey":"kFd5VcV/lB72hJ3WjNJqk42dyMMUt9OLOL27aoCirm4="},"lastRemoteEphemeralKey":"BSPZvGxqtYP95svMHSNkvDL7WoJ2dYaRDLmcmnncZqYG","previousCounter":0,"rootKey":"DwPMQxjR9ucGvR3Fy3X9l3NdGI42tJ4L1l3GPmMOpfw="},"indexInfo":{"baseKey":"BQr12aiwc4fnCuCo9s5ACNAQzy+iTAM2cnqIhJAzwz58","baseKeyType":1,"closed":-1,"used":1756158052630,"created":1756158052630,"remoteIdentityKey":"BVjlTSxxbts+9SKCq+FXX/NokQingzycY8JcckKktM8X"},"_chains":{"BXI2UTqZi2i01QK4wNYTbxwmGkGPDbrrGr/g0lmX0kox":{"chainKey":{"counter":5,"key":"6b+EpGf5r8DvMFt8/vNpdsi7sl6svA4Ns7cfEIrBrlw="},"chainType":1,"messageKeys":{}}},"pendingPreKey":{"signedKeyId":5733669,"baseKey":"BQr12aiwc4fnCuCo9s5ACNAQzy+iTAM2cnqIhJAzwz58","preKeyId":1768}}},"version":"v1"}