{"_sessions":{"BY7ebAJXLxUawT2zHWKWmO1LT3kFc8tz/ko4FGcNIZNo":{"registrationId":1926537239,"currentRatchet":{"ephemeralKeyPair":{"pubKey":"BerobNM+bxpz5gy+B34ACudjQf6OsL8iGBepT8h/LHUh","privKey":"OG8YFRSkbwuwOKdH92EhpzwqMh+7ydDU5SkbhzaFpXo="},"lastRemoteEphemeralKey":"BXVPGS5Af+S6sRxFx6uadViHUaox5D+OwqaiI3IjVgo6","previousCounter":0,"rootKey":"5r8wqoer/sAUjVSsa01fg3LHFJpCLpyYHAwQAg14fZ4="},"indexInfo":{"baseKey":"BY7ebAJXLxUawT2zHWKWmO1LT3kFc8tz/ko4FGcNIZNo","baseKeyType":1,"closed":-1,"used":1756158052550,"created":1756158052550,"remoteIdentityKey":"BRShiIR1GPjDBlnYIRoMggUkS8VOv4EJCLsi/hovoOhl"},"_chains":{"BerobNM+bxpz5gy+B34ACudjQf6OsL8iGBepT8h/LHUh":{"chainKey":{"counter":5,"key":"cx24UGVwx7jaY5luT3B4wadGI6JN77Bm4GdwgAWrg7s="},"chainType":1,"messageKeys":{}}},"pendingPreKey":{"signedKeyId":53,"baseKey":"BY7ebAJXLxUawT2zHWKWmO1LT3kFc8tz/ko4FGcNIZNo","preKeyId":10928879}}},"version":"v1"}