{"_sessions":{"BSkI4YVITaK6igLSFiQRKxaGbvxxLk6IWIPbDcDDel9n":{"registrationId":214788311,"currentRatchet":{"ephemeralKeyPair":{"pubKey":"BQ1ALFDjhDqSrfJP/+GwmALMlfW5An2oF/jQ3oQxajNZ","privKey":"cCDTkehNJ1PwBO1KcGa7iV9RPCgF0KnaRtswanf0YEk="},"lastRemoteEphemeralKey":"Be5gIdMc7xsM41wVibeZ9i6GRBFMDEyonmOffHh6UC1U","previousCounter":4,"rootKey":"s74pSExTSRBawbKp+M5sowvNjerrWUDP7tc4bRq5NDc="},"indexInfo":{"baseKey":"BSkI4YVITaK6igLSFiQRKxaGbvxxLk6IWIPbDcDDel9n","baseKeyType":1,"closed":-1,"used":1756373217836,"created":1756158052642,"remoteIdentityKey":"Bel2Q79SdrYsCMb5CEaCfNo8gyWooiKT04A5kmUnVtAl"},"_chains":{"Be5gIdMc7xsM41wVibeZ9i6GRBFMDEyonmOffHh6UC1U":{"chainKey":{"counter":0,"key":"XeR2PQyzs4I9cQpLr73Ue6oseZJue0O4Og4RjmytLZA="},"chainType":2,"messageKeys":{}},"BQ1ALFDjhDqSrfJP/+GwmALMlfW5An2oF/jQ3oQxajNZ":{"chainKey":{"counter":0,"key":"vnf+5/DD1sB3EYV0v80yazG3Xuezclh2FtgGZBvSodE="},"chainType":1,"messageKeys":{}}}}},"version":"v1"}