{"_sessions":{"BRtfBi/gdNlPf148l8AXe8ckArGfwmp57PtKnyXYpShM":{"registrationId":6890,"currentRatchet":{"ephemeralKeyPair":{"pubKey":"BfCPSk1Cz/pu4R4Fl76WsG9G3MYht8wUekpsBqtJI9tL","privKey":"IFUYL3skVsg8qBkwrZ0LeSitlqypdRQL+oljuCL+3Uc="},"lastRemoteEphemeralKey":"BZwaab7+NTWawwVlIRqk67FIZUdDlQNn94fMhiVl69pr","previousCounter":0,"rootKey":"kUoB9tPhtUBmaS8isAycUxYy0vUte+krKZz4qYLo7V8="},"indexInfo":{"baseKey":"BRtfBi/gdNlPf148l8AXe8ckArGfwmp57PtKnyXYpShM","baseKeyType":1,"closed":-1,"used":1756158052382,"created":1756158052382,"remoteIdentityKey":"BUEuxQPAqWLl03mminGtqlbZJanpLFjJkHUIvffbts0C"},"_chains":{"BfCPSk1Cz/pu4R4Fl76WsG9G3MYht8wUekpsBqtJI9tL":{"chainKey":{"counter":5,"key":"Vt2YxzWryrE6Rg66dOnrxYXrcIMAxUVIOwEpTFLe8Xk="},"chainType":1,"messageKeys":{}}},"pendingPreKey":{"signedKeyId":1,"baseKey":"BRtfBi/gdNlPf148l8AXe8ckArGfwmp57PtKnyXYpShM","preKeyId":18}}},"version":"v1"}