{"_sessions":{"BVJVRuqDZWks2Jo7Oof6Uydi1UMfp5VcWe9e8Jf2yuUw":{"registrationId":10147,"currentRatchet":{"ephemeralKeyPair":{"pubKey":"BQykhQsIBwfGAYQRJvzzxgef5kmt3Q/rFswoJHouxl55","privKey":"kMo85UBYpNm1F2sNexjsjeD6xWfJEz7C0BI/yVcab2s="},"lastRemoteEphemeralKey":"Bc3wVEHBoRHvDLGTMsviBI15yvxylRNvbaczOd28QjVG","previousCounter":0,"rootKey":"qhPLJaYm7JpcCFuOO5rwDfw7xvT9PKRxq5GTvSwnByo="},"indexInfo":{"baseKey":"BVJVRuqDZWks2Jo7Oof6Uydi1UMfp5VcWe9e8Jf2yuUw","baseKeyType":1,"closed":-1,"used":1756158052394,"created":1756158052394,"remoteIdentityKey":"BVr17DEMBtsmJslcsTvYavmBZjxxLhnGg4xTl8v7jhBa"},"_chains":{"BQykhQsIBwfGAYQRJvzzxgef5kmt3Q/rFswoJHouxl55":{"chainKey":{"counter":5,"key":"N9elYEjgOwbLlGruGeUMohs056Uk+H3JsPWWbpFWpag="},"chainType":1,"messageKeys":{}}},"pendingPreKey":{"signedKeyId":2,"baseKey":"BVJVRuqDZWks2Jo7Oof6Uydi1UMfp5VcWe9e8Jf2yuUw","preKeyId":5335}}},"version":"v1"}