{"_sessions":{"BUDMhlIiuzJJ6ZDD4ouJ/Dud1vmixVOGDFSy78n9B4Zb":{"registrationId":1181176412,"currentRatchet":{"ephemeralKeyPair":{"pubKey":"BSmi6xfLB1UrANasxSed4Q+ZbmAIuf+c3ZNtH8K7BTpd","privKey":"CJufCRkEfK3ZcTMBtCeFtzmgoykwSPu4uoIp4h/xekU="},"lastRemoteEphemeralKey":"BVCHsPX6YXjnJkwniKeJpfOcM25CPr3mNDrY1w/VMmok","previousCounter":0,"rootKey":"1eouqMedoHSsWDNJdcxAdoc78zEpJ/lghIcxW2vIpAk="},"indexInfo":{"baseKey":"BUDMhlIiuzJJ6ZDD4ouJ/Dud1vmixVOGDFSy78n9B4Zb","baseKeyType":1,"closed":-1,"used":1756158052636,"created":1756158052636,"remoteIdentityKey":"BWlM/WT1ppDSPhTwlkCUMEqJK7R7F8bYVrXlZC0PLnQ/"},"_chains":{"BSmi6xfLB1UrANasxSed4Q+ZbmAIuf+c3ZNtH8K7BTpd":{"chainKey":{"counter":5,"key":"ILXEejehQruXBl7vdHFALdi3Az+1Z+Eq25MBheDy0nQ="},"chainType":1,"messageKeys":{}}},"pendingPreKey":{"signedKeyId":33,"baseKey":"BUDMhlIiuzJJ6ZDD4ouJ/Dud1vmixVOGDFSy78n9B4Zb","preKeyId":45419}}},"version":"v1"}