{"_sessions":{"BdflgC208MtpwJM9A1ToJXkxT+EhAjtycoFT4MRZnn8G":{"registrationId":201418570,"currentRatchet":{"ephemeralKeyPair":{"pubKey":"BU5SYxYkab3ZKrx4HFTDbN44WnaRRn5Fq8gaP5dhhfAR","privKey":"eGJ+hQjkrA68N3O30rV7EKZd4IE7uwyLpaUcK7IofEQ="},"lastRemoteEphemeralKey":"BaJw3PwBKgTafw46X24/h7n0Jm/aEXK/Jlosu88pMs8e","previousCounter":0,"rootKey":"rNQbZ+aXwjRdysv2aQn6Owgxw+7ZlmIRJhg20KttaEY="},"indexInfo":{"baseKey":"BdflgC208MtpwJM9A1ToJXkxT+EhAjtycoFT4MRZnn8G","baseKeyType":1,"closed":-1,"used":1756158052280,"created":1756158052280,"remoteIdentityKey":"BROm+I0Jh+aOEeVZerOxsiYuEayhBPr/+5AN6WN4ycAv"},"_chains":{"BU5SYxYkab3ZKrx4HFTDbN44WnaRRn5Fq8gaP5dhhfAR":{"chainKey":{"counter":5,"key":"fOVunck1+jGdDT0JLHskCveo75fzWCMu44fwNO/JZ+c="},"chainType":1,"messageKeys":{}}},"pendingPreKey":{"signedKeyId":1,"baseKey":"BdflgC208MtpwJM9A1ToJXkxT+EhAjtycoFT4MRZnn8G","preKeyId":161}}},"version":"v1"}