{"_sessions":{"BVxCwahh4WTKX1m9j3OgPUFiGcdIycFgVS7X4/OAuHgu":{"registrationId":1404272136,"currentRatchet":{"ephemeralKeyPair":{"pubKey":"BV3Ycx0IX5sRhrCJPOoUq+gmGGy5y2+i1h94Am/DcvAi","privKey":"0JnXsdDwnyK/jqFMTsdYEdfv5+NL2niHe974tg+vPU0="},"lastRemoteEphemeralKey":"BYVFkmQeSpxKhd0nCJZeHNaCbHHH5/ppfn8OP10hTcJq","previousCounter":0,"rootKey":"GRRwKpN207wirJz5lY++vg2Qa7HSbcRG2OjtVWRi/C8="},"indexInfo":{"baseKey":"BVxCwahh4WTKX1m9j3OgPUFiGcdIycFgVS7X4/OAuHgu","baseKeyType":1,"closed":-1,"used":1756158052577,"created":1756158052577,"remoteIdentityKey":"BVRsci1pVWOMAaioGIiRFUesGtKKqg3va9zjX11PTi4U"},"_chains":{"BV3Ycx0IX5sRhrCJPOoUq+gmGGy5y2+i1h94Am/DcvAi":{"chainKey":{"counter":5,"key":"7VaDeszQq3tyBD/TUa8vNy8jlu/bEvGz3agWkVSyYII="},"chainType":1,"messageKeys":{}}},"pendingPreKey":{"signedKeyId":14010859,"baseKey":"BVxCwahh4WTKX1m9j3OgPUFiGcdIycFgVS7X4/OAuHgu","preKeyId":8161}}},"version":"v1"}