{"_sessions":{"BboytE1FbrL3TwGDSaUy70V1n+NX8HyuzAnMWcElZStp":{"registrationId":1985,"currentRatchet":{"ephemeralKeyPair":{"pubKey":"Bb/NbXeyG+Dm4ENbgBpGhw5fovuVhV6F52k6VDGgkwJ5","privKey":"gLYDcpjiApw94i5qOIXh2U0Ce4FquoakJOVg/x1U6HU="},"lastRemoteEphemeralKey":"BQigvrTzNhPsfXFiwBklY3bBMg/CUGvDHWk461wSUeQ3","previousCounter":0,"rootKey":"jZt1KnVHVMO9c6yyQSuoQMJVUhuIy07mqEN7w98cK0U="},"indexInfo":{"baseKey":"BboytE1FbrL3TwGDSaUy70V1n+NX8HyuzAnMWcElZStp","baseKeyType":1,"closed":-1,"used":1756370704777,"created":1756370704777,"remoteIdentityKey":"Bc+DPNlk7k4+OyK4vZP5qBDQ93UzhjA2CBr1D8JLintK"},"_chains":{"Bb/NbXeyG+Dm4ENbgBpGhw5fovuVhV6F52k6VDGgkwJ5":{"chainKey":{"counter":1,"key":"aTzkdFBfSpEQ6VopgveZtBzYS2vLwssRWnPSfU0Uscw="},"chainType":1,"messageKeys":{}}},"pendingPreKey":{"signedKeyId":1,"baseKey":"BboytE1FbrL3TwGDSaUy70V1n+NX8HyuzAnMWcElZStp","preKeyId":812}}},"version":"v1"}