{"_sessions":{"BRw4cyKmqIew2lI8fan/8fGdFkqGMSJLQdNngp6rL/kV":{"registrationId":1146603460,"currentRatchet":{"ephemeralKeyPair":{"pubKey":"BW/nanlk3mkuBfTshNgiV/r00/Ce5LwsqNJncUouImBV","privKey":"+HwPNOJkGfleTUEWF2rONGcxn00onTaUP+cHDCf6D38="},"lastRemoteEphemeralKey":"BSzOsZuA2trv9vfU91FoXG5PNs8q44ddHSz+Jm34z49y","previousCounter":0,"rootKey":"Qm/DhGxaoe5dokMkCtn32Xtq1Ky+D75ZUv5iogWJiCc="},"indexInfo":{"baseKey":"BRw4cyKmqIew2lI8fan/8fGdFkqGMSJLQdNngp6rL/kV","baseKeyType":2,"closed":-1,"used":1756306962268,"created":1756306962268,"remoteIdentityKey":"BVBqFVGC5LqJH6aL7YlRi+iYtE+pnluad5pQGRQ7ebFn"},"_chains":{"BSzOsZuA2trv9vfU91FoXG5PNs8q44ddHSz+Jm34z49y":{"chainKey":{"counter":2,"key":"ZU5MmY4aDTh9I8Uftcvqa5wAdAeSAHp2aPMfRkrOMZg="},"chainType":2,"messageKeys":{}},"BW/nanlk3mkuBfTshNgiV/r00/Ce5LwsqNJncUouImBV":{"chainKey":{"counter":-1,"key":"oNrzAQM+Ha9TLL+mr/tpDJ/Oaooak06nQ+ToNcWgo1s="},"chainType":1,"messageKeys":{}}}}},"version":"v1"}