{"_sessions":{"BYGqamKCZrN0SU4EFfr5X29wFeEu8VMM97T6ff8CG100":{"registrationId":204299659,"currentRatchet":{"ephemeralKeyPair":{"pubKey":"BZnUJ2YXv3dC9V6X89JQjWtXqQHbhwjubkjFgQAeEy8m","privKey":"6Kk/rZQEj968Tn7gQjvcZXw09Eg3FFGH6htGOEKEK0Y="},"lastRemoteEphemeralKey":"BWxHWdYTekMCm3YbxPzHY8pFjT0OSifKx1f27+Nh37tG","previousCounter":0,"rootKey":"Ndh9mqHYPPGZJtFMvTGu6Woa33JzmL3HQigFFt5lGkc="},"indexInfo":{"baseKey":"BYGqamKCZrN0SU4EFfr5X29wFeEu8VMM97T6ff8CG100","baseKeyType":1,"closed":-1,"used":1756158052583,"created":1756158052583,"remoteIdentityKey":"BaT75K6/ab4z5o/2yUE2of6PvxifyqMgQJWztIQS1nYW"},"_chains":{"BZnUJ2YXv3dC9V6X89JQjWtXqQHbhwjubkjFgQAeEy8m":{"chainKey":{"counter":5,"key":"XFk/ptN0w0JD8D37Z9EOlmjC3KDo3idDdwXQaTvc1bM="},"chainType":1,"messageKeys":{}}},"pendingPreKey":{"signedKeyId":10722357,"baseKey":"BYGqamKCZrN0SU4EFfr5X29wFeEu8VMM97T6ff8CG100","preKeyId":1445}}},"version":"v1"}