{"_sessions":{"BTmXK+OLUyIcfMl1OlaH3JqejbyGl1CWgjwR+o2voaBI":{"registrationId":540115281,"currentRatchet":{"ephemeralKeyPair":{"pubKey":"Bc2VrpU0+tkyCsTLtcH7kiiJ3vsfgaCbc2IAy3faX7A+","privKey":"kPOBCcaoK1QcM3Kjcj5GN4a9QzOkIopwRldjG3gwtWg="},"lastRemoteEphemeralKey":"BTekg81U/RcDBcJP+WsgSbTXvKQ/pY+dGUk0/YgcQRVD","previousCounter":0,"rootKey":"kxo6B6V3gqG3AfmYmOIgFPmEdjC1IJZf1N6Qsm4Kqk0="},"indexInfo":{"baseKey":"BTmXK+OLUyIcfMl1OlaH3JqejbyGl1CWgjwR+o2voaBI","baseKeyType":2,"closed":-1,"used":1756368241912,"created":1756368241912,"remoteIdentityKey":"BYs4YSUuYN0xT47N6F1KdxUm9MxBYEzmUJIXVNcrtK9Y"},"_chains":{"BTekg81U/RcDBcJP+WsgSbTXvKQ/pY+dGUk0/YgcQRVD":{"chainKey":{"counter":1,"key":"OsF4HSaGd2l5Vp5Zta0r021MMpkBzJIs8nP1g1OYdck="},"chainType":2,"messageKeys":{}},"Bc2VrpU0+tkyCsTLtcH7kiiJ3vsfgaCbc2IAy3faX7A+":{"chainKey":{"counter":-1,"key":"yLuqk9v+Qp44/zQNf5ZbrQCc70gj35TehOUQq9v/58w="},"chainType":1,"messageKeys":{}}}}},"version":"v1"}