{"_sessions":{"BUVj3Hp/XeVLHffOz5GEZim+sjLdsDqHWnzn6g66EzcK":{"registrationId":1347717369,"currentRatchet":{"ephemeralKeyPair":{"pubKey":"BeLm4oZlNtDUCGHCHPxGTC2p8aSEeoyO2+CTVSQscFYm","privKey":"0KVjv29l9XIrNoPcUnZAYBp0lkANu9CrOZUkeuITLEg="},"lastRemoteEphemeralKey":"BVlcq4sExtlrZuI/uBO1ABd5yPE87pskUd06e57DHjsJ","previousCounter":0,"rootKey":"PNqY5VkoEHvIXWaETz8yJUZKfK8ObeyFgxE72X8tyu8="},"indexInfo":{"baseKey":"BUVj3Hp/XeVLHffOz5GEZim+sjLdsDqHWnzn6g66EzcK","baseKeyType":1,"closed":-1,"used":1756158052576,"created":1756158052576,"remoteIdentityKey":"BX90ekQI4bhpfPp/w4kH6ZJbPmVj7647wGdJsjGUkTVq"},"_chains":{"BeLm4oZlNtDUCGHCHPxGTC2p8aSEeoyO2+CTVSQscFYm":{"chainKey":{"counter":5,"key":"ybT0NOTfZJUtTji8PyGqkKN3cCfI2j0IOW4dhhbyrU8="},"chainType":1,"messageKeys":{}}},"pendingPreKey":{"signedKeyId":9668322,"baseKey":"BUVj3Hp/XeVLHffOz5GEZim+sjLdsDqHWnzn6g66EzcK","preKeyId":2422}}},"version":"v1"}