{"_sessions":{"BYLDBa4a+cA/dfomXjzOhku1NpHcJA8tGN48sQIxp1Up":{"registrationId":2143832036,"currentRatchet":{"ephemeralKeyPair":{"pubKey":"BYNuc8ybJaP3DAVE1EO31ZMzGkacRHwTxybXnSp5IlNW","privKey":"KAKFdCHGbvzbd3+Xy39mfW3bjCc63xhUxdu4HFNq/H0="},"lastRemoteEphemeralKey":"BYl3sKNrQFeDYf3YituOqOGiwSXA2EABJ+pQoYZQbj0d","previousCounter":0,"rootKey":"cZv7Z34uuR1VMmvLNeyV62FCQutReRurp7knvy2AGGY="},"indexInfo":{"baseKey":"BYLDBa4a+cA/dfomXjzOhku1NpHcJA8tGN48sQIxp1Up","baseKeyType":1,"closed":-1,"used":1756158052263,"created":1756158052263,"remoteIdentityKey":"BXoeXHe6kXTS1gvz+nYLXCDBXqhpP2KJCtc7eWP3SoxR"},"_chains":{"BYNuc8ybJaP3DAVE1EO31ZMzGkacRHwTxybXnSp5IlNW":{"chainKey":{"counter":5,"key":"4hIbOzRWDH4Ww/MFWHJTe10jVTmksJYK4fmTWnBO9sQ="},"chainType":1,"messageKeys":{}}},"pendingPreKey":{"signedKeyId":13571512,"baseKey":"BYLDBa4a+cA/dfomXjzOhku1NpHcJA8tGN48sQIxp1Up","preKeyId":1049}}},"version":"v1"}