{"_sessions":{"BShwEuhyhheETVoDHi/uO+6rKmTU0x7QfegOK569/NYk":{"registrationId":1509466282,"currentRatchet":{"ephemeralKeyPair":{"pubKey":"BWnoLQa7FtW2yacw9ncg4mZhYEUZb0sArhbNksdxawww","privKey":"YFaMPtz+0tAtZYtETvXaBhpU9fjLbxoDg0u5YVYlCEc="},"lastRemoteEphemeralKey":"BZcf3dbDq1RJJ25xoyIgIw7tjSH8Byx8QBzCmijnKVQY","previousCounter":0,"rootKey":"RXJClhMM7/M22urghFJDNEPCZACyAVXg38u54ACAmuA="},"indexInfo":{"baseKey":"BShwEuhyhheETVoDHi/uO+6rKmTU0x7QfegOK569/NYk","baseKeyType":1,"closed":-1,"used":1756158052275,"created":1756158052275,"remoteIdentityKey":"BRf6Mk+eyoYPGGzdTVy/TymN4+gVzlsQQq9Bsx3d7jA5"},"_chains":{"BWnoLQa7FtW2yacw9ncg4mZhYEUZb0sArhbNksdxawww":{"chainKey":{"counter":5,"key":"kFxEXRrQ827/+qgQGlCuu7IL1UhCVizMJaUtqa5Mj6w="},"chainType":1,"messageKeys":{}}},"pendingPreKey":{"signedKeyId":30,"baseKey":"BShwEuhyhheETVoDHi/uO+6rKmTU0x7QfegOK569/NYk","preKeyId":1140}}},"version":"v1"}