{"_sessions":{"BRYLue8AXHf6RTYPwzjwSjtbsMZJTwWy0Oo3yz0DCpF+":{"registrationId":7062,"currentRatchet":{"ephemeralKeyPair":{"pubKey":"BTYJ3hvDO7yBCdQRo+6XNDPnf5G06SNbu9IhQSSaRCss","privKey":"SIQ347ecczQwdW6IB5Kz1DeEWCVLXK1PfhrTLCHaRmk="},"lastRemoteEphemeralKey":"BfmjzjXAys+v/PFzJan4FcSOAtQ/AcF4wLu9cRH7vqZO","previousCounter":0,"rootKey":"afBi270PvGo665+EiUEipUXCjC+3gGyliUXcm3aaseU="},"indexInfo":{"baseKey":"BRYLue8AXHf6RTYPwzjwSjtbsMZJTwWy0Oo3yz0DCpF+","baseKeyType":1,"closed":-1,"used":1756158052383,"created":1756158052383,"remoteIdentityKey":"BTwh6QuYC3BAXXLAE5La81ZRcTY/OhCRczV79Sq2biIZ"},"_chains":{"BTYJ3hvDO7yBCdQRo+6XNDPnf5G06SNbu9IhQSSaRCss":{"chainKey":{"counter":4,"key":"SVU/uF0IdBpfaCuwyeG44fkchV90Isz9++G15dpJKkc="},"chainType":1,"messageKeys":{}}},"pendingPreKey":{"signedKeyId":1,"baseKey":"BRYLue8AXHf6RTYPwzjwSjtbsMZJTwWy0Oo3yz0DCpF+","preKeyId":726}}},"version":"v1"}