{"_sessions":{"BVrufqkDlXJW0jIoqtRi8xIKyGDZ3U+lnGvUaSQaAIoK":{"registrationId":251483666,"currentRatchet":{"ephemeralKeyPair":{"pubKey":"BZAJ4Wy8IDbnkQ6ANCwYn6YcpRlt4J2i0p80jVj2EWwu","privKey":"aBxz61Ea6FAhZQVoCzumqXXnBCpQliLt7R47Mphni1Y="},"lastRemoteEphemeralKey":"BYkpabCR9K8GpSe6MGtMX03mVvaXsLPCaJEjQa61lc58","previousCounter":0,"rootKey":"RyYS9OGci6Nojp7qKheuWqr4JdByUVIWlvy3aLKHPw4="},"indexInfo":{"baseKey":"BVrufqkDlXJW0jIoqtRi8xIKyGDZ3U+lnGvUaSQaAIoK","baseKeyType":1,"closed":-1,"used":1756158052456,"created":1756158052456,"remoteIdentityKey":"Bbd4z5OggH2qlt5mnXS6xFX4qr8m/QHznc/s5NrtHKd2"},"_chains":{"BZAJ4Wy8IDbnkQ6ANCwYn6YcpRlt4J2i0p80jVj2EWwu":{"chainKey":{"counter":5,"key":"CRPZHIAcQ3uW+AqvKKP/badFh71f1YjK5Spa/tltKsw="},"chainType":1,"messageKeys":{}}},"pendingPreKey":{"signedKeyId":36,"baseKey":"BVrufqkDlXJW0jIoqtRi8xIKyGDZ3U+lnGvUaSQaAIoK","preKeyId":13096050}}},"version":"v1"}