{"_sessions":{"BWfMwa3ReYXoBceZTBiR0H9EA5p2CfaYeRLzMfBH7Xkk":{"registrationId":6706,"currentRatchet":{"ephemeralKeyPair":{"pubKey":"BZpE+bv43bgUrdC0CTExeG0f2HAVAiPGsdj8RdIqcPw0","privKey":"0BSzL5Mfhgnsf0FUPbOxTC01BCFJRL/Cwr91AewhtWo="},"lastRemoteEphemeralKey":"BdPc2jJON2njICt0D6DfE2MoUgOOSDMnL0u8u57saMM2","previousCounter":0,"rootKey":"/f0GcXgdO/pAzRSSXWC14Jun5IAJScni27Vsd3Khvpo="},"indexInfo":{"baseKey":"BWfMwa3ReYXoBceZTBiR0H9EA5p2CfaYeRLzMfBH7Xkk","baseKeyType":1,"closed":-1,"used":1756158052337,"created":1756158052337,"remoteIdentityKey":"BVE2BZW1lZe6F7cxq7nVZqGP8G6aDM+8eG+MOZTKXxQX"},"_chains":{"BZpE+bv43bgUrdC0CTExeG0f2HAVAiPGsdj8RdIqcPw0":{"chainKey":{"counter":5,"key":"YiwLkOCl8Grd/iqBKinu9E0P7pkaWUI5ypE8TPzZSc0="},"chainType":1,"messageKeys":{}}},"pendingPreKey":{"signedKeyId":1,"baseKey":"BWfMwa3ReYXoBceZTBiR0H9EA5p2CfaYeRLzMfBH7Xkk","preKeyId":501}}},"version":"v1"}